Time,SerialNumber,DataType,Bias,Current,MotorPos,PiezoPos,+ep,-ep
1716.910,171691,2,0.0,-92576782,6893,9235,0.0,0.0
1716.920,171692,2,0.0,-51047985,6893,9235,0.0,0.0
1716.930,171693,2,0.0,-34323810,6893,9235,0.0,0.0
1716.940,171694,2,0.0,-31702716,6893,9235,0.0,0.0
1716.950,171695,2,0.0,-42325705,6893,9235,0.0,0.0
1716.960,171696,2,0.0,-20698364,6893,9235,0.0,0.0
1716.970,171697,2,0.0,-10486029,6893,9235,0.0,0.0
1716.980,171698,2,0.0,-20013000,6893,9235,0.0,0.0
1716.990,171699,2,0.0,-32366862,6893,9235,0.0,0.0
1717.000,171700,2,0.0,-15152771,6893,9235,0.0,0.0
1717.010,171701,2,0.0,-36680728,6893,9235,0.0,0.0
1717.020,171702,2,0.0,-20801080,6893,9235,0.0,0.0
1717.030,171703,2,0.0,-13851888,6893,9235,0.0,0.0
1717.040,171704,2,0.0,-50683854,6893,9235,0.0,0.0
1717.050,171705,2,0.0,-5342239,6893,9235,0.0,0.0
1717.060,171706,2,0.0,-6695351,6893,9235,0.0,0.0
1717.070,171707,2,0.0,-18903445,6893,9235,0.0,0.0
1717.080,171708,2,0.0,-10935309,6893,9235,0.0,0.0
1717.090,171709,2,0.0,-19978388,6893,9235,0.0,0.0
1717.100,171710,2,0.0,-17241370,6893,9235,0.0,0.0
1717.110,171711,2,0.0,-2264190,6893,9235,0.0,0.0
1717.120,171712,2,0.0,-16128798,6893,9235,0.0,0.0
1717.130,171713,2,0.0,-31667286,6893,9235,0.0,0.0
1717.140,171714,2,0.0,-2628680,6893,9235,0.0,0.0
1717.150,171715,2,0.0,7096760,6893,9235,0.0,0.0
1717.160,171716,2,0.0,17116409,6893,9235,0.0,0.0
1717.170,171717,2,0.0,-27227851,6893,9235,0.0,0.0
1717.180,171718,2,0.0,-26135648,6893,9235,0.0,0.0
1717.190,171719,2,0.0,456835,6893,9235,0.0,0.0
1717.200,171720,2,0.0,24154078,6893,9235,0.0,0.0
1717.210,171721,2,0.0,-29597743,6893,9235,0.0,0.0
1717.220,171722,2,0.0,-5053346,6893,9235,0.0,0.0
1717.230,171723,2,0.0,-2961339,6893,9235,0.0,0.0
1717.240,171724,2,0.0,-15911885,6893,9235,0.0,0.0
1717.250,171725,2,0.0,-19548658,6893,9235,0.0,0.0
1717.260,171726,2,0.0,-6661526,6893,9235,0.0,0.0
1717.270,171727,2,0.0,12865395,6893,9235,0.0,0.0
1717.280,171728,2,0.0,-20730671,6893,9235,0.0,0.0
1717.290,171729,2,0.0,-8935479,6893,9235,0.0,0.0
1717.300,171730,2,0.0,23835936,6893,9235,0.0,0.0
1717.310,171731,2,0.0,-15776094,6893,9235,0.0,0.0
1717.320,171732,2,0.0,14696239,6893,9235,0.0,0.0
1717.330,171733,2,0.0,19010637,6893,9235,0.0,0.0
1717.340,171734,2,0.0,-15112846,6893,9235,0.0,0.0
1717.350,171735,2,0.0,-5041073,6893,9235,0.0,0.0
1717.360,171736,2,0.0,-5460219,6893,9235,0.0,0.0
1717.370,171737,2,0.0,-14813732,6893,9235,0.0,0.0
1717.380,171738,2,0.0,19793168,6893,9235,0.0,0.0
1717.390,171739,2,0.0,6594204,6893,9235,0.0,0.0
1717.400,171740,2,0.0,2953993,6893,9235,0.0,0.0
1717.410,171741,2,0.0,-134036,6893,9235,0.0,0.0
1717.420,171742,2,0.0,-21620809,6893,9235,0.0,0.0
1717.430,171743,2,0.0,-19302566,6893,9235,0.0,0.0
1717.440,171744,2,0.0,-26048914,6893,9235,0.0,0.0
1717.450,171745,2,0.0,1965944,6893,9235,0.0,0.0
1717.460,171746,2,0.0,-22003993,6893,9235,0.0,0.0
1717.470,171747,2,0.0,11535943,6893,9235,0.0,0.0
1717.480,171748,2,0.0,-5253634,6893,9235,0.0,0.0
1717.490,171749,2,0.0,-6684225,6893,9235,0.0,0.0
1717.500,171750,2,0.0,2883447,6893,9235,0.0,0.0
1717.510,171751,2,0.0,-12980416,6893,9235,0.0,0.0
1717.520,171752,2,0.0,7306616,6893,9235,0.0,0.0
1717.530,171753,2,0.0,-29978148,6893,9235,0.0,0.0
1717.540,171754,2,0.0,-32839304,6893,9235,0.0,0.0
1717.550,171755,2,0.0,14085738,6893,9235,0.0,0.0
1717.560,171756,2,0.0,-14406347,6893,9235,0.0,0.0
1717.570,171757,2,0.0,13376127,6893,9235,0.0,0.0
1717.580,171758,2,0.0,-15764322,6893,9235,0.0,0.0
1717.590,171759,2,0.0,2671564,6893,9235,0.0,0.0
1717.600,171760,2,0.0,16930951,6893,9235,0.0,0.0
1717.610,171761,2,0.0,-1093655,6893,9235,0.0,0.0
1717.620,171762,2,0.0,-1037938,6893,9235,0.0,0.0
1717.630,171763,2,0.0,-7513639,6893,9235,0.0,0.0
1717.640,171764,2,0.0,-23482744,6893,9235,0.0,0.0
1717.650,171765,2,0.0,11809671,6893,9235,0.0,0.0
1717.660,171766,2,0.0,7035039,6893,9235,0.0,0.0
1717.670,171767,2,0.0,-3928819,6893,9235,0.0,0.0
1717.680,171768,2,0.0,-10964541,6893,9235,0.0,0.0
1717.690,171769,2,0.0,-8793256,6893,9235,0.0,0.0
1717.700,171770,2,0.0,-3813517,6893,9235,0.0,0.0
1717.710,171771,2,0.0,10978537,6893,9235,0.0,0.0
1717.720,171772,2,0.0,-10072046,6893,9235,0.0,0.0
1717.730,171773,2,0.0,8390600,6893,9235,0.0,0.0
1717.740,171774,2,0.0,-4085077,6893,9235,0.0,0.0
1717.750,171775,2,0.0,-21972866,6893,9235,0.0,0.0
1717.760,171776,2,0.0,14683785,6893,9235,0.0,0.0
1717.770,171777,2,0.0,-1716906,6893,9235,0.0,0.0
1717.780,171778,2,0.0,-31529737,6893,9235,0.0,0.0
1717.790,171779,2,0.0,13491545,6893,9235,0.0,0.0
1717.800,171780,2,0.0,3462264,6893,9235,0.0,0.0
1717.810,171781,2,0.0,-22283248,6893,9235,0.0,0.0
1717.820,171782,2,0.0,-20691131,6893,9235,0.0,0.0
1717.830,171783,2,0.0,-15082527,6893,9235,0.0,0.0
1717.840,171784,2,0.0,10570576,6893,9235,0.0,0.0
1717.850,171785,2,0.0,-10486984,6893,9235,0.0,0.0
1717.860,171786,2,0.0,-9365538,6893,9235,0.0,0.0
1717.870,171787,2,0.0,2099802,6893,9235,0.0,0.0
1717.880,171788,2,0.0,-9971986,6893,9235,0.0,0.0
1717.890,171789,2,0.0,-20634659,6893,9235,0.0,0.0
1717.900,171790,2,0.0,-8526009,6893,9235,0.0,0.0
1717.910,171791,2,0.0,-471293,6893,9235,0.0,0.0
1717.920,171792,2,0.0,-4613320,6893,9235,0.0,0.0
1717.930,171793,2,0.0,-6310885,6893,9235,0.0,0.0
1717.940,171794,2,0.0,-7926942,6893,9235,0.0,0.0
1717.950,171795,2,0.0,34236804,6893,9235,0.0,0.0
1717.960,171796,2,0.0,-30166599,6893,9235,0.0,0.0
1717.970,171797,2,0.0,-16925656,6893,9235,0.0,0.0
1717.980,171798,2,0.0,9855757,6893,9235,0.0,0.0
1717.990,171799,2,0.0,20472545,6893,9235,0.0,0.0
1718.000,171800,2,0.0,-17209475,6893,9235,0.0,0.0
1718.010,171801,2,0.0,-22718022,6893,9235,0.0,0.0
1718.020,171802,2,0.0,11724766,6893,9235,0.0,0.0
1718.030,171803,2,0.0,-6766203,6893,9235,0.0,0.0
1718.040,171804,2,0.0,-5390356,6893,9235,0.0,0.0
1718.050,171805,2,0.0,967470,6893,9235,0.0,0.0
1718.060,171806,2,0.0,-3982021,6893,9235,0.0,0.0
1718.070,171807,2,0.0,8002563,6893,9235,0.0,0.0
1718.080,171808,2,0.0,-8348414,6893,9235,0.0,0.0
1718.090,171809,2,0.0,-27712479,6893,9235,0.0,0.0
1718.100,171810,2,0.0,-8022580,6893,9235,0.0,0.0
1718.110,171811,2,0.0,-16579656,6893,9235,0.0,0.0
1718.120,171812,2,0.0,1165402,6893,9235,0.0,0.0
1718.130,171813,2,0.0,-9449583,6893,9235,0.0,0.0
1718.140,171814,2,0.0,-19811364,6893,9235,0.0,0.0
1718.150,171815,2,0.0,9951070,6893,9235,0.0,0.0
1718.160,171816,2,0.0,92014,6893,9235,0.0,0.0
1718.170,171817,2,0.0,-775062,6893,9235,0.0,0.0
1718.180,171818,2,0.0,19932054,6893,9235,0.0,0.0
1718.190,171819,2,0.0,16215818,6893,9235,0.0,0.0
1718.200,171820,2,0.0,-3585674,6893,9235,0.0,0.0
1718.210,171821,2,0.0,419807,6893,9235,0.0,0.0
1718.220,171822,2,0.0,-5417373,6893,9235,0.0,0.0
1718.230,171823,2,0.0,12032627,6893,9235,0.0,0.0
1718.240,171824,2,0.1,-23253429,6893,9235,0.0,0.0
1718.250,171825,2,0.1,-11083808,6893,9235,0.0,0.0
1718.260,171826,2,0.1,-5181857,6893,9235,0.0,0.0
1718.270,171827,2,0.1,-9312455,6893,9235,0.0,0.0
1718.280,171828,2,0.1,-29662388,6893,9235,0.0,0.0
1718.290,171829,2,0.1,3177589,6893,9235,0.0,0.0
1718.300,171830,2,0.1,-2635894,6893,9235,0.0,0.0
1718.310,171831,2,0.1,-13503323,6893,9235,0.0,0.0
1718.320,171832,2,0.1,-18694182,6893,9235,0.0,0.0
1718.330,171833,2,0.1,-14153532,6893,9235,0.0,0.0
1718.340,171834,2,0.1,-17073628,6893,9235,0.0,0.0
1718.350,171835,2,0.1,-6843593,6893,9235,0.0,0.0
1718.360,171836,2,0.1,-21176722,6893,9235,0.0,0.0
1718.370,171837,2,0.1,17706718,6893,9235,0.0,0.0
1718.380,171838,2,0.1,-9673877,6893,9235,0.0,0.0
1718.390,171839,2,0.1,9503215,6893,9235,0.0,0.0
1718.400,171840,2,0.1,-12392603,6893,9235,0.0,0.0
1718.410,171841,2,0.1,18586287,6893,9235,0.0,0.0
1718.420,171842,2,0.1,-14267085,6893,9235,0.0,0.0
1718.430,171843,2,0.1,-423267,6893,9235,0.0,0.0
1718.440,171844,2,0.1,-27358956,6893,9235,0.0,0.0
1718.450,171845,2,0.1,19346459,6893,9235,0.0,0.0
1718.460,171846,2,0.1,3326619,6893,9235,0.0,0.0
1718.470,171847,2,0.1,9810733,6893,9235,0.0,0.0
1718.480,171848,2,0.1,-8477953,6893,9235,0.0,0.0
1718.490,171849,2,0.1,3109784,6893,9235,0.0,0.0
1718.500,171850,2,0.1,-583264,6893,9235,0.0,0.0
1718.510,171851,2,0.1,-3643680,6893,9235,0.0,0.0
1718.520,171852,2,0.1,6520394,6893,9235,0.0,0.0
1718.530,171853,2,0.1,-5715753,6893,9235,0.0,0.0
1718.540,171854,2,0.1,3080053,6893,9235,0.0,0.0
1718.550,171855,2,0.1,-16236134,6893,9235,0.0,0.0
1718.560,171856,2,0.1,20514470,6893,9235,0.0,0.0
1718.570,171857,2,0.1,-19175346,6893,9235,0.0,0.0
1718.580,171858,2,0.1,-9157763,6893,9235,0.0,0.0
1718.590,171859,2,0.1,-13208214,6893,9235,0.0,0.0
1718.600,171860,2,0.1,-24664783,6893,9235,0.0,0.0
1718.610,171861,2,0.1,1561216,6893,9235,0.0,0.0
1718.620,171862,2,0.1,-32415475,6893,9235,0.0,0.0
1718.630,171863,2,0.1,22702582,6893,9235,0.0,0.0
1718.640,171864,2,0.1,-4744037,6893,9235,0.0,0.0
1718.650,171865,2,0.1,4569382,6893,9235,0.0,0.0
1718.660,171866,2,0.1,10607216,6893,9235,0.0,0.0
1718.670,171867,2,0.1,-1208443,6893,9235,0.0,0.0
1718.680,171868,2,0.1,-5582299,6893,9235,0.0,0.0
1718.690,171869,2,0.1,25354146,6893,9235,0.0,0.0
1718.700,171870,2,0.1,-8887897,6893,9235,0.0,0.0
1718.710,171871,2,0.1,-2960752,6893,9235,0.0,0.0
1718.720,171872,2,0.1,18951225,6893,9235,0.0,0.0
1718.730,171873,2,0.1,13040677,6893,9235,0.0,0.0
1718.740,171874,2,0.1,18464652,6893,9235,0.0,0.0
1718.750,171875,2,0.1,20098043,6893,9235,0.0,0.0
1718.760,171876,2,0.1,11133202,6893,9235,0.0,0.0
1718.770,171877,2,0.1,-9982748,6893,9235,0.0,0.0
1718.780,171878,2,0.1,-14515195,6893,9235,0.0,0.0
1718.790,171879,2,0.1,-5954127,6893,9235,0.0,0.0
1718.800,171880,2,0.1,5590465,6893,9235,0.0,0.0
1718.810,171881,2,0.1,-9854217,6893,9235,0.0,0.0
1718.820,171882,2,0.1,24812207,6893,9235,0.0,0.0
1718.830,171883,2,0.1,-4421038,6893,9235,0.0,0.0
1718.840,171884,2,0.1,-7010710,6893,9235,0.0,0.0
1718.850,171885,2,0.1,-8691099,6893,9235,0.0,0.0
1718.860,171886,2,0.1,-14826435,6893,9235,0.0,0.0
1718.870,171887,2,0.1,-13536222,6893,9235,0.0,0.0
1718.880,171888,2,0.1,-20064900,6893,9235,0.0,0.0
1718.890,171889,2,0.1,-11751847,6893,9235,0.0,0.0
1718.900,171890,2,0.1,-3923242,6893,9235,0.0,0.0
1718.910,171891,2,0.1,-13305242,6893,9235,0.0,0.0
1718.920,171892,2,0.1,-4878433,6893,9235,0.0,0.0
1718.930,171893,2,0.1,-5797862,6893,9235,0.0,0.0
1718.940,171894,2,0.1,4615487,6893,9235,0.0,0.0
1718.950,171895,2,0.1,31820471,6893,9235,0.0,0.0
1718.960,171896,2,0.1,6919068,6893,9235,0.0,0.0
1718.970,171897,2,0.1,-10874668,6893,9235,0.0,0.0
1718.980,171898,2,0.1,-9568311,6893,9235,0.0,0.0
1718.990,171899,2,0.1,31787228,6893,9235,0.0,0.0
1719.000,171900,2,0.1,22156560,6893,9235,0.0,0.0
1719.010,171901,2,0.1,4298219,6893,9235,0.0,0.0
1719.020,171902,2,0.1,3472736,6893,9235,0.0,0.0
1719.030,171903,2,0.1,1608791,6893,9235,0.0,0.0
1719.040,171904,2,0.1,-4208713,6893,9235,0.0,0.0
1719.050,171905,2,0.1,-16954045,6893,9235,0.0,0.0
1719.060,171906,2,0.1,20607621,6893,9235,0.0,0.0
1719.070,171907,2,0.1,-6410988,6893,9235,0.0,0.0
1719.080,171908,2,0.1,-17848239,6893,9235,0.0,0.0
1719.090,171909,2,0.1,-33704242,6893,9235,0.0,0.0
1719.100,171910,2,0.1,-28405055,6893,9235,0.0,0.0
1719.110,171911,2,0.1,20746977,6893,9235,0.0,0.0
1719.120,171912,2,0.1,10135984,6893,9235,0.0,0.0
1719.130,171913,2,0.1,-4475968,6893,9235,0.0,0.0
1719.140,171914,2,0.1,18889972,6893,9235,0.0,0.0
1719.150,171915,2,0.1,-18437091,6893,9235,0.0,0.0
1719.160,171916,2,0.1,-7128361,6893,9235,0.0,0.0
1719.170,171917,2,0.1,-5133990,6893,9235,0.0,0.0
1719.180,171918,2,0.1,5607604,6893,9235,0.0,0.0
1719.190,171919,2,0.1,-25244541,6893,9235,0.0,0.0
1719.200,171920,2,0.1,-7101652,6893,9235,0.0,0.0
1719.210,171921,2,0.1,10674420,6893,9235,0.0,0.0
1719.220,171922,2,0.1,-425478,6893,9235,0.0,0.0
1719.230,171923,2,0.1,-1275701,6893,9235,0.0,0.0
1719.240,171924,2,0.1,-12229585,6893,9235,0.0,0.0
1719.250,171925,2,0.1,6976038,6893,9235,0.0,0.0
1719.260,171926,2,0.1,-14978913,6893,9235,0.0,0.0
1719.270,171927,2,0.1,-30119512,6893,9235,0.0,0.0
1719.280,171928,2,0.1,28171725,6893,9235,0.0,0.0
1719.290,171929,2,0.1,8426343,6893,9235,0.0,0.0
1719.300,171930,2,0.1,-16613557,6893,9235,0.0,0.0
1719.310,171931,2,0.1,3456523,6893,9235,0.0,0.0
1719.320,171932,2,0.1,30489822,6893,9235,0.0,0.0
1719.330,171933,2,0.1,-12597810,6893,9235,0.0,0.0
1719.340,171934,2,0.1,-4954914,6893,9235,0.0,0.0
1719.350,171935,2,0.1,11170049,6893,9235,0.0,0.0
1719.360,171936,2,0.1,-3919634,6893,9235,0.0,0.0
1719.370,171937,2,0.1,9591234,6893,9235,0.0,0.0
1719.380,171938,2,0.1,-21804644,6893,9235,0.0,0.0
1719.390,171939,2,0.1,-12967572,6893,9235,0.0,0.0
1719.400,171940,2,0.1,11060657,6893,9235,0.0,0.0
1719.410,171941,2,0.1,13916788,6893,9235,0.0,0.0
1719.420,171942,2,0.1,-12072839,6893,9235,0.0,0.0
1719.430,171943,2,0.1,30205134,6893,9235,0.0,0.0
1719.440,171944,2,0.1,-12766582,6893,9235,0.0,0.0
1719.450,171945,2,0.1,7861421,6893,9235,0.0,0.0
1719.460,171946,2,0.1,-10978408,6893,9235,0.0,0.0
1719.470,171947,2,0.1,3458911,6893,9235,0.0,0.0
1719.480,171948,2,0.1,2851598,6893,9235,0.0,0.0
1719.490,171949,2,0.1,-10110738,6893,9235,0.0,0.0
1719.500,171950,2,0.1,-7347233,6893,9235,0.0,0.0
1719.510,171951,2,0.1,12299602,6893,9235,0.0,0.0
1719.520,171952,2,0.1,-19426048,6893,9235,0.0,0.0
1719.530,171953,2,0.1,4306755,6893,9235,0.0,0.0
1719.540,171954,2,0.1,-24897731,6893,9235,0.0,0.0
1719.550,171955,2,0.1,-2916005,6893,9235,0.0,0.0
1719.560,171956,2,0.1,-9829310,6893,9235,0.0,0.0
1719.570,171957,2,0.1,2695026,6893,9235,0.0,0.0
1719.580,171958,2,0.1,-23532497,6893,9235,0.0,0.0
1719.590,171959,2,0.1,-6300333,6893,9235,0.0,0.0
1719.600,171960,2,0.1,561707,6893,9235,0.0,0.0
1719.610,171961,2,0.1,-1826854,6893,9235,0.0,0.0
1719.620,171962,2,0.1,-14870266,6893,9235,0.0,0.0
1719.630,171963,2,0.1,12810087,6893,9235,0.0,0.0
1719.640,171964,2,0.1,9299502,6893,9235,0.0,0.0
1719.650,171965,2,0.1,-5266385,6893,9235,0.0,0.0
1719.660,171966,2,0.1,6845907,6893,9235,0.0,0.0
1719.670,171967,2,0.1,21336225,6893,9235,0.0,0.0
1719.680,171968,2,0.1,-16900977,6893,9235,0.0,0.0
1719.690,171969,2,0.1,9906091,6893,9235,0.0,0.0
1719.700,171970,2,0.1,-1632377,6893,9235,0.0,0.0
1719.710,171971,2,0.1,2880994,6893,9235,0.0,0.0
1719.720,171972,2,0.1,-35266092,6893,9235,0.0,0.0
1719.730,171973,2,0.1,-14758796,6893,9235,0.0,0.0
1719.740,171974,2,0.1,-5423545,6893,9235,0.0,0.0
1719.750,171975,2,0.1,8735352,6893,9235,0.0,0.0
1719.760,171976,2,0.1,7870960,6893,9235,0.0,0.0
1719.770,171977,2,0.1,26279775,6893,9235,0.0,0.0
1719.780,171978,2,0.1,7187704,6893,9235,0.0,0.0
1719.790,171979,2,0.1,-16060659,6893,9235,0.0,0.0
1719.800,171980,2,0.1,-16816500,6893,9235,0.0,0.0
1719.810,171981,2,0.1,-10748450,6893,9235,0.0,0.0
1719.820,171982,2,0.1,893938,6893,9235,0.0,0.0
1719.830,171983,2,0.1,6113118,6893,9235,0.0,0.0
1719.840,171984,2,0.1,14935326,6893,9235,0.0,0.0
1719.850,171985,2,0.1,-10851793,6893,9235,0.0,0.0
1719.860,171986,2,0.1,17023647,6893,9235,0.0,0.0
1719.870,171987,2,0.1,-34577300,6893,9235,0.0,0.0
1719.880,171988,2,0.1,-40979392,6893,9235,0.0,0.0
1719.890,171989,2,0.1,-33423815,6893,9235,0.0,0.0
1719.900,171990,2,0.1,-8096045,6893,9235,0.0,0.0
1719.910,171991,2,0.1,19380322,6893,9235,0.0,0.0
1719.920,171992,2,0.1,-13454569,6893,9235,0.0,0.0
1719.930,171993,2,0.1,-18906155,6893,9235,0.0,0.0
1719.940,171994,2,0.1,-17825166,6893,9235,0.0,0.0
1719.950,171995,2,0.1,-6976602,6893,9235,0.0,0.0
1719.960,171996,2,0.1,-2001859,6893,9235,0.0,0.0
1719.970,171997,2,0.1,29551667,6893,9235,0.0,0.0
1719.980,171998,2,0.1,6699673,6893,9235,0.0,0.0
1719.990,171999,2,0.1,4700967,6893,9235,0.0,0.0
1720.000,172000,2,0.1,-14818408,6893,9235,0.0,0.0
1720.010,172001,2,0.1,-11542739,6893,9235,0.0,0.0
1720.020,172002,2,0.1,-14099215,6893,9235,0.0,0.0
1720.030,172003,2,0.1,21493563,6893,9235,0.0,0.0
1720.040,172004,2,0.1,24446034,6893,9235,0.0,0.0
1720.050,172005,2,0.1,-2537167,6893,9235,0.0,0.0
1720.060,172006,2,0.1,-28316985,6893,9235,0.0,0.0
1720.070,172007,2,0.1,-14014187,6893,9235,0.0,0.0
1720.080,172008,2,0.1,-8711143,6893,9235,0.0,0.0
1720.090,172009,2,0.1,-10718512,6893,9235,0.0,0.0
1720.100,172010,2,0.1,-19524553,6893,9235,0.0,0.0
1720.110,172011,2,0.1,-8506019,6893,9235,0.0,0.0
1720.120,172012,2,0.1,-23180791,6893,9235,0.0,0.0
1720.130,172013,2,0.1,-27284188,6893,9235,0.0,0.0
1720.140,172014,2,0.1,-9523144,6893,9235,0.0,0.0
1720.150,172015,2,0.1,-11371883,6893,9235,0.0,0.0
1720.160,172016,2,0.1,2510122,6893,9235,0.0,0.0
1720.170,172017,2,0.1,-13140533,6893,9235,0.0,0.0
1720.180,172018,2,0.1,-19358073,6893,9235,0.0,0.0
1720.190,172019,2,0.1,18481133,6893,9235,0.0,0.0
1720.200,172020,2,0.1,-1244225,6893,9235,0.0,0.0
1720.210,172021,2,0.1,15517559,6893,9235,0.0,0.0
1720.220,172022,2,0.1,9792465,6893,9235,0.0,0.0
1720.230,172023,2,0.1,-25470272,6893,9235,0.0,0.0
1720.240,172024,2,0.1,-16696709,6893,9235,0.0,0.0
1720.250,172025,2,0.1,1740498,6893,9235,0.0,0.0
1720.260,172026,2,0.1,-21176219,6893,9235,0.0,0.0
1720.270,172027,2,0.1,24695121,6893,9235,0.0,0.0
1720.280,172028,2,0.1,-9327914,6893,9235,0.0,0.0
1720.290,172029,2,0.1,-20462467,6893,9235,0.0,0.0
1720.300,172030,2,0.1,-1073383,6893,9235,0.0,0.0
1720.310,172031,2,0.1,1751162,6893,9235,0.0,0.0
1720.320,172032,2,0.1,-3918497,6893,9235,0.0,0.0
1720.330,172033,2,0.1,-18754703,6893,9235,0.0,0.0
1720.340,172034,2,0.1,1131555,6893,9235,0.0,0.0
1720.350,172035,2,0.1,-15772732,6893,9235,0.0,0.0
1720.360,172036,2,0.1,16439407,6893,9235,0.0,0.0
1720.370,172037,2,0.1,-8306176,6893,9235,0.0,0.0
1720.380,172038,2,0.1,-13230364,6893,9235,0.0,0.0
1720.390,172039,2,0.1,9759872,6893,9235,0.0,0.0
1720.400,172040,2,0.1,-552073,6893,9235,0.0,0.0
1720.410,172041,2,0.1,13602664,6893,9235,0.0,0.0
1720.420,172042,2,0.1,4040916,6893,9235,0.0,0.0
1720.430,172043,2,0.1,13517910,6893,9235,0.0,0.0
1720.440,172044,2,0.1,4848523,6893,9235,0.0,0.0
1720.450,172045,2,0.1,7459550,6893,9235,0.0,0.0
1720.460,172046,2,0.1,-13060109,6893,9235,0.0,0.0
1720.470,172047,2,0.1,5415912,6893,9235,0.0,0.0
1720.480,172048,2,0.1,-53770,6893,9235,0.0,0.0
1720.490,172049,2,0.1,-7216248,6893,9235,0.0,0.0
1720.500,172050,2,0.1,17119510,6893,9235,0.0,0.0
1720.510,172051,2,0.1,9377710,6893,9235,0.0,0.0
1720.520,172052,2,0.1,-20859592,6893,9235,0.0,0.0
1720.530,172053,2,0.1,-9463334,6893,9235,0.0,0.0
1720.540,172054,2,0.1,-13397561,6893,9235,0.0,0.0
1720.550,172055,2,0.1,20060370,6893,9235,0.0,0.0
1720.560,172056,2,0.1,-36211742,6893,9235,0.0,0.0
1720.570,172057,2,0.1,5377991,6893,9235,0.0,0.0
1720.580,172058,2,0.1,-25686031,6893,9235,0.0,0.0
1720.590,172059,2,0.1,-3353921,6893,9235,0.0,0.0
1720.600,172060,2,0.1,-16595344,6893,9235,0.0,0.0
1720.610,172061,2,0.1,19999383,6893,9235,0.0,0.0
1720.620,172062,2,0.1,22422254,6893,9235,0.0,0.0
1720.630,172063,2,0.1,15875097,6893,9235,0.0,0.0
1720.640,172064,2,0.1,-4277909,6893,9235,0.0,0.0
1720.650,172065,2,0.1,-11951051,6893,9235,0.0,0.0
1720.660,172066,2,0.1,-10104288,6893,9235,0.0,0.0
1720.670,172067,2,0.1,-19141886,6893,9235,0.0,0.0
1720.680,172068,2,0.1,4454215,6893,9235,0.0,0.0
1720.690,172069,2,0.1,-15646571,6893,9235,0.0,0.0
1720.700,172070,2,0.1,-15001589,6893,9235,0.0,0.0
1720.710,172071,2,0.1,825587,6893,9235,0.0,0.0
1720.720,172072,2,0.1,-7368900,6893,9235,0.0,0.0
1720.730,172073,2,0.1,3060307,6893,9235,0.0,0.0
1720.740,172074,2,0.1,-863092,6893,9235,0.0,0.0
1720.750,172075,2,0.1,16251702,6893,9235,0.0,0.0
1720.760,172076,2,0.1,-949071,6893,9235,0.0,0.0
1720.770,172077,2,0.1,-625046,6893,9235,0.0,0.0
1720.780,172078,2,0.1,1275721,6893,9235,0.0,0.0
1720.790,172079,2,0.1,-30366010,6893,9235,0.0,0.0
1720.800,172080,2,0.1,7062992,6893,9235,0.0,0.0
1720.810,172081,2,0.1,-3315168,6893,9235,0.0,0.0
1720.820,172082,2,0.1,1010603,6893,9235,0.0,0.0
1720.830,172083,2,0.1,-37591094,6893,9235,0.0,0.0
1720.840,172084,2,0.1,-24789712,6893,9235,0.0,0.0
1720.850,172085,2,0.1,11392444,6893,9235,0.0,0.0
1720.860,172086,2,0.1,4132079,6893,9235,0.0,0.0
1720.870,172087,2,0.1,-19225125,6893,9235,0.0,0.0
1720.880,172088,2,0.1,-7988374,6893,9235,0.0,0.0
1720.890,172089,2,0.1,-15434730,6893,9235,0.0,0.0
1720.900,172090,2,0.1,38018007,6893,9235,0.0,0.0
1720.910,172091,2,0.1,-12412731,6893,9235,0.0,0.0
1720.920,172092,2,0.1,-7698928,6893,9235,0.0,0.0
1720.930,172093,2,0.1,-18238514,6893,9235,0.0,0.0
1720.940,172094,2,0.1,-21753686,6893,9235,0.0,0.0
1720.950,172095,2,0.1,-23422498,6893,9235,0.0,0.0
1720.960,172096,2,0.1,11776306,6893,9235,0.0,0.0
1720.970,172097,2,0.1,1940710,6893,9235,0.0,0.0
1720.980,172098,2,0.1,-9888682,6893,9235,0.0,0.0
1720.990,172099,2,0.1,-6602196,6893,9235,0.0,0.0
1721.000,172100,2,0.1,-24375204,6893,9235,0.0,0.0
1721.010,172101,2,0.1,9054620,6893,9235,0.0,0.0
1721.020,172102,2,0.1,-20585938,6893,9235,0.0,0.0
1721.030,172103,2,0.1,-5274032,6893,9235,0.0,0.0
1721.040,172104,2,0.1,-22268988,6893,9235,0.0,0.0
1721.050,172105,2,0.1,-5716511,6893,9235,0.0,0.0
1721.060,172106,2,0.1,-5059078,6893,9235,0.0,0.0
1721.070,172107,2,0.1,-11863109,6893,9235,0.0,0.0
1721.080,172108,2,0.1,31534325,6893,9235,0.0,0.0
1721.090,172109,2,0.1,13817528,6893,9235,0.0,0.0
1721.100,172110,2,0.1,7795137,6893,9235,0.0,0.0
1721.110,172111,2,0.1,10342445,6893,9235,0.0,0.0
1721.120,172112,2,0.1,7058674,6893,9235,0.0,0.0
1721.130,172113,2,0.1,-491358,6893,9235,0.0,0.0
1721.140,172114,2,0.1,-8400285,6893,9235,0.0,0.0
1721.150,172115,2,0.1,-2375385,6893,9235,0.0,0.0
1721.160,172116,2,0.1,21767017,6893,9235,0.0,0.0
1721.170,172117,2,0.1,-6687316,6893,9235,0.0,0.0
1721.180,172118,2,0.1,-13468623,6893,9235,0.0,0.0
1721.190,172119,2,0.1,-20059904,6893,9235,0.0,0.0
1721.200,172120,2,0.1,-20715824,6893,9235,0.0,0.0
1721.210,172121,2,0.1,-34617463,6893,9235,0.0,0.0
1721.220,172122,2,0.1,-38861952,6893,9235,0.0,0.0
1721.230,172123,2,0.1,7202013,6893,9235,0.0,0.0
1721.240,172124,2,0.1,6010852,6893,9235,0.0,0.0
1721.250,172125,2,0.1,-9304775,6893,9235,0.0,0.0
1721.260,172126,2,0.1,-19529131,6893,9235,0.0,0.0
1721.270,172127,2,0.1,-10328889,6893,9235,0.0,0.0
1721.280,172128,2,0.1,-10212445,6893,9235,0.0,0.0
1721.290,172129,2,0.1,-18959701,6893,9235,0.0,0.0
1721.300,172130,2,0.1,-478377,6893,9235,0.0,0.0
1721.310,172131,2,0.1,-32867973,6893,9235,0.0,0.0
1721.320,172132,2,0.1,-37344652,6893,9235,0.0,0.0
1721.330,172133,2,0.1,-12157558,6893,9235,0.0,0.0
1721.340,172134,2,0.1,7589882,6893,9235,0.0,0.0
1721.350,172135,2,0.1,-6989007,6893,9235,0.0,0.0
1721.360,172136,2,0.1,-16426852,6893,9235,0.0,0.0
1721.370,172137,2,0.1,-17974850,6893,9235,0.0,0.0
1721.380,172138,2,0.1,27230574,6893,9235,0.0,0.0
1721.390,172139,2,0.1,6875767,6893,9235,0.0,0.0
1721.400,172140,2,0.1,-24391482,6893,9235,0.0,0.0
1721.410,172141,2,0.1,-2274908,6893,9235,0.0,0.0
1721.420,172142,2,0.1,2928172,6893,9235,0.0,0.0
1721.430,172143,2,0.1,-1900229,6893,9235,0.0,0.0
1721.440,172144,2,0.1,-2472705,6893,9235,0.0,0.0
1721.450,172145,2,0.1,-24410277,6893,9235,0.0,0.0
1721.460,172146,2,0.1,-2091979,6893,9235,0.0,0.0
1721.470,172147,2,0.1,-12461166,6893,9235,0.0,0.0
1721.480,172148,2,0.1,9241652,6893,9235,0.0,0.0
1721.490,172149,2,0.1,7364998,6893,9235,0.0,0.0
1721.500,172150,2,0.1,-11688810,6893,9235,0.0,0.0
1721.510,172151,2,0.1,-20530345,6893,9235,0.0,0.0
1721.520,172152,2,0.1,-9581387,6893,9235,0.0,0.0
1721.530,172153,2,0.1,-15851419,6893,9235,0.0,0.0
1721.540,172154,2,0.1,-2067250,6893,9235,0.0,0.0
1721.550,172155,2,0.1,-24294809,6893,9235,0.0,0.0
1721.560,172156,2,0.1,-11657783,6893,9235,0.0,0.0
1721.570,172157,2,0.1,6058138,6893,9235,0.0,0.0
1721.580,172158,2,0.1,15860571,6893,9235,0.0,0.0
1721.590,172159,2,0.1,-8028850,6893,9235,0.0,0.0
1721.600,172160,2,0.1,-12952482,6893,9235,0.0,0.0
1721.610,172161,2,0.1,4322993,6893,9235,0.0,0.0
1721.620,172162,2,0.1,-2438166,6893,9235,0.0,0.0
1721.630,172163,2,0.1,-14211639,6893,9235,0.0,0.0
1721.640,172164,2,0.1,-1627861,6893,9235,0.0,0.0
1721.650,172165,2,0.1,-20354898,6893,9235,0.0,0.0
1721.660,172166,2,0.1,12079871,6893,9235,0.0,0.0
1721.670,172167,2,0.1,-3303560,6893,9235,0.0,0.0
1721.680,172168,2,0.1,-8227939,6893,9235,0.0,0.0
1721.690,172169,2,0.1,18773787,6893,9235,0.0,0.0
1721.700,172170,2,0.1,-12770854,6893,9235,0.0,0.0
1721.710,172171,2,0.1,-1351401,6893,9235,0.0,0.0
1721.720,172172,2,0.1,-20246765,6893,9235,0.0,0.0
1721.730,172173,2,0.1,-120136,6893,9235,0.0,0.0
1721.740,172174,2,0.1,11206640,6893,9235,0.0,0.0
1721.750,172175,2,0.1,-3428574,6893,9235,0.0,0.0
1721.760,172176,2,0.1,-11532997,6893,9235,0.0,0.0
1721.770,172177,2,0.1,11380986,6893,9235,0.0,0.0
1721.780,172178,2,0.1,-3781776,6893,9235,0.0,0.0
1721.790,172179,2,0.1,-8600659,6893,9235,0.0,0.0
1721.800,172180,2,0.1,-329954,6893,9235,0.0,0.0
1721.810,172181,2,0.1,10149522,6893,9235,0.0,0.0
1721.820,172182,2,0.1,-691037,6893,9235,0.0,0.0
1721.830,172183,2,0.1,4667560,6893,9235,0.0,0.0
1721.840,172184,2,0.1,22358593,6893,9235,0.0,0.0
1721.850,172185,2,0.1,6122691,6893,9235,0.0,0.0
1721.860,172186,2,0.1,-6200347,6893,9235,0.0,0.0
1721.870,172187,2,0.1,8303031,6893,9235,0.0,0.0
1721.880,172188,2,0.1,-5292560,6893,9235,0.0,0.0
1721.890,172189,2,0.1,-508811,6893,9235,0.0,0.0
1721.900,172190,2,0.1,9820898,6893,9235,0.0,0.0
1721.910,172191,2,0.1,-25623468,6893,9235,0.0,0.0
1721.920,172192,2,0.1,-17399112,6893,9235,0.0,0.0
1721.930,172193,2,0.1,7498301,6893,9235,0.0,0.0
1721.940,172194,2,0.1,1552941,6893,9235,0.0,0.0
1721.950,172195,2,0.1,25504450,6893,9235,0.0,0.0
1721.960,172196,2,0.1,-22086776,6893,9235,0.0,0.0
1721.970,172197,2,0.1,43037648,6893,9235,0.0,0.0
1721.980,172198,2,0.1,14720082,6893,9235,0.0,0.0
1721.990,172199,2,0.1,-13978244,6893,9235,0.0,0.0
1722.000,172200,2,0.1,-17051223,6893,9235,0.0,0.0
1722.010,172201,2,0.1,279844,6893,9235,0.0,0.0
1722.020,172202,2,0.1,24115946,6893,9235,0.0,0.0
1722.030,172203,2,0.1,-11628764,6893,9235,0.0,0.0
1722.040,172204,2,0.1,-3263497,6893,9235,0.0,0.0
1722.050,172205,2,0.1,26365731,6893,9235,0.0,0.0
1722.060,172206,2,0.1,-13004260,6893,9235,0.0,0.0
1722.070,172207,2,0.1,-6306149,6893,9235,0.0,0.0
1722.080,172208,2,0.1,-3265532,6893,9235,0.0,0.0
1722.090,172209,2,0.1,-7340838,6893,9235,0.0,0.0
1722.100,172210,2,0.1,-29615649,6893,9235,0.0,0.0
1722.110,172211,2,0.1,-3738965,6893,9235,0.0,0.0
1722.120,172212,2,0.1,2106646,6893,9235,0.0,0.0
1722.130,172213,2,0.1,12165178,6893,9235,0.0,0.0
1722.140,172214,2,0.1,8184608,6893,9235,0.0,0.0
1722.150,172215,2,0.1,-5303640,6893,9235,0.0,0.0
1722.160,172216,2,0.1,-9099262,6893,9235,0.0,0.0
1722.170,172217,2,0.1,-17454984,6893,9235,0.0,0.0
1722.180,172218,2,0.1,10702968,6893,9235,0.0,0.0
1722.190,172219,2,0.1,-12465779,6893,9235,0.0,0.0
1722.200,172220,2,0.1,1195473,6893,9235,0.0,0.0
1722.210,172221,2,0.1,-2764350,6893,9235,0.0,0.0
1722.220,172222,2,0.1,-1362896,6893,9235,0.0,0.0
1722.230,172223,2,0.1,-17138186,6893,9235,0.0,0.0
1722.240,172224,2,0.1,9716463,6893,9235,0.0,0.0
1722.250,172225,2,0.1,-3910243,6893,9235,0.0,0.0
1722.260,172226,2,0.1,-23490958,6893,9235,0.0,0.0
1722.270,172227,2,0.1,-12972663,6893,9235,0.0,0.0
1722.280,172228,2,0.1,-17803625,6893,9235,0.0,0.0
1722.290,172229,2,0.1,-26024389,6893,9235,0.0,0.0
1722.300,172230,2,0.1,8436539,6893,9235,0.0,0.0
1722.310,172231,2,0.1,-4759535,6893,9235,0.0,0.0
1722.320,172232,2,0.1,-13809992,6893,9235,0.0,0.0
1722.330,172233,2,0.1,20886715,6893,9235,0.0,0.0
1722.340,172234,2,0.1,13821646,6893,9235,0.0,0.0
1722.350,172235,2,0.1,830199,6893,9235,0.0,0.0
1722.360,172236,2,0.1,-4015391,6893,9235,0.0,0.0
1722.370,172237,2,0.1,-12426410,6893,9235,0.0,0.0
1722.380,172238,2,0.1,-7538361,6893,9235,0.0,0.0
1722.390,172239,2,0.1,10307990,6893,9235,0.0,0.0
1722.400,172240,2,0.1,11249971,6893,9235,0.0,0.0
1722.410,172241,2,0.1,-27819543,6893,9235,0.0,0.0
1722.420,172242,2,0.1,-2269188,6893,9235,0.0,0.0
1722.430,172243,2,0.1,22068081,6893,9235,0.0,0.0
1722.440,172244,2,0.1,2191226,6893,9235,0.0,0.0
1722.450,172245,2,0.1,2023415,6893,9235,0.0,0.0
1722.460,172246,2,0.1,-5219232,6893,9235,0.0,0.0
1722.470,172247,2,0.1,-143007,6893,9235,0.0,0.0
1722.480,172248,2,0.1,-7914587,6893,9235,0.0,0.0
1722.490,172249,2,0.1,4029922,6893,9235,0.0,0.0
1722.500,172250,2,0.1,-5774802,6893,9235,0.0,0.0
1722.510,172251,2,0.1,4451019,6893,9235,0.0,0.0
1722.520,172252,2,0.1,951256,6893,9235,0.0,0.0
1722.530,172253,2,0.1,20130778,6893,9235,0.0,0.0
1722.540,172254,2,0.1,-22853609,6893,9235,0.0,0.0
1722.550,172255,2,0.1,-3277267,6893,9235,0.0,0.0
1722.560,172256,2,0.1,4642751,6893,9235,0.0,0.0
1722.570,172257,2,0.1,2700977,6893,9235,0.0,0.0
1722.580,172258,2,0.1,-1722592,6893,9235,0.0,0.0
1722.590,172259,2,0.1,-23327246,6893,9235,0.0,0.0
1722.600,172260,2,0.1,-15849690,6893,9235,0.0,0.0
1722.610,172261,2,0.1,-10396841,6893,9235,0.0,0.0
1722.620,172262,2,0.1,17568509,6893,9235,0.0,0.0
1722.630,172263,2,0.1,-6717890,6893,9235,0.0,0.0
1722.640,172264,2,0.1,-2050379,6893,9235,0.0,0.0
1722.650,172265,2,0.1,-6967119,6893,9235,0.0,0.0
1722.660,172266,2,0.1,-10654471,6893,9235,0.0,0.0
1722.670,172267,2,0.1,-4518063,6893,9235,0.0,0.0
1722.680,172268,2,0.1,-23925293,6893,9235,0.0,0.0
1722.690,172269,2,0.1,-8825621,6893,9235,0.0,0.0
1722.700,172270,2,0.1,2352703,6893,9235,0.0,0.0
1722.710,172271,2,0.1,19746816,6893,9235,0.0,0.0
1722.720,172272,2,0.1,8021565,6893,9235,0.0,0.0
1722.730,172273,2,0.1,13057386,6893,9235,0.0,0.0
1722.740,172274,2,0.1,-4834511,6893,9235,0.0,0.0
1722.750,172275,2,0.1,-10402404,6893,9235,0.0,0.0
1722.760,172276,2,0.1,-3309461,6893,9235,0.0,0.0
1722.770,172277,2,0.1,13729591,6893,9235,0.0,0.0
1722.780,172278,2,0.1,30626729,6893,9235,0.0,0.0
1722.790,172279,2,0.1,7093877,6893,9235,0.0,0.0
1722.800,172280,2,0.1,-3236349,6893,9235,0.0,0.0
1722.810,172281,2,0.1,-5985318,6893,9235,0.0,0.0
1722.820,172282,2,0.1,16475679,6893,9235,0.0,0.0
1722.830,172283,2,0.1,-1682065,6893,9235,0.0,0.0
1722.840,172284,2,0.1,5963809,6893,9235,0.0,0.0
1722.850,172285,2,0.1,-27535576,6893,9235,0.0,0.0
1722.860,172286,2,0.1,27179012,6893,9235,0.0,0.0
1722.870,172287,2,0.1,-12092473,6893,9235,0.0,0.0
1722.880,172288,2,0.1,-9324811,6893,9235,0.0,0.0
1722.890,172289,2,0.1,-5895329,6893,9235,0.0,0.0
1722.900,172290,2,0.1,-2118487,6893,9235,0.0,0.0
1722.910,172291,2,0.1,-18610607,6893,9235,0.0,0.0
1722.920,172292,2,0.1,16349000,6893,9235,0.0,0.0
1722.930,172293,2,0.1,-10371779,6893,9235,0.0,0.0
1722.940,172294,2,0.1,2357332,6893,9235,0.0,0.0
1722.950,172295,2,0.1,16592040,6893,9235,0.0,0.0
1722.960,172296,2,0.1,-1804682,6893,9235,0.0,0.0
1722.970,172297,2,0.1,7052728,6893,9235,0.0,0.0
1722.980,172298,2,0.1,-141280,6893,9235,0.0,0.0
1722.990,172299,2,0.1,-6269580,6893,9235,0.0,0.0
1723.000,172300,2,0.1,-3376956,6893,9235,0.0,0.0
1723.010,172301,2,0.1,8008070,6893,9235,0.0,0.0
1723.020,172302,2,0.1,-25119992,6893,9235,0.0,0.0
1723.030,172303,2,0.1,396398,6893,9235,0.0,0.0
1723.040,172304,2,0.1,46528,6893,9235,0.0,0.0
1723.050,172305,2,0.1,6602821,6893,9230,0.0,0.0
1723.060,172306,2,0.1,-33964972,6893,9230,0.0,0.0
1723.070,172307,2,0.1,-32439623,6893,9230,0.0,0.0
1723.080,172308,2,0.1,3339964,6893,9230,0.0,0.0
1723.090,172309,2,0.1,-12848263,6893,9230,0.0,0.0
1723.100,172310,2,0.1,5501449,6893,9235,0.0,0.0
1723.110,172311,2,0.1,3305519,6893,9235,0.0,0.0
1723.120,172312,2,0.1,-1069899,6893,9235,0.0,0.0
1723.130,172313,2,0.1,20007085,6893,9235,0.0,0.0
1723.140,172314,2,0.1,-23602998,6893,9235,0.0,0.0
1723.150,172315,2,0.1,179184,6893,9230,0.0,0.0
1723.160,172316,2,0.1,-24038068,6893,9230,0.0,0.0
1723.170,172317,2,0.1,-15738769,6893,9230,0.0,0.0
1723.180,172318,2,0.1,-16129690,6893,9230,0.0,0.0
1723.190,172319,2,0.1,-37316798,6893,9230,0.0,0.0
1723.200,172320,2,0.1,36505124,6893,9225,0.0,0.0
1723.210,172321,2,0.1,-3302313,6893,9225,0.0,0.0
1723.220,172322,2,0.1,9998887,6893,9225,0.0,0.0
1723.230,172323,2,0.1,564318,6893,9225,0.0,0.0
1723.240,172324,2,0.1,-889373,6893,9225,0.0,0.0
1723.250,172325,2,0.1,5646319,6893,9220,0.0,0.0
1723.260,172326,2,0.1,889939,6893,9220,0.0,0.0
1723.270,172327,2,0.1,-22392178,6893,9220,0.0,0.0
1723.280,172328,2,0.1,17437154,6893,9220,0.0,0.0
1723.290,172329,2,0.1,-3770215,6893,9220,0.0,0.0
1723.300,172330,2,0.1,-5712703,6893,9215,0.0,0.0
1723.310,172331,2,0.1,-2165595,6893,9215,0.0,0.0
1723.320,172332,2,0.1,-5177184,6893,9215,0.0,0.0
1723.330,172333,2,0.1,-11686034,6893,9215,0.0,0.0
1723.340,172334,2,0.1,5361092,6893,9215,0.0,0.0
1723.350,172335,2,0.1,6653941,6893,9220,0.0,0.0
1723.360,172336,2,0.1,-12864885,6893,9220,0.0,0.0
1723.370,172337,2,0.1,19233908,6893,9220,0.0,0.0
1723.380,172338,2,0.1,11240893,6893,9220,0.0,0.0
1723.390,172339,2,0.1,-10771844,6893,9220,0.0,0.0
1723.400,172340,2,0.1,-6941341,6893,9215,0.0,0.0
1723.410,172341,2,0.1,-3072301,6893,9215,0.0,0.0
1723.420,172342,2,0.1,7232701,6893,9215,0.0,0.0
1723.430,172343,2,0.1,-8558006,6893,9215,0.0,0.0
1723.440,172344,2,0.1,-18267282,6893,9215,0.0,0.0
1723.450,172345,2,0.1,-48048412,6893,9220,0.0,0.0
1723.460,172346,2,0.1,17628281,6893,9220,0.0,0.0
1723.470,172347,2,0.1,36747167,6893,9220,0.0,0.0
1723.480,172348,2,0.1,-5589396,6893,9220,0.0,0.0
1723.490,172349,2,0.1,17530999,6893,9220,0.0,0.0
1723.500,172350,2,0.1,534114,6893,9225,0.0,0.0
1723.510,172351,2,0.1,-19848034,6893,9225,0.0,0.0
1723.520,172352,2,0.1,-4102148,6893,9225,0.0,0.0
1723.530,172353,2,0.1,-5377246,6893,9225,0.0,0.0
1723.540,172354,2,0.1,-10634380,6893,9225,0.0,0.0
1723.550,172355,2,0.1,27472082,6893,9220,0.0,0.0
1723.560,172356,2,0.1,41330706,6893,9220,0.0,0.0
1723.570,172357,2,0.1,-6163603,6893,9220,0.0,0.0
1723.580,172358,2,0.1,-16798093,6893,9220,0.0,0.0
1723.590,172359,2,0.1,-4989771,6893,9220,0.0,0.0
1723.600,172360,2,0.1,-5194765,6893,9225,0.0,0.0
1723.610,172361,2,0.1,17146627,6893,9225,0.0,0.0
1723.620,172362,2,0.1,4322672,6893,9225,0.0,0.0
1723.630,172363,2,0.1,-24959525,6893,9225,0.0,0.0
1723.640,172364,2,0.1,-28940813,6893,9225,0.0,0.0
1723.650,172365,2,0.1,-15956874,6893,9230,0.0,0.0
1723.660,172366,2,0.1,131458,6893,9230,0.0,0.0
1723.670,172367,2,0.1,12376673,6893,9230,0.0,0.0
1723.680,172368,2,0.1,-9255747,6893,9230,0.0,0.0
1723.690,172369,2,0.1,-6894532,6893,9230,0.0,0.0
1723.700,172370,2,0.1,-31012686,6893,9235,0.0,0.0
1723.710,172371,2,0.1,3272870,6893,9235,0.0,0.0
1723.720,172372,2,0.1,2139746,6893,9235,0.0,0.0
1723.730,172373,2,0.1,-11641516,6893,9235,0.0,0.0
1723.740,172374,2,0.1,30379666,6893,9235,0.0,0.0
1723.750,172375,2,0.1,-24724378,6893,9240,0.0,0.0
1723.760,172376,2,0.1,-2089739,6893,9240,0.0,0.0
1723.770,172377,2,0.1,-43637192,6893,9240,0.0,0.0
1723.780,172378,2,0.1,-9228372,6893,9240,0.0,0.0
1723.790,172379,2,0.1,-17051634,6893,9240,0.0,0.0
1723.800,172380,2,0.1,29597574,6893,9235,0.0,0.0
1723.810,172381,2,0.1,7536719,6893,9235,0.0,0.0
1723.820,172382,2,0.1,6235659,6893,9235,0.0,0.0
1723.830,172383,2,0.1,-21701063,6893,9235,0.0,0.0
1723.840,172384,2,0.1,-3334329,6893,9235,0.0,0.0
1723.850,172385,2,0.1,18899163,6893,9240,0.0,0.0
1723.860,172386,2,0.1,4334072,6893,9240,0.0,0.0
1723.870,172387,2,0.1,-21504083,6893,9240,0.0,0.0
1723.880,172388,2,0.1,-11145623,6893,9240,0.0,0.0
1723.890,172389,2,0.1,17885192,6893,9240,0.0,0.0
1723.900,172390,2,0.1,4534496,6893,9235,0.0,0.0
1723.910,172391,2,0.1,3673522,6893,9235,0.0,0.0
1723.920,172392,2,0.1,26904205,6893,9235,0.0,0.0
1723.930,172393,2,0.1,10775916,6893,9235,0.0,0.0
1723.940,172394,2,0.1,48438484,6893,9235,0.0,0.0
1723.950,172395,2,0.1,-30808621,6893,9230,0.0,0.0
1723.960,172396,2,0.1,-40775100,6893,9230,0.0,0.0
1723.970,172397,2,0.1,15605995,6893,9230,0.0,0.0
1723.980,172398,2,0.1,-16113517,6893,9230,0.0,0.0
1723.990,172399,2,0.1,21253360,6893,9230,0.0,0.0
1724.000,172400,2,0.1,-6082102,6893,9235,0.0,0.0
1724.010,172401,2,0.1,18987490,6893,9235,0.0,0.0
1724.020,172402,2,0.1,-11246986,6893,9235,0.0,0.0
1724.030,172403,2,0.1,-16721477,6893,9235,0.0,0.0
1724.040,172404,2,0.1,-13366367,6893,9235,0.0,0.0
1724.050,172405,2,0.1,3754562,6893,9240,0.0,0.0
1724.060,172406,2,0.1,-14389649,6893,9240,0.0,0.0
1724.070,172407,2,0.1,-20490000,6893,9240,0.0,0.0
1724.080,172408,2,0.1,-38699043,6893,9240,0.0,0.0
1724.090,172409,2,0.1,-9320720,6893,9240,0.0,0.0
1724.100,172410,2,0.1,29013095,6893,9235,0.0,0.0
1724.110,172411,2,0.1,11146737,6893,9235,0.0,0.0
1724.120,172412,2,0.1,20381314,6893,9235,0.0,0.0
1724.130,172413,2,0.1,-36818010,6893,9235,0.0,0.0
1724.140,172414,2,0.1,-13024555,6893,9235,0.0,0.0
1724.150,172415,2,0.1,-7298582,6893,9240,0.0,0.0
1724.160,172416,2,0.1,9419951,6893,9240,0.0,0.0
1724.170,172417,2,0.1,-5273234,6893,9240,0.0,0.0
1724.180,172418,2,0.1,8305683,6893,9240,0.0,0.0
1724.190,172419,2,0.1,21271107,6893,9240,0.0,0.0
1724.200,172420,2,0.1,4251306,6893,9235,0.0,0.0
1724.210,172421,2,0.1,-238934,6893,9235,0.0,0.0
1724.220,172422,2,0.1,-16651248,6893,9235,0.0,0.0
1724.230,172423,2,0.1,-14911073,6893,9235,0.0,0.0
1724.240,172424,2,0.1,772775,6893,9235,0.0,0.0
1724.250,172425,2,0.1,13503092,6893,9240,0.0,0.0
1724.260,172426,2,0.1,-22066825,6893,9240,0.0,0.0
1724.270,172427,2,0.1,6902944,6893,9240,0.0,0.0
1724.280,172428,2,0.1,-25025170,6893,9240,0.0,0.0
1724.290,172429,2,0.1,-5675995,6893,9240,0.0,0.0
1724.300,172430,2,0.1,-18402848,6893,9235,0.0,0.0
1724.310,172431,2,0.1,18653966,6893,9235,0.0,0.0
1724.320,172432,2,0.1,-6378095,6893,9235,0.0,0.0
1724.330,172433,2,0.1,-36110296,6893,9235,0.0,0.0
1724.340,172434,2,0.1,27002219,6893,9235,0.0,0.0
1724.350,172435,2,0.1,32962704,6893,9240,0.0,0.0
1724.360,172436,2,0.1,-7508129,6893,9240,0.0,0.0
1724.370,172437,2,0.1,-17748132,6893,9240,0.0,0.0
1724.380,172438,2,0.1,7643810,6893,9240,0.0,0.0
1724.390,172439,2,0.1,-25853015,6893,9240,0.0,0.0
1724.400,172440,2,0.1,-26952450,6893,9245,0.0,0.0
1724.410,172441,2,0.1,-8040888,6893,9245,0.0,0.0
1724.420,172442,2,0.1,-27806109,6893,9245,0.0,0.0
1724.430,172443,2,0.1,-30195684,6893,9245,0.0,0.0
1724.440,172444,2,0.1,-15043155,6893,9245,0.0,0.0
1724.450,172445,2,0.1,-18294512,6893,9250,0.0,0.0
1724.460,172446,2,0.1,1784958,6893,9250,0.0,0.0
1724.470,172447,2,0.1,5275609,6893,9250,0.0,0.0
1724.480,172448,2,0.1,-4920606,6893,9250,0.0,0.0
1724.490,172449,2,0.1,1633972,6893,9250,0.0,0.0
1724.500,172450,2,0.1,-20313919,6893,9245,0.0,0.0
1724.510,172451,2,0.1,16384466,6893,9245,0.0,0.0
1724.520,172452,2,0.1,6586615,6893,9245,0.0,0.0
1724.530,172453,2,0.1,5485364,6893,9245,0.0,0.0
1724.540,172454,2,0.1,-3868615,6893,9245,0.0,0.0
1724.550,172455,2,0.1,16337649,6893,9250,0.0,0.0
1724.560,172456,2,0.1,2718711,6893,9250,0.0,0.0
1724.570,172457,2,0.1,-13143591,6893,9250,0.0,0.0
1724.580,172458,2,0.1,-16308601,6893,9250,0.0,0.0
1724.590,172459,2,0.1,224047,6893,9250,0.0,0.0
1724.600,172460,2,0.1,26972675,6893,9255,0.0,0.0
1724.610,172461,2,0.1,1165070,6893,9255,0.0,0.0
1724.620,172462,2,0.1,2176994,6893,9255,0.0,0.0
1724.630,172463,2,0.1,-3460574,6893,9255,0.0,0.0
1724.640,172464,2,0.1,515798,6893,9255,0.0,0.0
1724.650,172465,2,0.1,-21221219,6893,9255,0.0,0.0
1724.660,172466,2,0.1,-3817697,6893,9255,0.0,0.0
1724.670,172467,2,0.1,15813133,6893,9255,0.0,0.0
1724.680,172468,2,0.1,12376129,6893,9255,0.0,0.0
1724.690,172469,2,0.1,353672,6893,9255,0.0,0.0
1724.700,172470,2,0.1,-28668401,6893,9255,0.0,0.0
1724.710,172471,2,0.1,1516961,6893,9255,0.0,0.0
1724.720,172472,2,0.1,-7374011,6893,9255,0.0,0.0
1724.730,172473,2,0.1,9875337,6893,9255,0.0,0.0
1724.740,172474,2,0.1,-14427917,6893,9255,0.0,0.0
1724.750,172475,2,0.1,5689011,6893,9255,0.0,0.0
1724.760,172476,2,0.1,7438609,6893,9255,0.0,0.0
1724.770,172477,2,0.1,-30799114,6893,9255,0.0,0.0
1724.780,172478,2,0.1,1616404,6893,9255,0.0,0.0
1724.790,172479,2,0.1,-11776552,6893,9255,0.0,0.0
1724.800,172480,2,0.1,1189163,6893,9255,0.0,0.0
1724.810,172481,2,0.1,1267983,6893,9255,0.0,0.0
1724.820,172482,2,0.1,-8185055,6893,9255,0.0,0.0
1724.830,172483,2,0.1,6991970,6893,9255,0.0,0.0
1724.840,172484,2,0.1,-15242710,6893,9255,0.0,0.0
1724.850,172485,2,0.1,-11289959,6893,9255,0.0,0.0
1724.860,172486,2,0.1,-1004029,6893,9255,0.0,0.0
1724.870,172487,2,0.1,-4595384,6893,9255,0.0,0.0
1724.880,172488,2,0.1,-22036975,6893,9255,0.0,0.0
1724.890,172489,2,0.1,-18774758,6893,9255,0.0,0.0
1724.900,172490,2,0.1,-27378825,6893,9255,0.0,0.0
1724.910,172491,2,0.1,-12206987,6893,9255,0.0,0.0
1724.920,172492,2,0.1,-54302518,6893,9255,0.0,0.0
1724.930,172493,2,0.1,-24552667,6893,9255,0.0,0.0
1724.940,172494,2,0.1,8809290,6893,9255,0.0,0.0
1724.950,172495,2,0.1,-12264353,6893,9255,0.0,0.0
1724.960,172496,2,0.1,11736247,6893,9255,0.0,0.0
1724.970,172497,2,0.1,-2886486,6893,9255,0.0,0.0
1724.980,172498,2,0.1,-12847706,6893,9255,0.0,0.0
1724.990,172499,2,0.1,-33417083,6893,9255,0.0,0.0
1725.000,172500,2,0.1,-17031345,6893,9255,0.0,0.0
1725.010,172501,2,0.1,5033876,6893,9255,0.0,0.0
1725.020,172502,2,0.1,-12414175,6893,9255,0.0,0.0
1725.030,172503,2,0.1,19866212,6893,9255,0.0,0.0
1725.040,172504,2,0.1,5695495,6893,9255,0.0,0.0
1725.050,172505,2,0.1,43766334,6893,9255,0.0,0.0
1725.060,172506,2,0.1,-10376763,6893,9255,0.0,0.0
1725.070,172507,2,0.1,-13548619,6893,9255,0.0,0.0
1725.080,172508,2,0.1,6592519,6893,9255,0.0,0.0
1725.090,172509,2,0.1,2839077,6893,9255,0.0,0.0
1725.100,172510,2,0.1,1362475,6893,9255,0.0,0.0
1725.110,172511,2,0.1,13532691,6893,9255,0.0,0.0
1725.120,172512,2,0.1,-5768290,6893,9255,0.0,0.0
1725.130,172513,2,0.1,7436608,6893,9255,0.0,0.0
1725.140,172514,2,0.1,14424836,6893,9255,0.0,0.0
1725.150,172515,2,0.1,10876564,6893,9255,0.0,0.0
1725.160,172516,2,0.1,-16493783,6893,9255,0.0,0.0
1725.170,172517,2,0.1,-15385691,6893,9255,0.0,0.0
1725.180,172518,2,0.1,-271860,6893,9255,0.0,0.0
1725.190,172519,2,0.1,-24149677,6893,9255,0.0,0.0
1725.200,172520,2,0.1,8159429,6893,9255,0.0,0.0
1725.210,172521,2,0.1,-8169609,6893,9255,0.0,0.0
1725.220,172522,2,0.1,-37465089,6893,9255,0.0,0.0
1725.230,172523,2,0.1,-7914249,6893,9255,0.0,0.0
1725.240,172524,2,0.1,-8697451,6893,9255,0.0,0.0
1725.250,172525,2,0.1,-16414801,6893,9255,0.0,0.0
1725.260,172526,2,0.1,-8794743,6893,9255,0.0,0.0
1725.270,172527,2,0.1,-8495647,6893,9255,0.0,0.0
1725.280,172528,2,0.1,-8467253,6893,9255,0.0,0.0
1725.290,172529,2,0.1,-17438417,6893,9255,0.0,0.0
1725.300,172530,2,0.1,7622806,6893,9255,0.0,0.0
1725.310,172531,2,0.1,4695738,6893,9255,0.0,0.0
1725.320,172532,2,0.1,-13428564,6893,9255,0.0,0.0
1725.330,172533,2,0.1,-9352313,6893,9255,0.0,0.0
1725.340,172534,2,0.1,-23884994,6893,9255,0.0,0.0
1725.350,172535,2,0.1,-11667294,6893,9255,0.0,0.0
1725.360,172536,2,0.1,-7121262,6893,9255,0.0,0.0
1725.370,172537,2,0.1,11151116,6893,9255,0.0,0.0
1725.380,172538,2,0.1,23954541,6893,9255,0.0,0.0
1725.390,172539,2,0.1,14646465,6893,9255,0.0,0.0
1725.400,172540,2,0.1,19916145,6893,9255,0.0,0.0
1725.410,172541,2,0.1,-29493373,6893,9255,0.0,0.0
1725.420,172542,2,0.1,12031462,6893,9255,0.0,0.0
1725.430,172543,2,0.1,3953111,6893,9255,0.0,0.0
1725.440,172544,2,0.1,3555853,6893,9255,0.0,0.0
1725.450,172545,2,0.1,-6605281,6893,9255,0.0,0.0
1725.460,172546,2,0.1,13172179,6893,9255,0.0,0.0
1725.470,172547,2,0.1,-3777904,6893,9255,0.0,0.0
1725.480,172548,2,0.1,-6049652,6893,9255,0.0,0.0
1725.490,172549,2,0.1,-18175015,6893,9255,0.0,0.0
1725.500,172550,2,0.1,-3926328,6893,9255,0.0,0.0
1725.510,172551,2,0.1,464851,6893,9255,0.0,0.0
1725.520,172552,2,0.1,12222778,6893,9255,0.0,0.0
1725.530,172553,2,0.1,5533475,6893,9255,0.0,0.0
1725.540,172554,2,0.1,-214416,6893,9255,0.0,0.0
1725.550,172555,2,0.1,-1360718,6893,9255,0.0,0.0
1725.560,172556,2,0.1,19478190,6893,9255,0.0,0.0
1725.570,172557,2,0.1,-10908475,6893,9255,0.0,0.0
1725.580,172558,2,0.1,19451581,6893,9255,0.0,0.0
1725.590,172559,2,0.1,16598480,6893,9255,0.0,0.0
1725.600,172560,2,0.1,20275683,6893,9255,0.0,0.0
1725.610,172561,2,0.1,-21521791,6893,9255,0.0,0.0
1725.620,172562,2,0.1,27004334,6893,9255,0.0,0.0
1725.630,172563,2,0.1,-1358060,6893,9255,0.0,0.0
1725.640,172564,2,0.1,20035119,6893,9255,0.0,0.0
1725.650,172565,2,0.1,-21755842,6893,9255,0.0,0.0
1725.660,172566,2,0.1,-55713550,6893,9255,0.0,0.0
1725.670,172567,2,0.1,7451513,6893,9255,0.0,0.0
1725.680,172568,2,0.1,-6431044,6893,9255,0.0,0.0
1725.690,172569,2,0.1,-5726050,6893,9255,0.0,0.0
1725.700,172570,2,0.1,-13829426,6893,9255,0.0,0.0
1725.710,172571,2,0.1,-14259094,6893,9255,0.0,0.0
1725.720,172572,2,0.1,-6333243,6893,9255,0.0,0.0
1725.730,172573,2,0.1,-4166086,6893,9255,0.0,0.0
1725.740,172574,2,0.1,-879368,6893,9255,0.0,0.0
1725.750,172575,2,0.1,-8634719,6893,9255,0.0,0.0
1725.760,172576,2,0.1,-15437578,6893,9255,0.0,0.0
1725.770,172577,2,0.1,13527843,6893,9255,0.0,0.0
1725.780,172578,2,0.1,-18770968,6893,9255,0.0,0.0
1725.790,172579,2,0.1,9460874,6893,9255,0.0,0.0
1725.800,172580,2,0.1,4124627,6893,9255,0.0,0.0
1725.810,172581,2,0.1,-9347776,6893,9255,0.0,0.0
1725.820,172582,2,0.1,-4815387,6893,9255,0.0,0.0
1725.830,172583,2,0.1,-28304331,6893,9255,0.0,0.0
1725.840,172584,2,0.1,-30229473,6893,9255,0.0,0.0
1725.850,172585,2,0.1,25998110,6893,9255,0.0,0.0
1725.860,172586,2,0.1,-26246646,6893,9255,0.0,0.0
1725.870,172587,2,0.1,7683394,6893,9255,0.0,0.0
1725.880,172588,2,0.1,-19863926,6893,9255,0.0,0.0
1725.890,172589,2,0.1,-4334335,6893,9255,0.0,0.0
1725.900,172590,2,0.1,-22242402,6893,9255,0.0,0.0
1725.910,172591,2,0.1,-4747696,6893,9255,0.0,0.0
1725.920,172592,2,0.1,-18499566,6893,9255,0.0,0.0
1725.930,172593,2,0.1,-2631780,6893,9255,0.0,0.0
1725.940,172594,2,0.1,3817386,6893,9255,0.0,0.0
1725.950,172595,2,0.1,19366312,6893,9255,0.0,0.0
1725.960,172596,2,0.1,-4454979,6893,9255,0.0,0.0
1725.970,172597,2,0.1,-55627178,6893,9255,0.0,0.0
1725.980,172598,2,0.1,-1691027,6893,9255,0.0,0.0
1725.990,172599,2,0.1,-45339091,6893,9255,0.0,0.0
1726.000,172600,2,0.1,-25417419,6893,9255,0.0,0.0
1726.010,172601,2,0.1,6204620,6893,9255,0.0,0.0
1726.020,172602,2,0.1,-8121398,6893,9255,0.0,0.0
1726.030,172603,2,0.1,6860560,6893,9255,0.0,0.0
1726.040,172604,2,0.1,-11531697,6893,9255,0.0,0.0
1726.050,172605,2,0.1,18186657,6893,9255,0.0,0.0
1726.060,172606,2,0.1,18408862,6893,9255,0.0,0.0
1726.070,172607,2,0.1,-11667346,6893,9255,0.0,0.0
1726.080,172608,2,0.1,7601783,6893,9255,0.0,0.0
1726.090,172609,2,0.1,2652926,6893,9255,0.0,0.0
1726.100,172610,2,0.1,-25901142,6893,9255,0.0,0.0
1726.110,172611,2,0.1,-8021642,6893,9255,0.0,0.0
1726.120,172612,2,0.1,-4888415,6893,9255,0.0,0.0
1726.130,172613,2,0.1,-12548832,6893,9255,0.0,0.0
1726.140,172614,2,0.1,-11528655,6893,9255,0.0,0.0
1726.150,172615,2,0.1,15985336,6893,9255,0.0,0.0
1726.160,172616,2,0.1,-1481931,6893,9255,0.0,0.0
1726.170,172617,2,0.1,-21088763,6893,9255,0.0,0.0
1726.180,172618,2,0.1,10195498,6893,9255,0.0,0.0
1726.190,172619,2,0.1,2245168,6893,9255,0.0,0.0
1726.200,172620,2,0.1,3136734,6893,9255,0.0,0.0
1726.210,172621,2,0.1,-10905813,6893,9255,0.0,0.0
1726.220,172622,2,0.1,9178300,6893,9255,0.0,0.0
1726.230,172623,2,0.1,-11145886,6893,9255,0.0,0.0
1726.240,172624,2,0.1,29366807,6893,9255,0.0,0.0
1726.250,172625,2,0.1,-3506527,6893,9255,0.0,0.0
1726.260,172626,2,0.1,-8508525,6893,9255,0.0,0.0
1726.270,172627,2,0.1,-147873,6893,9255,0.0,0.0
1726.280,172628,2,0.1,-9221812,6893,9255,0.0,0.0
1726.290,172629,2,0.1,-12009106,6893,9255,0.0,0.0
1726.300,172630,2,0.1,-20300557,6893,9255,0.0,0.0
1726.310,172631,2,0.1,1707480,6893,9255,0.0,0.0
1726.320,172632,2,0.1,-499973,6893,9255,0.0,0.0
1726.330,172633,2,0.1,20437421,6893,9255,0.0,0.0
1726.340,172634,2,0.1,-12757096,6893,9255,0.0,0.0
1726.350,172635,2,0.1,-41218596,6893,9255,0.0,0.0
1726.360,172636,2,0.1,-18202260,6893,9255,0.0,0.0
1726.370,172637,2,0.1,-2360311,6893,9255,0.0,0.0
1726.380,172638,2,0.1,-21037821,6893,9255,0.0,0.0
1726.390,172639,2,0.1,22356991,6893,9255,0.0,0.0
1726.400,172640,2,0.1,-4497204,6893,9255,0.0,0.0
1726.410,172641,2,0.1,8436636,6893,9255,0.0,0.0
1726.420,172642,2,0.1,4822659,6893,9255,0.0,0.0
1726.430,172643,2,0.1,-6209578,6893,9255,0.0,0.0
1726.440,172644,2,0.1,-3372261,6893,9255,0.0,0.0
1726.450,172645,2,0.1,-7575459,6893,9255,0.0,0.0
1726.460,172646,2,0.1,6774124,6893,9255,0.0,0.0
1726.470,172647,2,0.1,-8589641,6893,9255,0.0,0.0
1726.480,172648,2,0.1,-932693,6893,9255,0.0,0.0
1726.490,172649,2,0.1,-18991638,6893,9255,0.0,0.0
1726.500,172650,2,0.1,694879,6893,9255,0.0,0.0
1726.510,172651,2,0.1,-8761353,6893,9255,0.0,0.0
1726.520,172652,2,0.1,10224375,6893,9255,0.0,0.0
1726.530,172653,2,0.1,8205427,6893,9255,0.0,0.0
1726.540,172654,2,0.1,-7202935,6893,9255,0.0,0.0
1726.550,172655,2,0.1,-1980611,6893,9255,0.0,0.0
1726.560,172656,2,0.1,30975577,6893,9255,0.0,0.0
1726.570,172657,2,0.1,-9774869,6893,9255,0.0,0.0
1726.580,172658,2,0.1,-12099127,6893,9255,0.0,0.0
1726.590,172659,2,0.1,-18582528,6893,9255,0.0,0.0
1726.600,172660,2,0.1,-2595048,6893,9255,0.0,0.0
1726.610,172661,2,0.1,-11246874,6893,9255,0.0,0.0
1726.620,172662,2,0.1,-1684839,6893,9255,0.0,0.0
1726.630,172663,2,0.1,-13987406,6893,9255,0.0,0.0
1726.640,172664,2,0.1,6392209,6893,9255,0.0,0.0
1726.650,172665,2,0.1,-98045,6893,9255,0.0,0.0
1726.660,172666,2,0.1,-13130345,6893,9255,0.0,0.0
1726.670,172667,2,0.1,6456412,6893,9255,0.0,0.0
1726.680,172668,2,0.1,10573348,6893,9255,0.0,0.0
1726.690,172669,2,0.1,14028199,6893,9255,0.0,0.0
1726.700,172670,2,0.1,-11278655,6893,9255,0.0,0.0
1726.710,172671,2,0.1,4701213,6893,9255,0.0,0.0
1726.720,172672,2,0.1,-1204819,6893,9255,0.0,0.0
1726.730,172673,2,0.1,-1032568,6893,9255,0.0,0.0
1726.740,172674,2,0.1,24072363,6893,9255,0.0,0.0
1726.750,172675,2,0.1,-6574166,6893,9255,0.0,0.0
1726.760,172676,2,0.1,-1965486,6893,9255,0.0,0.0
1726.770,172677,2,0.1,-10262851,6893,9255,0.0,0.0
1726.780,172678,2,0.1,-14747536,6893,9255,0.0,0.0
1726.790,172679,2,0.1,-13221208,6893,9255,0.0,0.0
1726.800,172680,2,0.1,3045097,6893,9255,0.0,0.0
1726.810,172681,2,0.1,-19863992,6893,9255,0.0,0.0
1726.820,172682,2,0.1,-37585796,6893,9255,0.0,0.0
1726.830,172683,2,0.1,4532471,6893,9255,0.0,0.0
1726.840,172684,2,0.1,-31139538,6893,9255,0.0,0.0
1726.850,172685,2,0.1,-15525450,6893,9255,0.0,0.0
1726.860,172686,2,0.1,5223062,6893,9255,0.0,0.0
1726.870,172687,2,0.1,-15737182,6893,9255,0.0,0.0
1726.880,172688,2,0.1,-17162571,6893,9255,0.0,0.0
1726.890,172689,2,0.1,23016752,6893,9255,0.0,0.0
1726.900,172690,2,0.1,-19979926,6893,9255,0.0,0.0
1726.910,172691,2,0.1,-18784961,6893,9255,0.0,0.0
1726.920,172692,2,0.1,-7848979,6893,9255,0.0,0.0
1726.930,172693,2,0.1,-1860433,6893,9255,0.0,0.0
1726.940,172694,2,0.1,-5777728,6893,9255,0.0,0.0
1726.950,172695,2,0.1,-10115494,6893,9255,0.0,0.0
1726.960,172696,2,0.1,-4409124,6893,9255,0.0,0.0
1726.970,172697,2,0.1,-17731520,6893,9255,0.0,0.0
1726.980,172698,2,0.1,-2245223,6893,9255,0.0,0.0
1726.990,172699,2,0.1,5180959,6893,9255,0.0,0.0
1727.000,172700,2,0.1,-11038170,6893,9255,0.0,0.0
1727.010,172701,2,0.1,-27777392,6893,9255,0.0,0.0
1727.020,172702,2,0.1,-10856685,6893,9255,0.0,0.0
1727.030,172703,2,0.1,-8192504,6893,9255,0.0,0.0
1727.040,172704,2,0.1,-11880372,6893,9255,0.0,0.0
1727.050,172705,2,0.1,-1828434,6893,9255,0.0,0.0
1727.060,172706,2,0.1,11776313,6893,9255,0.0,0.0
1727.070,172707,2,0.1,-17208716,6893,9255,0.0,0.0
1727.080,172708,2,0.1,-17984693,6893,9255,0.0,0.0
1727.090,172709,2,0.1,1386666,6893,9255,0.0,0.0
1727.100,172710,2,0.1,1102073,6893,9255,0.0,0.0
1727.110,172711,2,0.1,3524164,6893,9255,0.0,0.0
1727.120,172712,2,0.1,-12611234,6893,9255,0.0,0.0
1727.130,172713,2,0.1,-5906488,6893,9255,0.0,0.0
1727.140,172714,2,0.1,10899329,6893,9255,0.0,0.0
1727.150,172715,2,0.1,-8408417,6893,9255,0.0,0.0
1727.160,172716,2,0.1,-3909979,6893,9255,0.0,0.0
1727.170,172717,2,0.1,-1406287,6893,9255,0.0,0.0
1727.180,172718,2,0.1,10011007,6893,9255,0.0,0.0
1727.190,172719,2,0.1,-10385495,6893,9255,0.0,0.0
1727.200,172720,2,0.1,25263130,6893,9255,0.0,0.0
1727.210,172721,2,0.1,-2542364,6893,9255,0.0,0.0
1727.220,172722,2,0.1,16154806,6893,9255,0.0,0.0
1727.230,172723,2,0.1,6624423,6893,9255,0.0,0.0
1727.240,172724,2,0.1,33102247,6893,9255,0.0,0.0
1727.250,172725,2,0.1,17149420,6893,9255,0.0,0.0
1727.260,172726,2,0.1,-952829,6893,9255,0.0,0.0
1727.270,172727,2,0.1,-8674041,6893,9255,0.0,0.0
1727.280,172728,2,0.1,16211152,6893,9255,0.0,0.0
1727.290,172729,2,0.1,-7596271,6893,9255,0.0,0.0
1727.300,172730,2,0.1,17605062,6893,9255,0.0,0.0
1727.310,172731,2,0.1,-10307133,6893,9255,0.0,0.0
1727.320,172732,2,0.1,2996077,6893,9255,0.0,0.0
1727.330,172733,2,0.1,-3787567,6893,9255,0.0,0.0
1727.340,172734,2,0.1,8386802,6893,9255,0.0,0.0
1727.350,172735,2,0.1,-3183307,6893,9255,0.0,0.0
1727.360,172736,2,0.1,-4539161,6893,9255,0.0,0.0
1727.370,172737,2,0.1,7450716,6893,9255,0.0,0.0
1727.380,172738,2,0.1,22665879,6893,9255,0.0,0.0
1727.390,172739,2,0.1,595208,6893,9255,0.0,0.0
1727.400,172740,2,0.1,3825834,6893,9255,0.0,0.0
1727.410,172741,2,0.1,-1454318,6893,9255,0.0,0.0
1727.420,172742,2,0.1,-19528298,6893,9255,0.0,0.0
1727.430,172743,2,0.1,-22169084,6893,9255,0.0,0.0
1727.440,172744,2,0.1,-2247696,6893,9255,0.0,0.0
1727.450,172745,2,0.1,-1157502,6893,9255,0.0,0.0
1727.460,172746,2,0.1,12212539,6893,9255,0.0,0.0
1727.470,172747,2,0.1,-960479,6893,9255,0.0,0.0
1727.480,172748,2,0.1,-35471690,6893,9255,0.0,0.0
1727.490,172749,2,0.1,-2597173,6893,9255,0.0,0.0
1727.500,172750,2,0.1,-3212773,6893,9255,0.0,0.0
1727.510,172751,2,0.1,-7358882,6893,9255,0.0,0.0
1727.520,172752,2,0.1,-28916122,6893,9255,0.0,0.0
1727.530,172753,2,0.1,-6786186,6893,9255,0.0,0.0
1727.540,172754,2,0.1,27397141,6893,9255,0.0,0.0
1727.550,172755,2,0.1,2832192,6893,9255,0.0,0.0
1727.560,172756,2,0.1,8888119,6893,9255,0.0,0.0
1727.570,172757,2,0.1,13379296,6893,9255,0.0,0.0
1727.580,172758,2,0.1,-4347029,6893,9255,0.0,0.0
1727.590,172759,2,0.1,-6447825,6893,9255,0.0,0.0
1727.600,172760,2,0.1,-21749362,6893,9255,0.0,0.0
1727.610,172761,2,0.1,-14963842,6893,9255,0.0,0.0
1727.620,172762,2,0.1,10124365,6893,9255,0.0,0.0
1727.630,172763,2,0.1,1532460,6893,9255,0.0,0.0
1727.640,172764,2,0.1,-14514443,6893,9255,0.0,0.0
1727.650,172765,2,0.1,20219800,6893,9255,0.0,0.0
1727.660,172766,2,0.1,4562389,6893,9255,0.0,0.0
1727.670,172767,2,0.1,19292877,6893,9255,0.0,0.0
1727.680,172768,2,0.1,-11045738,6893,9255,0.0,0.0
1727.690,172769,2,0.1,-7272278,6893,9255,0.0,0.0
1727.700,172770,2,0.1,7963069,6893,9255,0.0,0.0
1727.710,172771,2,0.1,6065232,6893,9255,0.0,0.0
1727.720,172772,2,0.1,3675587,6893,9255,0.0,0.0
1727.730,172773,2,0.1,-1973023,6893,9255,0.0,0.0
1727.740,172774,2,0.1,-9620864,6893,9255,0.0,0.0
1727.750,172775,2,0.1,-17269289,6893,9255,0.0,0.0
1727.760,172776,2,0.1,5467502,6893,9255,0.0,0.0
1727.770,172777,2,0.1,-22274362,6893,9255,0.0,0.0
1727.780,172778,2,0.1,-2376282,6893,9255,0.0,0.0
1727.790,172779,2,0.1,-20870858,6893,9255,0.0,0.0
1727.800,172780,2,0.1,-6368279,6893,9255,0.0,0.0
1727.810,172781,2,0.1,-23849613,6893,9255,0.0,0.0
1727.820,172782,2,0.1,-16115614,6893,9255,0.0,0.0
1727.830,172783,2,0.1,-28414736,6893,9255,0.0,0.0
1727.840,172784,2,0.1,1295561,6893,9255,0.0,0.0
1727.850,172785,2,0.1,-19549571,6893,9255,0.0,0.0
1727.860,172786,2,0.1,-8585885,6893,9255,0.0,0.0
1727.870,172787,2,0.1,8502094,6893,9255,0.0,0.0
1727.880,172788,2,0.1,-16941252,6893,9255,0.0,0.0
1727.890,172789,2,0.1,-7085359,6893,9255,0.0,0.0
1727.900,172790,2,0.1,-31971462,6893,9255,0.0,0.0
1727.910,172791,2,0.1,-33098109,6893,9255,0.0,0.0
1727.920,172792,2,0.1,-4013480,6893,9255,0.0,0.0
1727.930,172793,2,0.1,-17995082,6893,9255,0.0,0.0
1727.940,172794,2,0.1,-23677294,6893,9255,0.0,0.0
1727.950,172795,2,0.1,6922359,6893,9255,0.0,0.0
1727.960,172796,2,0.1,-16204743,6893,9255,0.0,0.0
1727.970,172797,2,0.1,6103290,6893,9255,0.0,0.0
1727.980,172798,2,0.1,-21932048,6893,9255,0.0,0.0
1727.990,172799,2,0.1,14464674,6893,9255,0.0,0.0
1728.000,172800,2,0.1,206496,6893,9255,0.0,0.0
1728.010,172801,2,0.1,11257771,6893,9255,0.0,0.0
1728.020,172802,2,0.1,-12914375,6893,9255,0.0,0.0
1728.030,172803,2,0.1,27946880,6893,9255,0.0,0.0
1728.040,172804,2,0.1,-9810080,6893,9255,0.0,0.0
1728.050,172805,2,0.1,29961715,6893,9255,0.0,0.0
1728.060,172806,2,0.1,-34473630,6893,9255,0.0,0.0
1728.070,172807,2,0.1,-2947656,6893,9255,0.0,0.0
1728.080,172808,2,0.1,-21475115,6893,9255,0.0,0.0
1728.090,172809,2,0.1,419628,6893,9255,0.0,0.0
1728.100,172810,2,0.1,-32130116,6893,9255,0.0,0.0
1728.110,172811,2,0.1,-24329193,6893,9255,0.0,0.0
1728.120,172812,2,0.1,-11628238,6893,9255,0.0,0.0
1728.130,172813,2,0.1,-20911092,6893,9255,0.0,0.0
1728.140,172814,2,0.1,5351730,6893,9255,0.0,0.0
1728.150,172815,2,0.1,3760070,6893,9255,0.0,0.0
1728.160,172816,2,0.1,-18529671,6893,9255,0.0,0.0
1728.170,172817,2,0.1,17482285,6893,9255,0.0,0.0
1728.180,172818,2,0.1,-2146439,6893,9255,0.0,0.0
1728.190,172819,2,0.1,-22143679,6893,9255,0.0,0.0
1728.200,172820,2,0.1,12383228,6893,9255,0.0,0.0
1728.210,172821,2,0.1,16627660,6893,9255,0.0,0.0
1728.220,172822,2,0.1,-3939317,6893,9255,0.0,0.0
1728.230,172823,2,0.1,-5362474,6893,9255,0.0,0.0
1728.240,172824,2,0.1,-12788284,6893,9255,0.0,0.0
1728.250,172825,2,0.1,-24180454,6893,9255,0.0,0.0
1728.260,172826,2,0.1,-12278185,6893,9255,0.0,0.0
1728.270,172827,2,0.1,-1404629,6893,9255,0.0,0.0
1728.280,172828,2,0.1,-15130076,6893,9255,0.0,0.0
1728.290,172829,2,0.1,7483306,6893,9255,0.0,0.0
1728.300,172830,2,0.1,-5167819,6893,9255,0.0,0.0
1728.310,172831,2,0.1,32796832,6893,9255,0.0,0.0
1728.320,172832,2,0.1,-20356974,6893,9255,0.0,0.0
1728.330,172833,2,0.1,-9367428,6893,9255,0.0,0.0
1728.340,172834,2,0.1,2988154,6893,9255,0.0,0.0
1728.350,172835,2,0.1,7503492,6893,9255,0.0,0.0
1728.360,172836,2,0.1,-21907439,6893,9255,0.0,0.0
1728.370,172837,2,0.1,30169132,6893,9255,0.0,0.0
1728.380,172838,2,0.1,-21324887,6893,9255,0.0,0.0
1728.390,172839,2,0.1,-7900380,6893,9255,0.0,0.0
1728.400,172840,2,0.1,-17017464,6893,9255,0.0,0.0
1728.410,172841,2,0.1,20165625,6893,9255,0.0,0.0
1728.420,172842,2,0.1,-4998986,6893,9255,0.0,0.0
1728.430,172843,2,0.1,-21238435,6893,9255,0.0,0.0
1728.440,172844,2,0.1,-24488582,6893,9255,0.0,0.0
1728.450,172845,2,0.1,-21963096,6893,9255,0.0,0.0
1728.460,172846,2,0.1,-19339967,6893,9255,0.0,0.0
1728.470,172847,2,0.1,6343865,6893,9255,0.0,0.0
1728.480,172848,2,0.1,-13311419,6893,9255,0.0,0.0
1728.490,172849,2,0.1,3670025,6893,9255,0.0,0.0
1728.500,172850,2,0.1,193186,6893,9255,0.0,0.0
1728.510,172851,2,0.1,-36860892,6893,9255,0.0,0.0
1728.520,172852,2,0.1,22794649,6893,9255,0.0,0.0
1728.530,172853,2,0.1,-8924230,6893,9255,0.0,0.0
1728.540,172854,2,0.1,-17196211,6893,9255,0.0,0.0
1728.550,172855,2,0.1,-19240741,6893,9255,0.0,0.0
1728.560,172856,2,0.1,-15810629,6893,9255,0.0,0.0
1728.570,172857,2,0.1,-13995660,6893,9255,0.0,0.0
1728.580,172858,2,0.1,-2209879,6893,9255,0.0,0.0
1728.590,172859,2,0.1,-3868142,6893,9255,0.0,0.0
1728.600,172860,2,0.1,8088124,6893,9255,0.0,0.0
1728.610,172861,2,0.1,-10353082,6893,9255,0.0,0.0
1728.620,172862,2,0.1,5291038,6893,9255,0.0,0.0
1728.630,172863,2,0.1,-45315078,6893,9255,0.0,0.0
1728.640,172864,2,0.1,-12364295,6893,9255,0.0,0.0
1728.650,172865,2,0.1,12366712,6893,9255,0.0,0.0
1728.660,172866,2,0.1,-14559495,6893,9255,0.0,0.0
1728.670,172867,2,0.1,5937991,6893,9255,0.0,0.0
1728.680,172868,2,0.1,21650278,6893,9255,0.0,0.0
1728.690,172869,2,0.1,9060844,6893,9255,0.0,0.0
1728.700,172870,2,0.1,-24055884,6893,9255,0.0,0.0
1728.710,172871,2,0.1,-9948816,6893,9255,0.0,0.0
1728.720,172872,2,0.1,-10032844,6893,9255,0.0,0.0
1728.730,172873,2,0.1,6865615,6893,9255,0.0,0.0
1728.740,172874,2,0.1,1258780,6893,9255,0.0,0.0
1728.750,172875,2,0.1,19210034,6893,9255,0.0,0.0
1728.760,172876,2,0.1,27297758,6893,9255,0.0,0.0
1728.770,172877,2,0.1,2383501,6893,9255,0.0,0.0
1728.780,172878,2,0.1,12339187,6893,9255,0.0,0.0
1728.790,172879,2,0.1,-9497230,6893,9255,0.0,0.0
1728.800,172880,2,0.1,15326991,6893,9255,0.0,0.0
1728.810,172881,2,0.1,-10626492,6893,9255,0.0,0.0
1728.820,172882,2,0.1,-19815198,6893,9255,0.0,0.0
1728.830,172883,2,0.1,-42522666,6893,9255,0.0,0.0
1728.840,172884,2,0.1,26843161,6893,9255,0.0,0.0
1728.850,172885,2,0.1,-9886327,6893,9255,0.0,0.0
1728.860,172886,2,0.1,-10660871,6893,9255,0.0,0.0
1728.870,172887,2,0.1,-36268140,6893,9255,0.0,0.0
1728.880,172888,2,0.1,-154525,6893,9255,0.0,0.0
1728.890,172889,2,0.1,17062113,6893,9255,0.0,0.0
1728.900,172890,2,0.1,14781427,6893,9255,0.0,0.0
1728.910,172891,2,0.1,-15358972,6893,9255,0.0,0.0
1728.920,172892,2,0.1,-2022222,6893,9255,0.0,0.0
1728.930,172893,2,0.1,8531203,6893,9255,0.0,0.0
1728.940,172894,2,0.1,1908378,6893,9255,0.0,0.0
1728.950,172895,2,0.1,-15622678,6893,9255,0.0,0.0
1728.960,172896,2,0.1,29099898,6893,9255,0.0,0.0
1728.970,172897,2,0.1,-3380182,6893,9255,0.0,0.0
1728.980,172898,2,0.1,-28414875,6893,9255,0.0,0.0
1728.990,172899,2,0.1,16350066,6893,9255,0.0,0.0
1729.000,172900,2,0.1,8437218,6893,9255,0.0,0.0
1729.010,172901,2,0.1,-18911506,6893,9255,0.0,0.0
1729.020,172902,2,0.1,-30572603,6893,9255,0.0,0.0
1729.030,172903,2,0.1,-23333311,6893,9255,0.0,0.0
1729.040,172904,2,0.1,-10448429,6893,9255,0.0,0.0
1729.050,172905,2,0.1,-12961097,6893,9255,0.0,0.0
1729.060,172906,2,0.1,14597877,6893,9255,0.0,0.0
1729.070,172907,2,0.1,-15029454,6893,9255,0.0,0.0
1729.080,172908,2,0.1,22388145,6893,9255,0.0,0.0
1729.090,172909,2,0.1,2818555,6893,9255,0.0,0.0
1729.100,172910,2,0.1,-2442894,6893,9255,0.0,0.0
1729.110,172911,2,0.1,-9699714,6893,9255,0.0,0.0
1729.120,172912,2,0.1,673062,6893,9255,0.0,0.0
1729.130,172913,2,0.1,36998394,6893,9255,0.0,0.0
1729.140,172914,2,0.1,-10971381,6893,9255,0.0,0.0
1729.150,172915,2,0.1,-9196461,6893,9255,0.0,0.0
1729.160,172916,2,0.1,-1798601,6893,9255,0.0,0.0
1729.170,172917,2,0.1,-32332635,6893,9255,0.0,0.0
1729.180,172918,2,0.1,-6852740,6893,9255,0.0,0.0
1729.190,172919,2,0.1,29307270,6893,9255,0.0,0.0
1729.200,172920,2,0.1,-22329671,6893,9255,0.0,0.0
1729.210,172921,2,0.1,9204978,6893,9255,0.0,0.0
1729.220,172922,2,0.1,4280933,6893,9255,0.0,0.0
1729.230,172923,2,0.1,560232,6893,9255,0.0,0.0
1729.240,172924,2,0.1,35804544,6893,9255,0.0,0.0
1729.250,172925,2,0.1,-12565279,6893,9255,0.0,0.0
1729.260,172926,2,0.1,37943057,6893,9255,0.0,0.0
1729.270,172927,2,0.1,20708515,6893,9255,0.0,0.0
1729.280,172928,2,0.1,9387097,6893,9255,0.0,0.0
1729.290,172929,2,0.1,2699833,6893,9255,0.0,0.0
1729.300,172930,2,0.1,-222628,6893,9255,0.0,0.0
1729.310,172931,2,0.1,-27422718,6893,9255,0.0,0.0
1729.320,172932,2,0.1,9996469,6893,9255,0.0,0.0
1729.330,172933,2,0.1,-6830923,6893,9255,0.0,0.0
1729.340,172934,2,0.1,9514100,6893,9255,0.0,0.0
1729.350,172935,2,0.1,4880277,6893,9255,0.0,0.0
1729.360,172936,2,0.1,15164494,6893,9255,0.0,0.0
1729.370,172937,2,0.1,30728340,6893,9255,0.0,0.0
1729.380,172938,2,0.1,-14561384,6893,9255,0.0,0.0
1729.390,172939,2,0.1,20046559,6893,9255,0.0,0.0
1729.400,172940,2,0.1,24188756,6893,9255,0.0,0.0
1729.410,172941,2,0.1,-12200493,6893,9255,0.0,0.0
1729.420,172942,2,0.1,26593804,6893,9255,0.0,0.0
1729.430,172943,2,0.1,20458502,6893,9255,0.0,0.0
1729.440,172944,2,0.1,-15951765,6893,9255,0.0,0.0
1729.450,172945,2,0.1,-8449299,6893,9255,0.0,0.0
1729.460,172946,2,0.1,16707632,6893,9255,0.0,0.0
1729.470,172947,2,0.1,-2845369,6893,9255,0.0,0.0
1729.480,172948,2,0.1,26113733,6893,9255,0.0,0.0
1729.490,172949,2,0.1,-14537479,6893,9255,0.0,0.0
1729.500,172950,2,0.1,8860230,6893,9255,0.0,0.0
1729.510,172951,2,0.1,23711011,6893,9255,0.0,0.0
1729.520,172952,2,0.1,-9968727,6893,9255,0.0,0.0
1729.530,172953,2,0.1,-17319318,6893,9255,0.0,0.0
1729.540,172954,2,0.1,-14196978,6893,9255,0.0,0.0
1729.550,172955,2,0.1,15926377,6893,9255,0.0,0.0
1729.560,172956,2,0.1,-8933514,6893,9255,0.0,0.0
1729.570,172957,2,0.1,-9380078,6893,9255,0.0,0.0
1729.580,172958,2,0.1,-9386552,6893,9255,0.0,0.0
1729.590,172959,2,0.1,15743058,6893,9255,0.0,0.0
1729.600,172960,2,0.1,-12904205,6893,9255,0.0,0.0
1729.610,172961,2,0.1,-11919134,6893,9255,0.0,0.0
1729.620,172962,2,0.1,-671655,6893,9255,0.0,0.0
1729.630,172963,2,0.1,5721191,6893,9255,0.0,0.0
1729.640,172964,2,0.1,22306146,6893,9255,0.0,0.0
1729.650,172965,2,0.1,-17686051,6893,9255,0.0,0.0
1729.660,172966,2,0.1,-12547304,6893,9255,0.0,0.0
1729.670,172967,2,0.1,23180902,6893,9255,0.0,0.0
1729.680,172968,2,0.1,-33313952,6893,9255,0.0,0.0
1729.690,172969,2,0.1,1677402,6893,9255,0.0,0.0
1729.700,172970,2,0.1,18930309,6893,9255,0.0,0.0
1729.710,172971,2,0.1,5300133,6893,9255,0.0,0.0
1729.720,172972,2,0.1,-4193751,6893,9255,0.0,0.0
1729.730,172973,2,0.1,-7807415,6893,9255,0.0,0.0
1729.740,172974,2,0.1,-13513802,6893,9255,0.0,0.0
1729.750,172975,2,0.1,-8401313,6893,9255,0.0,0.0
1729.760,172976,2,0.1,14346370,6893,9255,0.0,0.0
1729.770,172977,2,0.1,-1694876,6893,9255,0.0,0.0
1729.780,172978,2,0.1,6826334,6893,9255,0.0,0.0
1729.790,172979,2,0.1,10100203,6893,9255,0.0,0.0
1729.800,172980,2,0.1,-5453050,6893,9255,0.0,0.0
1729.810,172981,2,0.1,3018314,6893,9255,0.0,0.0
1729.820,172982,2,0.1,14418027,6893,9255,0.0,0.0
1729.830,172983,2,0.1,-7476998,6893,9255,0.0,0.0
1729.840,172984,2,0.1,2240515,6893,9255,0.0,0.0
1729.850,172985,2,0.1,-7034644,6893,9255,0.0,0.0
1729.860,172986,2,0.1,5408274,6893,9255,0.0,0.0
1729.870,172987,2,0.1,10377911,6893,9255,0.0,0.0
1729.880,172988,2,0.1,2408776,6893,9255,0.0,0.0
1729.890,172989,2,0.1,14033731,6893,9255,0.0,0.0
1729.900,172990,2,0.1,11868715,6893,9255,0.0,0.0
1729.910,172991,2,0.1,32345179,6893,9255,0.0,0.0
1729.920,172992,2,0.1,14301741,6893,9255,0.0,0.0
1729.930,172993,2,0.1,-12285254,6893,9255,0.0,0.0
1729.940,172994,2,0.1,21839050,6893,9255,0.0,0.0
1729.950,172995,2,0.1,-30443436,6893,9255,0.0,0.0
1729.960,172996,2,0.1,2715204,6893,9255,0.0,0.0
1729.970,172997,2,0.1,-28461016,6893,9255,0.0,0.0
1729.980,172998,2,0.1,-3927363,6893,9255,0.0,0.0
1729.990,172999,2,0.1,3378739,6893,9255,0.0,0.0
1730.000,173000,2,0.1,-7675137,6893,9255,0.0,0.0
1730.010,173001,2,0.1,-5949279,6893,9255,0.0,0.0
1730.020,173002,2,0.1,-10741879,6893,9255,0.0,0.0
1730.030,173003,2,0.1,43527455,6893,9255,0.0,0.0
1730.040,173004,2,0.1,-27623557,6893,9255,0.0,0.0
1730.050,173005,2,0.1,5245867,6893,9255,0.0,0.0
1730.060,173006,2,0.1,-42990215,6893,9255,0.0,0.0
1730.070,173007,2,0.1,8640496,6893,9255,0.0,0.0
1730.080,173008,2,0.1,-11892021,6893,9255,0.0,0.0
1730.090,173009,2,0.1,678904,6893,9255,0.0,0.0
1730.100,173010,2,0.1,-19152969,6893,9255,0.0,0.0
1730.110,173011,2,0.1,-9675537,6893,9255,0.0,0.0
1730.120,173012,2,0.1,2458112,6893,9255,0.0,0.0
1730.130,173013,2,0.1,-40477765,6893,9255,0.0,0.0
1730.140,173014,2,0.1,-15616400,6893,9255,0.0,0.0
1730.150,173015,2,0.1,-15508375,6893,9255,0.0,0.0
1730.160,173016,2,0.1,-5911580,6893,9255,0.0,0.0
1730.170,173017,2,0.1,-13290155,6893,9255,0.0,0.0
1730.180,173018,2,0.1,-10344068,6893,9255,0.0,0.0
1730.190,173019,2,0.1,2187422,6893,9255,0.0,0.0
1730.200,173020,2,0.1,-16672122,6893,9255,0.0,0.0
1730.210,173021,2,0.1,-15295507,6893,9255,0.0,0.0
1730.220,173022,2,0.1,-14666807,6893,9255,0.0,0.0
1730.230,173023,2,0.1,-8915537,6893,9255,0.0,0.0
1730.240,173024,2,0.1,-6599020,6893,9255,0.0,0.0
1730.250,173025,2,0.1,8044574,6893,9255,0.0,0.0
1730.260,173026,2,0.1,6529693,6893,9255,0.0,0.0
1730.270,173027,2,0.1,-1254531,6893,9255,0.0,0.0
1730.280,173028,2,0.1,-750900,6893,9255,0.0,0.0
1730.290,173029,2,0.1,1776196,6893,9255,0.0,0.0
1730.300,173030,2,0.1,14186914,6893,9255,0.0,0.0
1730.310,173031,2,0.1,1641915,6893,9255,0.0,0.0
1730.320,173032,2,0.1,-402588,6893,9255,0.0,0.0
1730.330,173033,2,0.1,14982527,6893,9255,0.0,0.0
1730.340,173034,2,0.1,-2899251,6893,9255,0.0,0.0
1730.350,173035,2,0.1,104010,6893,9255,0.0,0.0
1730.360,173036,2,0.1,-27102091,6893,9255,0.0,0.0
1730.370,173037,2,0.1,18559248,6893,9255,0.0,0.0
1730.380,173038,2,0.1,-34374612,6893,9255,0.0,0.0
1730.390,173039,2,0.1,-24364595,6893,9255,0.0,0.0
1730.400,173040,2,0.1,-4215304,6893,9255,0.0,0.0
1730.410,173041,2,0.1,23114213,6893,9255,0.0,0.0
1730.420,173042,2,0.1,-18100375,6893,9255,0.0,0.0
1730.430,173043,2,0.1,11212733,6893,9255,0.0,0.0
1730.440,173044,2,0.1,-28863753,6893,9255,0.0,0.0
1730.450,173045,2,0.1,-549569,6893,9255,0.0,0.0
1730.460,173046,2,0.1,-37236794,6893,9255,0.0,0.0
1730.470,173047,2,0.1,-21337396,6893,9255,0.0,0.0
1730.480,173048,2,0.1,13244704,6893,9255,0.0,0.0
1730.490,173049,2,0.1,-19021767,6893,9255,0.0,0.0
1730.500,173050,2,0.1,-6593749,6893,9255,0.0,0.0
1730.510,173051,2,0.1,9205176,6893,9255,0.0,0.0
1730.520,173052,2,0.1,12829282,6893,9255,0.0,0.0
1730.530,173053,2,0.1,-21727410,6893,9255,0.0,0.0
1730.540,173054,2,0.1,-12917713,6893,9255,0.0,0.0
1730.550,173055,2,0.1,-14960470,6893,9255,0.0,0.0
1730.560,173056,2,0.1,-31243958,6893,9255,0.0,0.0
1730.570,173057,2,0.1,1603571,6893,9255,0.0,0.0
1730.580,173058,2,0.1,5473826,6893,9255,0.0,0.0
1730.590,173059,2,0.1,-3721844,6893,9255,0.0,0.0
1730.600,173060,2,0.1,-4169792,6893,9255,0.0,0.0
1730.610,173061,2,0.1,19582924,6893,9255,0.0,0.0
1730.620,173062,2,0.1,-10604894,6893,9255,0.0,0.0
1730.630,173063,2,0.1,-2850284,6893,9255,0.0,0.0
1730.640,173064,2,0.1,732678,6893,9255,0.0,0.0
1730.650,173065,2,0.1,-25203231,6893,9255,0.0,0.0
1730.660,173066,2,0.1,1403692,6893,9255,0.0,0.0
1730.670,173067,2,0.1,-14759780,6893,9255,0.0,0.0
1730.680,173068,2,0.1,2744992,6893,9255,0.0,0.0
1730.690,173069,2,0.1,-25383964,6893,9255,0.0,0.0
1730.700,173070,2,0.1,11332305,6893,9255,0.0,0.0
1730.710,173071,2,0.1,-11124801,6893,9255,0.0,0.0
1730.720,173072,2,0.1,-3734410,6893,9255,0.0,0.0
1730.730,173073,2,0.1,11784076,6893,9255,0.0,0.0
1730.740,173074,2,0.1,-10382407,6893,9255,0.0,0.0
1730.750,173075,2,0.1,1429355,6893,9255,0.0,0.0
1730.760,173076,2,0.1,7992681,6893,9255,0.0,0.0
1730.770,173077,2,0.1,4074676,6893,9255,0.0,0.0
1730.780,173078,2,0.1,15734677,6893,9255,0.0,0.0
1730.790,173079,2,0.1,-8433445,6893,9255,0.0,0.0
1730.800,173080,2,0.1,-3159199,6893,9255,0.0,0.0
1730.810,173081,2,0.1,20397370,6893,9255,0.0,0.0
1730.820,173082,2,0.1,-3486118,6893,9255,0.0,0.0
1730.830,173083,2,0.1,-18708182,6893,9255,0.0,0.0
1730.840,173084,2,0.1,12109925,6893,9255,0.0,0.0
1730.850,173085,2,0.1,6884801,6893,9255,0.0,0.0
1730.860,173086,2,0.1,1017311,6893,9255,0.0,0.0
1730.870,173087,2,0.1,12299013,6893,9255,0.0,0.0
1730.880,173088,2,0.1,4709954,6893,9255,0.0,0.0
1730.890,173089,2,0.1,-13555264,6893,9255,0.0,0.0
1730.900,173090,2,0.1,9456939,6893,9255,0.0,0.0
1730.910,173091,2,0.1,-17867226,6893,9255,0.0,0.0
1730.920,173092,2,0.1,2165431,6893,9255,0.0,0.0
1730.930,173093,2,0.1,8975126,6893,9255,0.0,0.0
1730.940,173094,2,0.1,32112238,6893,9255,0.0,0.0
1730.950,173095,2,0.1,-6044643,6893,9255,0.0,0.0
1730.960,173096,2,0.1,5894791,6893,9255,0.0,0.0
1730.970,173097,2,0.1,-6801472,6893,9255,0.0,0.0
1730.980,173098,2,0.1,-7914794,6893,9255,0.0,0.0
1730.990,173099,2,0.1,-2694268,6893,9255,0.0,0.0
1731.000,173100,2,0.1,14338908,6893,9255,0.0,0.0
1731.010,173101,2,0.1,17536932,6893,9255,0.0,0.0
1731.020,173102,2,0.1,-15637651,6893,9255,0.0,0.0
1731.030,173103,2,0.1,-2433595,6893,9255,0.0,0.0
1731.040,173104,2,0.1,-1893311,6893,9255,0.0,0.0
1731.050,173105,2,0.1,2461512,6893,9255,0.0,0.0
1731.060,173106,2,0.1,26426676,6893,9255,0.0,0.0
1731.070,173107,2,0.1,9476614,6893,9255,0.0,0.0
1731.080,173108,2,0.1,-15071256,6893,9255,0.0,0.0
1731.090,173109,2,0.1,11869536,6893,9255,0.0,0.0
1731.100,173110,2,0.1,-12427196,6893,9255,0.0,0.0
1731.110,173111,2,0.1,31459272,6893,9255,0.0,0.0
1731.120,173112,2,0.1,-3412691,6893,9255,0.0,0.0
1731.130,173113,2,0.1,1195000,6893,9255,0.0,0.0
1731.140,173114,2,0.1,-774817,6893,9255,0.0,0.0
1731.150,173115,2,0.1,-16417137,6893,9255,0.0,0.0
1731.160,173116,2,0.1,-6150969,6893,9255,0.0,0.0
1731.170,173117,2,0.1,-5280853,6893,9255,0.0,0.0
1731.180,173118,2,0.1,14994699,6893,9255,0.0,0.0
1731.190,173119,2,0.1,26361557,6893,9255,0.0,0.0
1731.200,173120,2,0.1,4827955,6893,9255,0.0,0.0
1731.210,173121,2,0.1,309048,6893,9255,0.0,0.0
1731.220,173122,2,0.1,-2307537,6893,9255,0.0,0.0
1731.230,173123,2,0.1,-5891757,6893,9255,0.0,0.0
1731.240,173124,2,0.1,-20899798,6893,9255,0.0,0.0
1731.250,173125,2,0.1,-27891152,6893,9255,0.0,0.0
1731.260,173126,2,0.1,-10790573,6893,9255,0.0,0.0
1731.270,173127,2,0.1,-6592469,6893,9255,0.0,0.0
1731.280,173128,2,0.1,2088257,6893,9255,0.0,0.0
1731.290,173129,2,0.1,-31774054,6893,9255,0.0,0.0
1731.300,173130,2,0.1,-17332472,6893,9255,0.0,0.0
1731.310,173131,2,0.1,3830495,6893,9255,0.0,0.0
1731.320,173132,2,0.1,13006761,6893,9255,0.0,0.0
1731.330,173133,2,0.1,-10302469,6893,9255,0.0,0.0
1731.340,173134,2,0.1,13980023,6893,9255,0.0,0.0
1731.350,173135,2,0.1,-3658990,6893,9255,0.0,0.0
1731.360,173136,2,0.1,-5180418,6893,9255,0.0,0.0
1731.370,173137,2,0.1,26537699,6893,9255,0.0,0.0
1731.380,173138,2,0.1,27142814,6893,9255,0.0,0.0
1731.390,173139,2,0.1,16962229,6893,9255,0.0,0.0
1731.400,173140,2,0.1,-13236664,6893,9255,0.0,0.0
1731.410,173141,2,0.1,-24608623,6893,9255,0.0,0.0
1731.420,173142,2,0.1,-12435936,6893,9255,0.0,0.0
1731.430,173143,2,0.1,-20294172,6893,9255,0.0,0.0
1731.440,173144,2,0.1,-22019910,6893,9255,0.0,0.0
1731.450,173145,2,0.1,9306460,6893,9255,0.0,0.0
1731.460,173146,2,0.1,-4410607,6893,9255,0.0,0.0
1731.470,173147,2,0.1,2951684,6893,9255,0.0,0.0
1731.480,173148,2,0.1,192328,6893,9255,0.0,0.0
1731.490,173149,2,0.1,15454249,6893,9255,0.0,0.0
1731.500,173150,2,0.1,-18319266,6893,9255,0.0,0.0
1731.510,173151,2,0.1,-11857667,6893,9255,0.0,0.0
1731.520,173152,2,0.1,14899546,6893,9255,0.0,0.0
1731.530,173153,2,0.1,-11827969,6893,9255,0.0,0.0
1731.540,173154,2,0.1,-7047480,6893,9255,0.0,0.0
1731.550,173155,2,0.1,5029815,6893,9255,0.0,0.0
1731.560,173156,2,0.1,465727,6893,9255,0.0,0.0
1731.570,173157,2,0.1,1075016,6893,9255,0.0,0.0
1731.580,173158,2,0.1,-10943323,6893,9255,0.0,0.0
1731.590,173159,2,0.1,-259977,6893,9255,0.0,0.0
1731.600,173160,2,0.1,-11735600,6893,9255,0.0,0.0
1731.610,173161,2,0.1,-7343419,6893,9255,0.0,0.0
1731.620,173162,2,0.1,-5205579,6893,9255,0.0,0.0
1731.630,173163,2,0.1,2026464,6893,9255,0.0,0.0
1731.640,173164,2,0.1,3550507,6893,9255,0.0,0.0
1731.650,173165,2,0.1,23347231,6893,9255,0.0,0.0
1731.660,173166,2,0.1,4950010,6893,9255,0.0,0.0
1731.670,173167,2,0.1,-4306424,6893,9255,0.0,0.0
1731.680,173168,2,0.1,5891307,6893,9255,0.0,0.0
1731.690,173169,2,0.1,13968904,6893,9255,0.0,0.0
1731.700,173170,2,0.1,1786769,6893,9255,0.0,0.0
1731.710,173171,2,0.1,-18837984,6893,9255,0.0,0.0
1731.720,173172,2,0.1,-2658388,6893,9255,0.0,0.0
1731.730,173173,2,0.1,14730614,6893,9255,0.0,0.0
1731.740,173174,2,0.1,-33950713,6893,9255,0.0,0.0
1731.750,173175,2,0.1,393215,6893,9255,0.0,0.0
1731.760,173176,2,0.1,1328051,6893,9255,0.0,0.0
1731.770,173177,2,0.1,-6738580,6893,9255,0.0,0.0
1731.780,173178,2,0.1,11537599,6893,9255,0.0,0.0
1731.790,173179,2,0.1,-9892581,6893,9255,0.0,0.0
1731.800,173180,2,0.1,29283398,6893,9255,0.0,0.0
1731.810,173181,2,0.1,-9135075,6893,9255,0.0,0.0
1731.820,173182,2,0.1,-5561472,6893,9255,0.0,0.0
1731.830,173183,2,0.1,-2414155,6893,9255,0.0,0.0
1731.840,173184,2,0.1,7437768,6893,9255,0.0,0.0
1731.850,173185,2,0.1,-10246750,6893,9255,0.0,0.0
1731.860,173186,2,0.1,-10293498,6893,9255,0.0,0.0
1731.870,173187,2,0.1,11625435,6893,9255,0.0,0.0
1731.880,173188,2,0.1,-5748732,6893,9255,0.0,0.0
1731.890,173189,2,0.1,-5451509,6893,9255,0.0,0.0
1731.900,173190,2,0.1,-35475406,6893,9255,0.0,0.0
1731.910,173191,2,0.1,-5840049,6893,9255,0.0,0.0
1731.920,173192,2,0.1,-9347461,6893,9255,0.0,0.0
1731.930,173193,2,0.1,-17259718,6893,9255,0.0,0.0
1731.940,173194,2,0.1,-3506595,6893,9255,0.0,0.0
1731.950,173195,2,0.1,-18273870,6893,9255,0.0,0.0
1731.960,173196,2,0.1,-2757455,6893,9255,0.0,0.0
1731.970,173197,2,0.1,4370224,6893,9255,0.0,0.0
1731.980,173198,2,0.1,407266,6893,9255,0.0,0.0
1731.990,173199,2,0.1,21083780,6893,9255,0.0,0.0
1732.000,173200,2,0.1,6279684,6893,9255,0.0,0.0
1732.010,173201,2,0.1,-14941052,6893,9255,0.0,0.0
1732.020,173202,2,0.1,27399247,6893,9255,0.0,0.0
1732.030,173203,2,0.1,4740360,6893,9255,0.0,0.0
1732.040,173204,2,0.1,-1816412,6893,9255,0.0,0.0
1732.050,173205,2,0.1,-6846022,6893,9255,0.0,0.0
1732.060,173206,2,0.1,-10836061,6893,9255,0.0,0.0
1732.070,173207,2,0.1,-11288279,6893,9255,0.0,0.0
1732.080,173208,2,0.1,14138646,6893,9255,0.0,0.0
1732.090,173209,2,0.1,227858,6893,9255,0.0,0.0
1732.100,173210,2,0.1,10721218,6893,9255,0.0,0.0
1732.110,173211,2,0.1,-44363062,6893,9255,0.0,0.0
1732.120,173212,2,0.1,-13659304,6893,9255,0.0,0.0
1732.130,173213,2,0.1,-21311785,6893,9255,0.0,0.0
1732.140,173214,2,0.1,-20840070,6893,9255,0.0,0.0
1732.150,173215,2,0.1,-16386615,6893,9255,0.0,0.0
1732.160,173216,2,0.1,-3294924,6893,9255,0.0,0.0
1732.170,173217,2,0.1,-1406378,6893,9255,0.0,0.0
1732.180,173218,2,0.1,819455,6893,9255,0.0,0.0
1732.190,173219,2,0.1,-12511396,6893,9255,0.0,0.0
1732.200,173220,2,0.1,-5963359,6893,9255,0.0,0.0
1732.210,173221,2,0.1,-4261322,6893,9255,0.0,0.0
1732.220,173222,2,0.1,-18535299,6893,9255,0.0,0.0
1732.230,173223,2,0.1,6717940,6893,9255,0.0,0.0
1732.240,173224,2,0.1,7130472,6893,9255,0.0,0.0
1732.250,173225,2,0.1,-5153222,6893,9255,0.0,0.0
1732.260,173226,2,0.1,-21344021,6893,9255,0.0,0.0
1732.270,173227,2,0.1,-15956005,6893,9255,0.0,0.0
1732.280,173228,2,0.1,-8226964,6893,9255,0.0,0.0
1732.290,173229,2,0.1,-2598565,6893,9255,0.0,0.0
1732.300,173230,2,0.1,-5881352,6893,9255,0.0,0.0
1732.310,173231,2,0.1,-16106994,6893,9255,0.0,0.0
1732.320,173232,2,0.1,2106254,6893,9255,0.0,0.0
1732.330,173233,2,0.1,-1964800,6893,9255,0.0,0.0
1732.340,173234,2,0.1,-12258725,6893,9255,0.0,0.0
1732.350,173235,2,0.1,3519348,6893,9255,0.0,0.0
1732.360,173236,2,0.1,-769347,6893,9255,0.0,0.0
1732.370,173237,2,0.1,-6281335,6893,9255,0.0,0.0
1732.380,173238,2,0.1,9573689,6893,9255,0.0,0.0
1732.390,173239,2,0.1,-9484095,6893,9255,0.0,0.0
1732.400,173240,2,0.1,-10597187,6893,9255,0.0,0.0
1732.410,173241,2,0.1,15130911,6893,9255,0.0,0.0
1732.420,173242,2,0.1,3948815,6893,9255,0.0,0.0
1732.430,173243,2,0.1,4839324,6893,9255,0.0,0.0
1732.440,173244,2,0.1,-10362868,6893,9255,0.0,0.0
1732.450,173245,2,0.1,1608080,6893,9255,0.0,0.0
1732.460,173246,2,0.1,-22146325,6893,9255,0.0,0.0
1732.470,173247,2,0.1,12546728,6893,9255,0.0,0.0
1732.480,173248,2,0.1,-1430799,6893,9255,0.0,0.0
1732.490,173249,2,0.1,-22503672,6893,9255,0.0,0.0
1732.500,173250,2,0.1,10889559,6893,9255,0.0,0.0
1732.510,173251,2,0.1,9878223,6893,9255,0.0,0.0
1732.520,173252,2,0.1,2049169,6893,9255,0.0,0.0
1732.530,173253,2,0.1,-18403639,6893,9255,0.0,0.0
1732.540,173254,2,0.1,24371213,6893,9255,0.0,0.0
1732.550,173255,2,0.1,-17222890,6893,9255,0.0,0.0
1732.560,173256,2,0.1,10215169,6893,9255,0.0,0.0
1732.570,173257,2,0.1,-11627460,6893,9255,0.0,0.0
1732.580,173258,2,0.1,10156117,6893,9255,0.0,0.0
1732.590,173259,2,0.1,-15456950,6893,9255,0.0,0.0
1732.600,173260,2,0.1,10099835,6893,9255,0.0,0.0
1732.610,173261,2,0.1,-10815009,6893,9255,0.0,0.0
1732.620,173262,2,0.1,-29223309,6893,9255,0.0,0.0
1732.630,173263,2,0.1,-5426904,6893,9255,0.0,0.0
1732.640,173264,2,0.1,-11088366,6893,9255,0.0,0.0
1732.650,173265,2,0.1,-14321359,6893,9255,0.0,0.0
1732.660,173266,2,0.1,1642268,6893,9255,0.0,0.0
1732.670,173267,2,0.1,2310069,6893,9255,0.0,0.0
1732.680,173268,2,0.1,5563838,6893,9255,0.0,0.0
1732.690,173269,2,0.1,-11838616,6893,9255,0.0,0.0
1732.700,173270,2,0.1,-28968485,6893,9255,0.0,0.0
1732.710,173271,2,0.1,-4921435,6893,9255,0.0,0.0
1732.720,173272,2,0.1,-13441756,6893,9255,0.0,0.0
1732.730,173273,2,0.1,16114412,6893,9255,0.0,0.0
1732.740,173274,2,0.1,-19320382,6893,9255,0.0,0.0
1732.750,173275,2,0.1,9854949,6893,9255,0.0,0.0
1732.760,173276,2,0.1,7015187,6893,9255,0.0,0.0
1732.770,173277,2,0.1,48889600,6893,9255,0.0,0.0
1732.780,173278,2,0.1,-24643215,6893,9255,0.0,0.0
1732.790,173279,2,0.1,12113802,6893,9255,0.0,0.0
1732.800,173280,2,0.1,21837062,6893,9255,0.0,0.0
1732.810,173281,2,0.1,-708503,6893,9255,0.0,0.0
1732.820,173282,2,0.1,-160012,6893,9255,0.0,0.0
1732.830,173283,2,0.1,-12416722,6893,9255,0.0,0.0
1732.840,173284,2,0.1,-19102026,6893,9255,0.0,0.0
1732.850,173285,2,0.1,-2932753,6893,9255,0.0,0.0
1732.860,173286,2,0.1,1376635,6893,9255,0.0,0.0
1732.870,173287,2,0.1,-18609344,6893,9255,0.0,0.0
1732.880,173288,2,0.1,-16620020,6893,9255,0.0,0.0
1732.890,173289,2,0.1,-8398747,6893,9255,0.0,0.0
1732.900,173290,2,0.1,-12873815,6893,9255,0.0,0.0
1732.910,173291,2,0.1,17598790,6893,9255,0.0,0.0
1732.920,173292,2,0.1,690394,6893,9255,0.0,0.0
1732.930,173293,2,0.1,-30425243,6893,9255,0.0,0.0
1732.940,173294,2,0.1,13441898,6893,9255,0.0,0.0
1732.950,173295,2,0.1,-8268515,6893,9255,0.0,0.0
1732.960,173296,2,0.1,-6968610,6893,9255,0.0,0.0
1732.970,173297,2,0.1,9439484,6893,9255,0.0,0.0
1732.980,173298,2,0.1,8249459,6893,9255,0.0,0.0
1732.990,173299,2,0.1,7096071,6893,9255,0.0,0.0
1733.000,173300,2,0.1,-18113563,6893,9255,0.0,0.0
1733.010,173301,2,0.1,-24665033,6893,9255,0.0,0.0
1733.020,173302,2,0.1,9000595,6893,9255,0.0,0.0
1733.030,173303,2,0.1,-4856199,6893,9255,0.0,0.0
1733.040,173304,2,0.1,-17748559,6893,9255,0.0,0.0
1733.050,173305,2,0.1,10121005,6893,9255,0.0,0.0
1733.060,173306,2,0.1,-29774104,6893,9255,0.0,0.0
1733.070,173307,2,0.1,15781545,6893,9255,0.0,0.0
1733.080,173308,2,0.1,9930301,6893,9255,0.0,0.0
1733.090,173309,2,0.1,16606129,6893,9255,0.0,0.0
1733.100,173310,2,0.1,5728710,6893,9255,0.0,0.0
1733.110,173311,2,0.1,-125305,6893,9255,0.0,0.0
1733.120,173312,2,0.1,-6633059,6893,9255,0.0,0.0
1733.130,173313,2,0.1,-18331779,6893,9255,0.0,0.0
1733.140,173314,2,0.1,44915828,6893,9255,0.0,0.0
1733.150,173315,2,0.1,-7543483,6893,9255,0.0,0.0
1733.160,173316,2,0.1,13950912,6893,9255,0.0,0.0
1733.170,173317,2,0.1,-5714108,6893,9255,0.0,0.0
1733.180,173318,2,0.1,6831266,6893,9255,0.0,0.0
1733.190,173319,2,0.1,9796913,6893,9255,0.0,0.0
1733.200,173320,2,0.1,628285,6893,9255,0.0,0.0
1733.210,173321,2,0.1,14883963,6893,9255,0.0,0.0
1733.220,173322,2,0.1,-27350744,6893,9255,0.0,0.0
1733.230,173323,2,0.1,22384204,6893,9255,0.0,0.0
1733.240,173324,2,0.1,-11938814,6893,9255,0.0,0.0
1733.250,173325,2,0.1,-13057039,6893,9255,0.0,0.0
1733.260,173326,2,0.1,18299227,6893,9255,0.0,0.0
1733.270,173327,2,0.1,-1489328,6893,9255,0.0,0.0
1733.280,173328,2,0.1,5265838,6893,9255,0.0,0.0
1733.290,173329,2,0.1,3599880,6893,9255,0.0,0.0
1733.300,173330,2,0.1,6813885,6893,9255,0.0,0.0
1733.310,173331,2,0.1,11875409,6893,9255,0.0,0.0
1733.320,173332,2,0.1,-14157514,6893,9255,0.0,0.0
1733.330,173333,2,0.1,19370433,6893,9255,0.0,0.0
1733.340,173334,2,0.1,-6056821,6893,9255,0.0,0.0
1733.350,173335,2,0.1,7551172,6893,9255,0.0,0.0
1733.360,173336,2,0.1,-11621133,6893,9255,0.0,0.0
1733.370,173337,2,0.1,-2665637,6893,9255,0.0,0.0
1733.380,173338,2,0.1,-24165536,6893,9255,0.0,0.0
1733.390,173339,2,0.1,-12296632,6893,9255,0.0,0.0
1733.400,173340,2,0.1,-5811295,6893,9255,0.0,0.0
1733.410,173341,2,0.1,-25607660,6893,9255,0.0,0.0
1733.420,173342,2,0.1,-3145840,6893,9255,0.0,0.0
1733.430,173343,2,0.1,11305866,6893,9255,0.0,0.0
1733.440,173344,2,0.1,8534163,6893,9255,0.0,0.0
1733.450,173345,2,0.1,-14102981,6893,9255,0.0,0.0
1733.460,173346,2,0.1,-3679507,6893,9255,0.0,0.0
1733.470,173347,2,0.1,-16561526,6893,9255,0.0,0.0
1733.480,173348,2,0.1,1266903,6893,9255,0.0,0.0
1733.490,173349,2,0.1,10969306,6893,9255,0.0,0.0
1733.500,173350,2,0.1,29297383,6893,9255,0.0,0.0
1733.510,173351,2,0.1,12381215,6893,9255,0.0,0.0
1733.520,173352,2,0.1,6135791,6893,9255,0.0,0.0
1733.530,173353,2,0.1,8702579,6893,9255,0.0,0.0
1733.540,173354,2,0.1,5622227,6893,9255,0.0,0.0
1733.550,173355,2,0.1,-1648444,6893,9255,0.0,0.0
1733.560,173356,2,0.1,-16629595,6893,9255,0.0,0.0
1733.570,173357,2,0.1,-5942785,6893,9255,0.0,0.0
1733.580,173358,2,0.1,9874638,6893,9255,0.0,0.0
1733.590,173359,2,0.1,-12825212,6893,9255,0.0,0.0
1733.600,173360,2,0.1,-25128785,6893,9255,0.0,0.0
1733.610,173361,2,0.1,7812181,6893,9255,0.0,0.0
1733.620,173362,2,0.1,23158912,6893,9255,0.0,0.0
1733.630,173363,2,0.1,-5754247,6893,9255,0.0,0.0
1733.640,173364,2,0.1,3736605,6893,9255,0.0,0.0
1733.650,173365,2,0.1,-14123922,6893,9255,0.0,0.0
1733.660,173366,2,0.1,-4513949,6893,9255,0.0,0.0
1733.670,173367,2,0.1,-12327662,6893,9255,0.0,0.0
1733.680,173368,2,0.1,-1867712,6893,9255,0.0,0.0
1733.690,173369,2,0.1,2657605,6893,9255,0.0,0.0
1733.700,173370,2,0.1,19512028,6893,9255,0.0,0.0
1733.710,173371,2,0.1,-16257271,6893,9255,0.0,0.0
1733.720,173372,2,0.1,19534840,6893,9255,0.0,0.0
1733.730,173373,2,0.1,9538756,6893,9255,0.0,0.0
1733.740,173374,2,0.1,-15341684,6893,9255,0.0,0.0
1733.750,173375,2,0.1,-9744000,6893,9255,0.0,0.0
1733.760,173376,2,0.1,20503504,6893,9255,0.0,0.0
1733.770,173377,2,0.1,-8835443,6893,9255,0.0,0.0
1733.780,173378,2,0.1,-5328235,6893,9255,0.0,0.0
1733.790,173379,2,0.1,-8844099,6893,9255,0.0,0.0
1733.800,173380,2,0.1,-1009860,6893,9255,0.0,0.0
1733.810,173381,2,0.1,-13794772,6893,9255,0.0,0.0
1733.820,173382,2,0.1,24872574,6893,9255,0.0,0.0
1733.830,173383,2,0.1,-8549784,6893,9255,0.0,0.0
1733.840,173384,2,0.1,-1262457,6893,9255,0.0,0.0
1733.850,173385,2,0.1,6772140,6893,9255,0.0,0.0
1733.860,173386,2,0.1,-16301399,6893,9255,0.0,0.0
1733.870,173387,2,0.1,237903,6893,9255,0.0,0.0
1733.880,173388,2,0.1,-30961438,6893,9255,0.0,0.0
1733.890,173389,2,0.1,-11553393,6893,9255,0.0,0.0
1733.900,173390,2,0.1,-463050,6893,9255,0.0,0.0
1733.910,173391,2,0.1,-24849625,6893,9255,0.0,0.0
1733.920,173392,2,0.1,-11773935,6893,9255,0.0,0.0
1733.930,173393,2,0.1,-13264071,6893,9255,0.0,0.0
1733.940,173394,2,0.1,-4318325,6893,9255,0.0,0.0
1733.950,173395,2,0.1,-8965009,6893,9255,0.0,0.0
1733.960,173396,2,0.1,-28001122,6893,9255,0.0,0.0
1733.970,173397,2,0.1,-16731226,6893,9255,0.0,0.0
1733.980,173398,2,0.1,543801,6893,9255,0.0,0.0
1733.990,173399,2,0.1,10329628,6893,9255,0.0,0.0
1734.000,173400,2,0.1,16132034,6893,9255,0.0,0.0
1734.010,173401,2,0.1,-22577279,6893,9255,0.0,0.0
1734.020,173402,2,0.1,18832866,6893,9255,0.0,0.0
1734.030,173403,2,0.1,15258993,6893,9255,0.0,0.0
1734.040,173404,2,0.1,1083690,6893,9255,0.0,0.0
1734.050,173405,2,0.1,20360827,6893,9255,0.0,0.0
1734.060,173406,2,0.1,-14580970,6893,9255,0.0,0.0
1734.070,173407,2,0.1,-14191942,6893,9255,0.0,0.0
1734.080,173408,2,0.1,12928385,6893,9255,0.0,0.0
1734.090,173409,2,0.1,731081,6893,9255,0.0,0.0
1734.100,173410,2,0.1,392464,6893,9255,0.0,0.0
1734.110,173411,2,0.1,-12125558,6893,9255,0.0,0.0
1734.120,173412,2,0.1,15930258,6893,9255,0.0,0.0
1734.130,173413,2,0.1,-21722438,6893,9255,0.0,0.0
1734.140,173414,2,0.1,8594758,6893,9255,0.0,0.0
1734.150,173415,2,0.1,9592856,6893,9255,0.0,0.0
1734.160,173416,2,0.1,-20659908,6893,9255,0.0,0.0
1734.170,173417,2,0.1,-12237292,6893,9255,0.0,0.0
1734.180,173418,2,0.1,20984159,6893,9255,0.0,0.0
1734.190,173419,2,0.1,-12974244,6893,9255,0.0,0.0
1734.200,173420,2,0.1,-16888954,6893,9255,0.0,0.0
1734.210,173421,2,0.1,-1028981,6893,9255,0.0,0.0
1734.220,173422,2,0.1,19374493,6893,9255,0.0,0.0
1734.230,173423,2,0.1,-35005461,6893,9255,0.0,0.0
1734.240,173424,2,0.1,4214817,6893,9255,0.0,0.0
1734.250,173425,2,0.1,6557374,6893,9255,0.0,0.0
1734.260,173426,2,0.1,-18278492,6893,9255,0.0,0.0
1734.270,173427,2,0.1,-10478656,6893,9255,0.0,0.0
1734.280,173428,2,0.1,-20220997,6893,9255,0.0,0.0
1734.290,173429,2,0.1,-15485760,6893,9255,0.0,0.0
1734.300,173430,2,0.1,-3264772,6893,9255,0.0,0.0
1734.310,173431,2,0.1,2424214,6893,9255,0.0,0.0
1734.320,173432,2,0.1,-28199572,6893,9255,0.0,0.0
1734.330,173433,2,0.1,-2571280,6893,9255,0.0,0.0
1734.340,173434,2,0.1,8761471,6893,9255,0.0,0.0
1734.350,173435,2,0.1,-7695408,6893,9255,0.0,0.0
1734.360,173436,2,0.1,11191661,6893,9255,0.0,0.0
1734.370,173437,2,0.1,27992923,6893,9255,0.0,0.0
1734.380,173438,2,0.1,-2082699,6893,9255,0.0,0.0
1734.390,173439,2,0.1,12884337,6893,9255,0.0,0.0
1734.400,173440,2,0.1,-20078658,6893,9255,0.0,0.0
1734.410,173441,2,0.1,-8088941,6893,9255,0.0,0.0
1734.420,173442,2,0.1,-17814554,6893,9255,0.0,0.0
1734.430,173443,2,0.1,-17499027,6893,9255,0.0,0.0
1734.440,173444,2,0.1,2408722,6893,9255,0.0,0.0
1734.450,173445,2,0.1,5686824,6893,9255,0.0,0.0
1734.460,173446,2,0.1,-5697147,6893,9255,0.0,0.0
1734.470,173447,2,0.1,-21416595,6893,9255,0.0,0.0
1734.480,173448,2,0.1,12673068,6893,9255,0.0,0.0
1734.490,173449,2,0.1,14463306,6893,9255,0.0,0.0
1734.500,173450,2,0.1,-8819555,6893,9255,0.0,0.0
1734.510,173451,2,0.1,-21209893,6893,9255,0.0,0.0
1734.520,173452,2,0.1,-5556716,6893,9255,0.0,0.0
1734.530,173453,2,0.1,-6654997,6893,9255,0.0,0.0
1734.540,173454,2,0.1,-33407692,6893,9255,0.0,0.0
1734.550,173455,2,0.1,-11656068,6893,9255,0.0,0.0
1734.560,173456,2,0.1,-9731484,6893,9255,0.0,0.0
1734.570,173457,2,0.1,13213453,6893,9255,0.0,0.0
1734.580,173458,2,0.1,-13118996,6893,9255,0.0,0.0
1734.590,173459,2,0.1,-6922715,6893,9255,0.0,0.0
1734.600,173460,2,0.1,2487061,6893,9255,0.0,0.0
1734.610,173461,2,0.1,-453843,6893,9255,0.0,0.0
1734.620,173462,2,0.1,-36192829,6893,9255,0.0,0.0
1734.630,173463,2,0.1,-12535347,6893,9255,0.0,0.0
1734.640,173464,2,0.1,-26003802,6893,9255,0.0,0.0
1734.650,173465,2,0.1,-3184803,6893,9255,0.0,0.0
1734.660,173466,2,0.1,4023323,6893,9255,0.0,0.0
1734.670,173467,2,0.1,-9616017,6893,9255,0.0,0.0
1734.680,173468,2,0.1,-40041662,6893,9255,0.0,0.0
1734.690,173469,2,0.1,16632637,6893,9255,0.0,0.0
1734.700,173470,2,0.1,-19883171,6893,9255,0.0,0.0
1734.710,173471,2,0.1,-325746,6893,9255,0.0,0.0
1734.720,173472,2,0.1,13921402,6893,9255,0.0,0.0
1734.730,173473,2,0.1,24555935,6893,9255,0.0,0.0
1734.740,173474,2,0.1,-1362525,6893,9255,0.0,0.0
1734.750,173475,2,0.1,-17400384,6893,9255,0.0,0.0
1734.760,173476,2,0.1,-6453716,6893,9255,0.0,0.0
1734.770,173477,2,0.1,-8473952,6893,9255,0.0,0.0
1734.780,173478,2,0.1,-3363673,6893,9255,0.0,0.0
1734.790,173479,2,0.1,4893358,6893,9255,0.0,0.0
1734.800,173480,2,0.1,-11340592,6893,9255,0.0,0.0
1734.810,173481,2,0.1,-21646087,6893,9255,0.0,0.0
1734.820,173482,2,0.1,3861238,6893,9255,0.0,0.0
1734.830,173483,2,0.1,9718601,6893,9255,0.0,0.0
1734.840,173484,2,0.1,5365885,6893,9255,0.0,0.0
1734.850,173485,2,0.1,-18696696,6893,9255,0.0,0.0
1734.860,173486,2,0.1,19614934,6893,9255,0.0,0.0
1734.870,173487,2,0.1,-32347941,6893,9255,0.0,0.0
1734.880,173488,2,0.1,15801750,6893,9255,0.0,0.0
1734.890,173489,2,0.1,-28073971,6893,9255,0.0,0.0
1734.900,173490,2,0.1,-18282883,6893,9255,0.0,0.0
1734.910,173491,2,0.1,17378715,6893,9255,0.0,0.0
1734.920,173492,2,0.1,29480083,6893,9255,0.0,0.0
1734.930,173493,2,0.1,2636195,6893,9255,0.0,0.0
1734.940,173494,2,0.1,-7305884,6893,9255,0.0,0.0
1734.950,173495,2,0.1,-12907756,6893,9255,0.0,0.0
1734.960,173496,2,0.1,-13100381,6893,9255,0.0,0.0
1734.970,173497,2,0.1,15633569,6893,9255,0.0,0.0
1734.980,173498,2,0.1,2043350,6893,9255,0.0,0.0
1734.990,173499,2,0.1,-691621,6893,9255,0.0,0.0
1735.000,173500,2,0.1,28891021,6893,9255,0.0,0.0
1735.010,173501,2,0.1,-26724075,6893,9255,0.0,0.0
1735.020,173502,2,0.1,-1378790,6893,9255,0.0,0.0
1735.030,173503,2,0.1,-25941190,6893,9255,0.0,0.0
1735.040,173504,2,0.1,5302141,6893,9255,0.0,0.0
1735.050,173505,2,0.1,15482552,6893,9255,0.0,0.0
1735.060,173506,2,0.1,-7258534,6893,9255,0.0,0.0
1735.070,173507,2,0.1,-14325697,6893,9255,0.0,0.0
1735.080,173508,2,0.1,-17357671,6893,9255,0.0,0.0
1735.090,173509,2,0.1,1784745,6893,9255,0.0,0.0
1735.100,173510,2,0.1,-15545620,6893,9255,0.0,0.0
1735.110,173511,2,0.1,8385483,6893,9255,0.0,0.0
1735.120,173512,2,0.1,29989917,6893,9255,0.0,0.0
1735.130,173513,2,0.1,-11777743,6893,9255,0.0,0.0
1735.140,173514,2,0.1,-6188700,6893,9255,0.0,0.0
1735.150,173515,2,0.1,6106916,6893,9255,0.0,0.0
1735.160,173516,2,0.1,-16477486,6893,9255,0.0,0.0
1735.170,173517,2,0.1,-1813700,6893,9255,0.0,0.0
1735.180,173518,2,0.1,1041235,6893,9255,0.0,0.0
1735.190,173519,2,0.1,-26127803,6893,9255,0.0,0.0
1735.200,173520,2,0.1,36664550,6893,9255,0.0,0.0
1735.210,173521,2,0.1,-14658130,6893,9255,0.0,0.0
1735.220,173522,2,0.1,-22432540,6893,9255,0.0,0.0
1735.230,173523,2,0.1,-8022283,6893,9255,0.0,0.0
1735.240,173524,2,0.1,-18911039,6893,9255,0.0,0.0
1735.250,173525,2,0.1,-11160930,6893,9255,0.0,0.0
1735.260,173526,2,0.1,1633313,6893,9255,0.0,0.0
1735.270,173527,2,0.1,-41165949,6893,9255,0.0,0.0
1735.280,173528,2,0.1,4709111,6893,9255,0.0,0.0
1735.290,173529,2,0.1,10945733,6893,9255,0.0,0.0
1735.300,173530,2,0.1,-5790421,6893,9255,0.0,0.0
1735.310,173531,2,0.1,-14235163,6893,9255,0.0,0.0
1735.320,173532,2,0.1,10385254,6893,9255,0.0,0.0
1735.330,173533,2,0.1,-5966481,6893,9255,0.0,0.0
1735.340,173534,2,0.1,7523109,6893,9255,0.0,0.0
1735.350,173535,2,0.1,7673400,6893,9255,0.0,0.0
1735.360,173536,2,0.1,-30777599,6893,9255,0.0,0.0
1735.370,173537,2,0.1,6916759,6893,9255,0.0,0.0
1735.380,173538,2,0.1,-28290,6893,9255,0.0,0.0
1735.390,173539,2,0.1,-22182016,6893,9255,0.0,0.0
1735.400,173540,2,0.1,22783204,6893,9255,0.0,0.0
1735.410,173541,2,0.1,1893830,6893,9255,0.0,0.0
1735.420,173542,2,0.1,4584688,6893,9255,0.0,0.0
1735.430,173543,2,0.1,2517452,6893,9255,0.0,0.0
1735.440,173544,2,0.1,3642290,6893,9255,0.0,0.0
1735.450,173545,2,0.1,4837618,6893,9255,0.0,0.0
1735.460,173546,2,0.1,-2795016,6893,9255,0.0,0.0
1735.470,173547,2,0.1,4810751,6893,9255,0.0,0.0
1735.480,173548,2,0.1,-6379684,6893,9255,0.0,0.0
1735.490,173549,2,0.1,-42605534,6893,9255,0.0,0.0
1735.500,173550,2,0.1,-7474306,6893,9255,0.0,0.0
1735.510,173551,2,0.1,-7461324,6893,9255,0.0,0.0
1735.520,173552,2,0.1,15468191,6893,9255,0.0,0.0
1735.530,173553,2,0.1,2274150,6893,9255,0.0,0.0
1735.540,173554,2,0.1,-14739045,6893,9255,0.0,0.0
1735.550,173555,2,0.1,-23073229,6893,9255,0.0,0.0
1735.560,173556,2,0.1,-17373361,6893,9255,0.0,0.0
1735.570,173557,2,0.1,-14178432,6893,9255,0.0,0.0
1735.580,173558,2,0.1,-23914263,6893,9255,0.0,0.0
1735.590,173559,2,0.1,-21667367,6893,9255,0.0,0.0
1735.600,173560,2,0.1,4757219,6893,9255,0.0,0.0
1735.610,173561,2,0.1,-18156585,6893,9255,0.0,0.0
1735.620,173562,2,0.1,6592920,6893,9255,0.0,0.0
1735.630,173563,2,0.1,-25439237,6893,9255,0.0,0.0
1735.640,173564,2,0.1,-22889365,6893,9255,0.0,0.0
1735.650,173565,2,0.1,12718348,6893,9255,0.0,0.0
1735.660,173566,2,0.1,-4537089,6893,9255,0.0,0.0
1735.670,173567,2,0.1,-6619382,6893,9255,0.0,0.0
1735.680,173568,2,0.1,14019234,6893,9255,0.0,0.0
1735.690,173569,2,0.1,4403882,6893,9255,0.0,0.0
1735.700,173570,2,0.1,-7892176,6893,9255,0.0,0.0
1735.710,173571,2,0.1,11668713,6893,9255,0.0,0.0
1735.720,173572,2,0.1,33729040,6893,9255,0.0,0.0
1735.730,173573,2,0.1,-6755462,6893,9255,0.0,0.0
1735.740,173574,2,0.1,-4642374,6893,9255,0.0,0.0
1735.750,173575,2,0.1,-15122873,6893,9255,0.0,0.0
1735.760,173576,2,0.1,-11811488,6893,9255,0.0,0.0
1735.770,173577,2,0.1,-20663937,6893,9255,0.0,0.0
1735.780,173578,2,0.1,15303266,6893,9255,0.0,0.0
1735.790,173579,2,0.1,766904,6893,9255,0.0,0.0
1735.800,173580,2,0.1,676025,6893,9255,0.0,0.0
1735.810,173581,2,0.1,2231078,6893,9255,0.0,0.0
1735.820,173582,2,0.1,23190334,6893,9255,0.0,0.0
1735.830,173583,2,0.1,-26044718,6893,9255,0.0,0.0
1735.840,173584,2,0.1,12160145,6893,9255,0.0,0.0
1735.850,173585,2,0.1,-3509866,6893,9255,0.0,0.0
1735.860,173586,2,0.1,11668364,6893,9255,0.0,0.0
1735.870,173587,2,0.1,3040816,6893,9255,0.0,0.0
1735.880,173588,2,0.1,13908978,6893,9255,0.0,0.0
1735.890,173589,2,0.1,9229422,6893,9255,0.0,0.0
1735.900,173590,2,0.1,25603309,6893,9255,0.0,0.0
1735.910,173591,2,0.1,-2480157,6893,9255,0.0,0.0
1735.920,173592,2,0.1,29964191,6893,9255,0.0,0.0
1735.930,173593,2,0.1,-7149879,6893,9255,0.0,0.0
1735.940,173594,2,0.1,-11151315,6893,9255,0.0,0.0
1735.950,173595,2,0.1,15028093,6893,9255,0.0,0.0
1735.960,173596,2,0.1,3571136,6893,9255,0.0,0.0
1735.970,173597,2,0.1,13908531,6893,9255,0.0,0.0
1735.980,173598,2,0.1,19097226,6893,9255,0.0,0.0
1735.990,173599,2,0.1,-13074314,6893,9255,0.0,0.0
1736.000,173600,2,0.1,5509221,6893,9255,0.0,0.0
1736.010,173601,2,0.1,-13966526,6893,9255,0.0,0.0
1736.020,173602,2,0.1,-39364475,6893,9255,0.0,0.0
1736.030,173603,2,0.1,16874008,6893,9255,0.0,0.0
1736.040,173604,2,0.1,-3305765,6893,9255,0.0,0.0
1736.050,173605,2,0.1,-5126447,6893,9255,0.0,0.0
1736.060,173606,2,0.1,2702437,6893,9255,0.0,0.0
1736.070,173607,2,0.1,-12601614,6893,9255,0.0,0.0
1736.080,173608,2,0.1,-7884471,6893,9255,0.0,0.0
1736.090,173609,2,0.1,7084963,6893,9255,0.0,0.0
1736.100,173610,2,0.1,5608052,6893,9255,0.0,0.0
1736.110,173611,2,0.1,-14487504,6893,9255,0.0,0.0
1736.120,173612,2,0.1,29618146,6893,9255,0.0,0.0
1736.130,173613,2,0.1,-3316133,6893,9255,0.0,0.0
1736.140,173614,2,0.1,44715751,6893,9255,0.0,0.0
1736.150,173615,2,0.1,9608918,6893,9255,0.0,0.0
1736.160,173616,2,0.1,11043752,6893,9255,0.0,0.0
1736.170,173617,2,0.1,5393965,6893,9255,0.0,0.0
1736.180,173618,2,0.1,-9727688,6893,9255,0.0,0.0
1736.190,173619,2,0.1,7864711,6893,9255,0.0,0.0
1736.200,173620,2,0.1,-3003648,6893,9255,0.0,0.0
1736.210,173621,2,0.1,-17204840,6893,9255,0.0,0.0
1736.220,173622,2,0.1,21771929,6893,9255,0.0,0.0
1736.230,173623,2,0.1,-15966579,6893,9255,0.0,0.0
1736.240,173624,2,0.1,-11912140,6893,9255,0.0,0.0
1736.250,173625,2,0.1,-14433471,6893,9255,0.0,0.0
1736.260,173626,2,0.1,7071766,6893,9255,0.0,0.0
1736.270,173627,2,0.1,9101535,6893,9255,0.0,0.0
1736.280,173628,2,0.1,-15959346,6893,9255,0.0,0.0
1736.290,173629,2,0.1,-2970605,6893,9255,0.0,0.0
1736.300,173630,2,0.1,-13584659,6893,9255,0.0,0.0
1736.310,173631,2,0.1,44353424,6893,9255,0.0,0.0
1736.320,173632,2,0.1,-8177088,6893,9255,0.0,0.0
1736.330,173633,2,0.1,-20790702,6893,9255,0.0,0.0
1736.340,173634,2,0.1,5639284,6893,9255,0.0,0.0
1736.350,173635,2,0.1,-25802926,6893,9255,0.0,0.0
1736.360,173636,2,0.1,-12704440,6893,9255,0.0,0.0
1736.370,173637,2,0.1,-22899211,6893,9255,0.0,0.0
1736.380,173638,2,0.1,-4520993,6893,9255,0.0,0.0
1736.390,173639,2,0.1,7340270,6893,9255,0.0,0.0
1736.400,173640,2,0.1,-5955329,6893,9255,0.0,0.0
1736.410,173641,2,0.1,21593368,6893,9255,0.0,0.0
1736.420,173642,2,0.1,10545415,6893,9255,0.0,0.0
1736.430,173643,2,0.1,-6251484,6893,9255,0.0,0.0
1736.440,173644,2,0.1,27936389,6893,9255,0.0,0.0
1736.450,173645,2,0.1,1557599,6893,9255,0.0,0.0
1736.460,173646,2,0.1,-11223936,6893,9255,0.0,0.0
1736.470,173647,2,0.1,190680,6893,9255,0.0,0.0
1736.480,173648,2,0.1,2069759,6893,9255,0.0,0.0
1736.490,173649,2,0.1,-10274079,6893,9255,0.0,0.0
1736.500,173650,2,0.1,-11603803,6893,9255,0.0,0.0
1736.510,173651,2,0.1,-7003593,6893,9255,0.0,0.0
1736.520,173652,2,0.1,9409877,6893,9255,0.0,0.0
1736.530,173653,2,0.1,2276142,6893,9255,0.0,0.0
1736.540,173654,2,0.1,-9952152,6893,9255,0.0,0.0
1736.550,173655,2,0.1,-11418454,6893,9255,0.0,0.0
1736.560,173656,2,0.1,-837771,6893,9255,0.0,0.0
1736.570,173657,2,0.1,16688466,6893,9255,0.0,0.0
1736.580,173658,2,0.1,928460,6893,9255,0.0,0.0
1736.590,173659,2,0.1,3877401,6893,9255,0.0,0.0
1736.600,173660,2,0.1,-16458680,6893,9255,0.0,0.0
1736.610,173661,2,0.1,2330210,6893,9255,0.0,0.0
1736.620,173662,2,0.1,22603910,6893,9255,0.0,0.0
1736.630,173663,2,0.1,-7075178,6893,9255,0.0,0.0
1736.640,173664,2,0.1,-20818647,6893,9255,0.0,0.0
1736.650,173665,2,0.1,8805086,6893,9255,0.0,0.0
1736.660,173666,2,0.1,-9045082,6893,9255,0.0,0.0
1736.670,173667,2,0.1,10400008,6893,9255,0.0,0.0
1736.680,173668,2,0.1,6594692,6893,9255,0.0,0.0
1736.690,173669,2,0.1,22180625,6893,9255,0.0,0.0
1736.700,173670,2,0.1,11826866,6893,9255,0.0,0.0
1736.710,173671,2,0.1,9595644,6893,9255,0.0,0.0
1736.720,173672,2,0.1,810150,6893,9255,0.0,0.0
1736.730,173673,2,0.1,-3064606,6893,9255,0.0,0.0
1736.740,173674,2,0.1,19604578,6893,9255,0.0,0.0
1736.750,173675,2,0.1,14251914,6893,9255,0.0,0.0
1736.760,173676,2,0.1,-23829881,6893,9255,0.0,0.0
1736.770,173677,2,0.1,-5623359,6893,9255,0.0,0.0
1736.780,173678,2,0.1,14719917,6893,9255,0.0,0.0
1736.790,173679,2,0.1,40588,6893,9255,0.0,0.0
1736.800,173680,2,0.1,17727441,6893,9255,0.0,0.0
1736.810,173681,2,0.1,-13623577,6893,9255,0.0,0.0
1736.820,173682,2,0.1,-21063499,6893,9255,0.0,0.0
1736.830,173683,2,0.1,-7221713,6893,9255,0.0,0.0
1736.840,173684,2,0.1,-10761941,6893,9255,0.0,0.0
1736.850,173685,2,0.1,-18656588,6893,9255,0.0,0.0
1736.860,173686,2,0.1,1391456,6893,9255,0.0,0.0
1736.870,173687,2,0.1,-14615727,6893,9255,0.0,0.0
1736.880,173688,2,0.1,14995209,6893,9255,0.0,0.0
1736.890,173689,2,0.1,26064015,6893,9255,0.0,0.0
1736.900,173690,2,0.1,1550159,6893,9255,0.0,0.0
1736.910,173691,2,0.1,2953445,6893,9255,0.0,0.0
1736.920,173692,2,0.1,-22090172,6893,9255,0.0,0.0
1736.930,173693,2,0.1,-18254054,6893,9255,0.0,0.0
1736.940,173694,2,0.1,-27141047,6893,9255,0.0,0.0
1736.950,173695,2,0.1,-9036275,6893,9255,0.0,0.0
1736.960,173696,2,0.1,3969150,6893,9255,0.0,0.0
1736.970,173697,2,0.1,15895989,6893,9255,0.0,0.0
1736.980,173698,2,0.1,-28075549,6893,9255,0.0,0.0
1736.990,173699,2,0.1,6967153,6893,9255,0.0,0.0
1737.000,173700,2,0.1,-14575953,6893,9255,0.0,0.0
1737.010,173701,2,0.1,10488512,6893,9255,0.0,0.0
1737.020,173702,2,0.1,-9942117,6893,9255,0.0,0.0
1737.030,173703,2,0.1,-20871870,6893,9255,0.0,0.0
1737.040,173704,2,0.1,-9389716,6893,9255,0.0,0.0
1737.050,173705,2,0.1,-20813920,6893,9255,0.0,0.0
1737.060,173706,2,0.1,22638240,6893,9255,0.0,0.0
1737.070,173707,2,0.1,9457389,6893,9255,0.0,0.0
1737.080,173708,2,0.1,-5758076,6893,9255,0.0,0.0
1737.090,173709,2,0.1,34704365,6893,9255,0.0,0.0
1737.100,173710,2,0.1,21462599,6893,9255,0.0,0.0
1737.110,173711,2,0.1,-15121357,6893,9255,0.0,0.0
1737.120,173712,2,0.1,26390019,6893,9255,0.0,0.0
1737.130,173713,2,0.1,-25252325,6893,9255,0.0,0.0
1737.140,173714,2,0.1,13312139,6893,9255,0.0,0.0
1737.150,173715,2,0.1,-4172424,6893,9255,0.0,0.0
1737.160,173716,2,0.1,-20564762,6893,9255,0.0,0.0
1737.170,173717,2,0.1,1994885,6893,9255,0.0,0.0
1737.180,173718,2,0.1,14905263,6893,9255,0.0,0.0
1737.190,173719,2,0.1,10659274,6893,9255,0.0,0.0
1737.200,173720,2,0.1,10818245,6893,9255,0.0,0.0
1737.210,173721,2,0.1,-1065330,6893,9255,0.0,0.0
1737.220,173722,2,0.1,15814086,6893,9255,0.0,0.0
1737.230,173723,2,0.1,-27873019,6893,9255,0.0,0.0
1737.240,173724,2,0.1,-11970985,6893,9255,0.0,0.0
1737.250,173725,2,0.1,8895864,6893,9255,0.0,0.0
1737.260,173726,2,0.1,-24875060,6893,9255,0.0,0.0
1737.270,173727,2,0.1,18149731,6893,9255,0.0,0.0
1737.280,173728,2,0.1,-6959835,6893,9255,0.0,0.0
1737.290,173729,2,0.1,-13747879,6893,9255,0.0,0.0
1737.300,173730,2,0.1,16531611,6893,9255,0.0,0.0
1737.310,173731,2,0.1,-7749443,6893,9255,0.0,0.0
1737.320,173732,2,0.1,23564689,6893,9255,0.0,0.0
1737.330,173733,2,0.1,6208850,6893,9255,0.0,0.0
1737.340,173734,2,0.1,-13950345,6893,9255,0.0,0.0
1737.350,173735,2,0.1,17633697,6893,9255,0.0,0.0
1737.360,173736,2,0.1,-16074210,6893,9255,0.0,0.0
1737.370,173737,2,0.1,-4629172,6893,9255,0.0,0.0
1737.380,173738,2,0.1,3741373,6893,9255,0.0,0.0
1737.390,173739,2,0.1,-9755190,6893,9255,0.0,0.0
1737.400,173740,2,0.1,-12586767,6893,9255,0.0,0.0
1737.410,173741,2,0.1,-6613621,6893,9255,0.0,0.0
1737.420,173742,2,0.1,-6021111,6893,9255,0.0,0.0
1737.430,173743,2,0.1,-40347192,6893,9255,0.0,0.0
1737.440,173744,2,0.1,1654516,6893,9255,0.0,0.0
1737.450,173745,2,0.1,12640788,6893,9255,0.0,0.0
1737.460,173746,2,0.1,3998135,6893,9255,0.0,0.0
1737.470,173747,2,0.1,266725,6893,9255,0.0,0.0
1737.480,173748,2,0.1,-25391948,6893,9255,0.0,0.0
1737.490,173749,2,0.1,38087692,6893,9255,0.0,0.0
1737.500,173750,2,0.1,-653909,6893,9255,0.0,0.0
1737.510,173751,2,0.1,24679767,6893,9255,0.0,0.0
1737.520,173752,2,0.1,-16133236,6893,9255,0.0,0.0
1737.530,173753,2,0.1,-613369,6893,9255,0.0,0.0
1737.540,173754,2,0.1,-3237722,6893,9255,0.0,0.0
1737.550,173755,2,0.1,-7149831,6893,9255,0.0,0.0
1737.560,173756,2,0.1,10727973,6893,9255,0.0,0.0
1737.570,173757,2,0.1,-28006581,6893,9255,0.0,0.0
1737.580,173758,2,0.1,6814745,6893,9255,0.0,0.0
1737.590,173759,2,0.1,-442215,6893,9255,0.0,0.0
1737.600,173760,2,0.1,-7813390,6893,9255,0.0,0.0
1737.610,173761,2,0.1,-13958702,6893,9255,0.0,0.0
1737.620,173762,2,0.1,16707744,6893,9255,0.0,0.0
1737.630,173763,2,0.1,-7732284,6893,9255,0.0,0.0
1737.640,173764,2,0.1,-14577788,6893,9255,0.0,0.0
1737.650,173765,2,0.1,16569215,6893,9255,0.0,0.0
1737.660,173766,2,0.1,-14992048,6893,9255,0.0,0.0
1737.670,173767,2,0.1,11095079,6893,9255,0.0,0.0
1737.680,173768,2,0.1,-10112009,6893,9255,0.0,0.0
1737.690,173769,2,0.1,-26429731,6893,9255,0.0,0.0
1737.700,173770,2,0.1,16925030,6893,9255,0.0,0.0
1737.710,173771,2,0.1,12117423,6893,9255,0.0,0.0
1737.720,173772,2,0.1,15742304,6893,9255,0.0,0.0
1737.730,173773,2,0.1,-5373637,6893,9255,0.0,0.0
1737.740,173774,2,0.1,4282973,6893,9255,0.0,0.0
1737.750,173775,2,0.1,-3956867,6893,9255,0.0,0.0
1737.760,173776,2,0.1,8741754,6893,9255,0.0,0.0
1737.770,173777,2,0.1,-29661005,6893,9255,0.0,0.0
1737.780,173778,2,0.1,-30693003,6893,9255,0.0,0.0
1737.790,173779,2,0.1,-1484070,6893,9255,0.0,0.0
1737.800,173780,2,0.1,-15838565,6893,9255,0.0,0.0
1737.810,173781,2,0.1,-16944615,6893,9255,0.0,0.0
1737.820,173782,2,0.1,-5523042,6893,9255,0.0,0.0
1737.830,173783,2,0.1,-16921832,6893,9255,0.0,0.0
1737.840,173784,2,0.1,-11704171,6893,9255,0.0,0.0
1737.850,173785,2,0.1,22297954,6893,9255,0.0,0.0
1737.860,173786,2,0.1,5369111,6893,9255,0.0,0.0
1737.870,173787,2,0.1,-6351413,6893,9255,0.0,0.0
1737.880,173788,2,0.1,-16669747,6893,9255,0.0,0.0
1737.890,173789,2,0.1,-13323247,6893,9255,0.0,0.0
1737.900,173790,2,0.1,-21686920,6893,9255,0.0,0.0
1737.910,173791,2,0.1,-3333817,6893,9255,0.0,0.0
1737.920,173792,2,0.1,-11705236,6893,9255,0.0,0.0
1737.930,173793,2,0.1,13087757,6893,9255,0.0,0.0
1737.940,173794,2,0.1,-3613619,6893,9255,0.0,0.0
1737.950,173795,2,0.1,3781423,6893,9255,0.0,0.0
1737.960,173796,2,0.1,9830347,6893,9255,0.0,0.0
1737.970,173797,2,0.1,5944746,6893,9255,0.0,0.0
1737.980,173798,2,0.1,2206208,6893,9255,0.0,0.0
1737.990,173799,2,0.1,8414372,6893,9255,0.0,0.0
1738.000,173800,2,0.1,409777,6893,9255,0.0,0.0
1738.010,173801,2,0.1,20856205,6893,9255,0.0,0.0
1738.020,173802,2,0.1,2016665,6893,9255,0.0,0.0
1738.030,173803,2,0.1,-3214126,6893,9255,0.0,0.0
1738.040,173804,2,0.1,11127492,6893,9255,0.0,0.0
1738.050,173805,2,0.1,-42409441,6893,9255,0.0,0.0
1738.060,173806,2,0.1,19925880,6893,9255,0.0,0.0
1738.070,173807,2,0.1,-2135183,6893,9255,0.0,0.0
1738.080,173808,2,0.1,44308992,6893,9255,0.0,0.0
1738.090,173809,2,0.1,25233980,6893,9255,0.0,0.0
1738.100,173810,2,0.1,12891319,6893,9255,0.0,0.0
1738.110,173811,2,0.1,-28497538,6893,9255,0.0,0.0
1738.120,173812,2,0.1,-9073399,6893,9255,0.0,0.0
1738.130,173813,2,0.1,-4426515,6893,9255,0.0,0.0
1738.140,173814,2,0.1,-23463137,6893,9255,0.0,0.0
1738.150,173815,2,0.1,16168934,6893,9255,0.0,0.0
1738.160,173816,2,0.1,16538943,6893,9255,0.0,0.0
1738.170,173817,2,0.1,20208334,6893,9255,0.0,0.0
1738.180,173818,2,0.1,-19078883,6893,9255,0.0,0.0
1738.190,173819,2,0.1,-7917753,6893,9255,0.0,0.0
1738.200,173820,2,0.1,-12889023,6893,9255,0.0,0.0
1738.210,173821,2,0.1,6191987,6893,9255,0.0,0.0
1738.220,173822,2,0.1,12207871,6893,9255,0.0,0.0
1738.230,173823,2,0.1,-5951945,6893,9255,0.0,0.0
1738.240,173824,2,0.1,8777205,6893,9255,0.0,0.0
1738.250,173825,2,0.1,8970686,6893,9255,0.0,0.0
1738.260,173826,2,0.1,-10384888,6893,9255,0.0,0.0
1738.270,173827,2,0.1,-4118754,6893,9255,0.0,0.0
1738.280,173828,2,0.1,15826298,6893,9255,0.0,0.0
1738.290,173829,2,0.1,6845820,6893,9255,0.0,0.0
1738.300,173830,2,0.1,-12999483,6893,9255,0.0,0.0
1738.310,173831,2,0.1,-15230986,6893,9255,0.0,0.0
1738.320,173832,2,0.1,-8849050,6893,9255,0.0,0.0
1738.330,173833,2,0.1,-74020,6893,9255,0.0,0.0
1738.340,173834,2,0.1,-4806916,6893,9255,0.0,0.0
1738.350,173835,2,0.1,4513901,6893,9255,0.0,0.0
1738.360,173836,2,0.1,-5761457,6893,9255,0.0,0.0
1738.370,173837,2,0.1,-9786035,6893,9255,0.0,0.0
1738.380,173838,2,0.1,-8188593,6893,9255,0.0,0.0
1738.390,173839,2,0.1,32019724,6893,9255,0.0,0.0
1738.400,173840,2,0.1,7731839,6893,9255,0.0,0.0
1738.410,173841,2,0.1,6079852,6893,9255,0.0,0.0
1738.420,173842,2,0.1,21769552,6893,9255,0.0,0.0
1738.430,173843,2,0.1,-3037665,6893,9255,0.0,0.0
1738.440,173844,2,0.1,-2900889,6893,9255,0.0,0.0
1738.450,173845,2,0.1,-17765285,6893,9255,0.0,0.0
1738.460,173846,2,0.1,-14282877,6893,9255,0.0,0.0
1738.470,173847,2,0.1,-32665513,6893,9255,0.0,0.0
1738.480,173848,2,0.1,7115435,6893,9255,0.0,0.0
1738.490,173849,2,0.1,-2231636,6893,9255,0.0,0.0
1738.500,173850,2,0.1,2098599,6893,9255,0.0,0.0
1738.510,173851,2,0.1,9541491,6893,9255,0.0,0.0
1738.520,173852,2,0.1,-17674780,6893,9255,0.0,0.0
1738.530,173853,2,0.1,9522152,6893,9255,0.0,0.0
1738.540,173854,2,0.1,-24700169,6893,9255,0.0,0.0
1738.550,173855,2,0.1,6355820,6893,9255,0.0,0.0
1738.560,173856,2,0.1,-11329991,6893,9255,0.0,0.0
1738.570,173857,2,0.1,-7918416,6893,9255,0.0,0.0
1738.580,173858,2,0.1,6288564,6893,9255,0.0,0.0
1738.590,173859,2,0.1,26366501,6893,9255,0.0,0.0
1738.600,173860,2,0.1,-3163273,6893,9255,0.0,0.0
1738.610,173861,2,0.1,-330656,6893,9255,0.0,0.0
1738.620,173862,2,0.1,-19327153,6893,9255,0.0,0.0
1738.630,173863,2,0.1,-2464645,6893,9255,0.0,0.0
1738.640,173864,2,0.1,-8154129,6893,9255,0.0,0.0
1738.650,173865,2,0.1,-14206909,6893,9255,0.0,0.0
1738.660,173866,2,0.1,3076111,6893,9255,0.0,0.0
1738.670,173867,2,0.1,-9557351,6893,9255,0.0,0.0
1738.680,173868,2,0.1,-2513825,6893,9255,0.0,0.0
1738.690,173869,2,0.1,22958888,6893,9255,0.0,0.0
1738.700,173870,2,0.1,10048251,6893,9255,0.0,0.0
1738.710,173871,2,0.1,6207222,6893,9255,0.0,0.0
1738.720,173872,2,0.1,-27400911,6893,9255,0.0,0.0
1738.730,173873,2,0.1,3352951,6893,9255,0.0,0.0
1738.740,173874,2,0.1,-8977492,6893,9255,0.0,0.0
1738.750,173875,2,0.1,-9647289,6893,9255,0.0,0.0
1738.760,173876,2,0.1,-15373462,6893,9255,0.0,0.0
1738.770,173877,2,0.1,-19907692,6893,9255,0.0,0.0
1738.780,173878,2,0.1,-19645238,6893,9255,0.0,0.0
1738.790,173879,2,0.1,-34575159,6893,9255,0.0,0.0
1738.800,173880,2,0.1,-24779210,6893,9255,0.0,0.0
1738.810,173881,2,0.1,-1256590,6893,9255,0.0,0.0
1738.820,173882,2,0.1,-13165114,6893,9255,0.0,0.0
1738.830,173883,2,0.1,-8961055,6893,9255,0.0,0.0
1738.840,173884,2,0.1,4343337,6893,9255,0.0,0.0
1738.850,173885,2,0.1,16882038,6893,9255,0.0,0.0
1738.860,173886,2,0.1,18416638,6893,9255,0.0,0.0
1738.870,173887,2,0.1,6182462,6893,9255,0.0,0.0
1738.880,173888,2,0.1,13111055,6893,9255,0.0,0.0
1738.890,173889,2,0.1,17000277,6893,9255,0.0,0.0
1738.900,173890,2,0.1,1690171,6893,9255,0.0,0.0
1738.910,173891,2,0.1,-3779524,6893,9255,0.0,0.0
1738.920,173892,2,0.1,16387451,6893,9255,0.0,0.0
1738.930,173893,2,0.1,-35811896,6893,9255,0.0,0.0
1738.940,173894,2,0.1,-29783060,6893,9255,0.0,0.0
1738.950,173895,2,0.1,18508654,6893,9255,0.0,0.0
1738.960,173896,2,0.1,-12058736,6893,9255,0.0,0.0
1738.970,173897,2,0.1,33092925,6893,9255,0.0,0.0
1738.980,173898,2,0.1,-3688376,6893,9255,0.0,0.0
1738.990,173899,2,0.1,32218170,6893,9255,0.0,0.0
1739.000,173900,2,0.1,-552136,6893,9255,0.0,0.0
1739.010,173901,2,0.1,-15655940,6893,9255,0.0,0.0
1739.020,173902,2,0.1,-12083082,6893,9255,0.0,0.0
1739.030,173903,2,0.1,-5636565,6893,9255,0.0,0.0
1739.040,173904,2,0.1,-1662155,6893,9255,0.0,0.0
1739.050,173905,2,0.1,5997794,6893,9255,0.0,0.0
1739.060,173906,2,0.1,-25712743,6893,9255,0.0,0.0
1739.070,173907,2,0.1,9016863,6893,9255,0.0,0.0
1739.080,173908,2,0.1,-12296617,6893,9255,0.0,0.0
1739.090,173909,2,0.1,11562831,6893,9255,0.0,0.0
1739.100,173910,2,0.1,-2963605,6893,9255,0.0,0.0
1739.110,173911,2,0.1,-5228536,6893,9255,0.0,0.0
1739.120,173912,2,0.1,-6838357,6893,9255,0.0,0.0
1739.130,173913,2,0.1,-28288713,6893,9255,0.0,0.0
1739.140,173914,2,0.1,-19213157,6893,9255,0.0,0.0
1739.150,173915,2,0.1,-7933776,6893,9255,0.0,0.0
1739.160,173916,2,0.1,-35604056,6893,9255,0.0,0.0
1739.170,173917,2,0.1,19268467,6893,9255,0.0,0.0
1739.180,173918,2,0.1,-25923124,6893,9255,0.0,0.0
1739.190,173919,2,0.1,-23055603,6893,9255,0.0,0.0
1739.200,173920,2,0.1,24710606,6893,9255,0.0,0.0
1739.210,173921,2,0.1,-28783194,6893,9255,0.0,0.0
1739.220,173922,2,0.1,-8092786,6893,9255,0.0,0.0
1739.230,173923,2,0.1,-2589239,6893,9255,0.0,0.0
1739.240,173924,2,0.1,5177507,6893,9255,0.0,0.0
1739.250,173925,2,0.1,-14345164,6893,9255,0.0,0.0
1739.260,173926,2,0.1,7077674,6893,9255,0.0,0.0
1739.270,173927,2,0.1,-2692124,6893,9255,0.0,0.0
1739.280,173928,2,0.1,8099569,6893,9255,0.0,0.0
1739.290,173929,2,0.1,-7364949,6893,9255,0.0,0.0
1739.300,173930,2,0.1,5704668,6893,9255,0.0,0.0
1739.310,173931,2,0.1,-1659597,6893,9255,0.0,0.0
1739.320,173932,2,0.1,-8507745,6893,9255,0.0,0.0
1739.330,173933,2,0.1,-4543512,6893,9255,0.0,0.0
1739.340,173934,2,0.1,27737054,6893,9255,0.0,0.0
1739.350,173935,2,0.1,-28495525,6893,9255,0.0,0.0
1739.360,173936,2,0.1,14543277,6893,9255,0.0,0.0
1739.370,173937,2,0.1,-25926258,6893,9255,0.0,0.0
1739.380,173938,2,0.1,7536538,6893,9255,0.0,0.0
1739.390,173939,2,0.1,6944220,6893,9255,0.0,0.0
1739.400,173940,2,0.1,-38984292,6893,9255,0.0,0.0
1739.410,173941,2,0.1,3142491,6893,9255,0.0,0.0
1739.420,173942,2,0.1,-9656009,6893,9255,0.0,0.0
1739.430,173943,2,0.1,4482218,6893,9255,0.0,0.0
1739.440,173944,2,0.1,-20264520,6893,9255,0.0,0.0
1739.450,173945,2,0.1,-11455646,6893,9255,0.0,0.0
1739.460,173946,2,0.1,2570209,6893,9255,0.0,0.0
1739.470,173947,2,0.1,13901114,6893,9255,0.0,0.0
1739.480,173948,2,0.1,-9021822,6893,9255,0.0,0.0
1739.490,173949,2,0.1,16790721,6893,9255,0.0,0.0
1739.500,173950,2,0.1,-8049480,6893,9255,0.0,0.0
1739.510,173951,2,0.1,7156883,6893,9255,0.0,0.0
1739.520,173952,2,0.1,-30152944,6893,9255,0.0,0.0
1739.530,173953,2,0.1,10451883,6893,9255,0.0,0.0
1739.540,173954,2,0.1,-11329587,6893,9255,0.0,0.0
1739.550,173955,2,0.1,28931976,6893,9255,0.0,0.0
1739.560,173956,2,0.1,-22584774,6893,9255,0.0,0.0
1739.570,173957,2,0.1,-6095106,6893,9255,0.0,0.0
1739.580,173958,2,0.1,-7783485,6893,9255,0.0,0.0
1739.590,173959,2,0.1,18896150,6893,9255,0.0,0.0
1739.600,173960,2,0.1,-7236120,6893,9255,0.0,0.0
1739.610,173961,2,0.1,15112400,6893,9255,0.0,0.0
1739.620,173962,2,0.1,5915514,6893,9255,0.0,0.0
1739.630,173963,2,0.1,18690364,6893,9255,0.0,0.0
1739.640,173964,2,0.1,17095972,6893,9255,0.0,0.0
1739.650,173965,2,0.1,-37766911,6893,9255,0.0,0.0
1739.660,173966,2,0.1,1135827,6893,9255,0.0,0.0
1739.670,173967,2,0.1,-13734268,6893,9255,0.0,0.0
1739.680,173968,2,0.1,-24197384,6893,9255,0.0,0.0
1739.690,173969,2,0.1,19798235,6893,9255,0.0,0.0
1739.700,173970,2,0.1,-16021918,6893,9255,0.0,0.0
1739.710,173971,2,0.1,-11593483,6893,9255,0.0,0.0
1739.720,173972,2,0.1,-2831954,6893,9255,0.0,0.0
1739.730,173973,2,0.1,16451482,6893,9255,0.0,0.0
1739.740,173974,2,0.1,1979342,6893,9255,0.0,0.0
1739.750,173975,2,0.1,-8035628,6893,9255,0.0,0.0
1739.760,173976,2,0.1,-9391434,6893,9255,0.0,0.0
1739.770,173977,2,0.1,-12940834,6893,9255,0.0,0.0
1739.780,173978,2,0.1,-11610793,6893,9255,0.0,0.0
1739.790,173979,2,0.1,-8610571,6893,9255,0.0,0.0
1739.800,173980,2,0.1,-4748678,6893,9255,0.0,0.0
1739.810,173981,2,0.1,24972293,6893,9255,0.0,0.0
1739.820,173982,2,0.1,-4237924,6893,9255,0.0,0.0
1739.830,173983,2,0.1,-29832317,6893,9255,0.0,0.0
1739.840,173984,2,0.1,-13584718,6893,9255,0.0,0.0
1739.850,173985,2,0.1,2877942,6893,9255,0.0,0.0
1739.860,173986,2,0.1,-3774135,6893,9255,0.0,0.0
1739.870,173987,2,0.1,-19821053,6893,9255,0.0,0.0
1739.880,173988,2,0.1,-30558066,6893,9255,0.0,0.0
1739.890,173989,2,0.1,3527740,6893,9255,0.0,0.0
1739.900,173990,2,0.1,-11489233,6893,9255,0.0,0.0
1739.910,173991,2,0.1,-977345,6893,9255,0.0,0.0
1739.920,173992,2,0.1,-12667181,6893,9255,0.0,0.0
1739.930,173993,2,0.1,-9109318,6893,9255,0.0,0.0
1739.940,173994,2,0.1,29522541,6893,9255,0.0,0.0
1739.950,173995,2,0.1,-6554326,6893,9255,0.0,0.0
1739.960,173996,2,0.1,4451036,6893,9255,0.0,0.0
1739.970,173997,2,0.1,-11736821,6893,9255,0.0,0.0
1739.980,173998,2,0.1,-12801858,6893,9255,0.0,0.0
1739.990,173999,2,0.1,-15203791,6893,9255,0.0,0.0
1740.000,174000,2,0.1,16595978,6893,9255,0.0,0.0
1740.010,174001,2,0.1,-6170345,6893,9255,0.0,0.0
1740.020,174002,2,0.1,-20060633,6893,9255,0.0,0.0
1740.030,174003,2,0.1,12466827,6893,9255,0.0,0.0
1740.040,174004,2,0.1,24126807,6893,9255,0.0,0.0
1740.050,174005,2,0.1,33328916,6893,9255,0.0,0.0
1740.060,174006,2,0.1,9986854,6893,9255,0.0,0.0
1740.070,174007,2,0.1,31247953,6893,9255,0.0,0.0
1740.080,174008,2,0.1,1229031,6893,9255,0.0,0.0
1740.090,174009,2,0.1,-25027123,6893,9255,0.0,0.0
1740.100,174010,2,0.1,29344686,6893,9255,0.0,0.0
1740.110,174011,2,0.1,19085755,6893,9255,0.0,0.0
1740.120,174012,2,0.1,-9567695,6893,9255,0.0,0.0
1740.130,174013,2,0.1,22525664,6893,9255,0.0,0.0
1740.140,174014,2,0.1,3451181,6893,9255,0.0,0.0
1740.150,174015,2,0.1,18919524,6893,9255,0.0,0.0
1740.160,174016,2,0.1,19167811,6893,9255,0.0,0.0
1740.170,174017,2,0.1,-24100710,6893,9255,0.0,0.0
1740.180,174018,2,0.1,-16060391,6893,9255,0.0,0.0
1740.190,174019,2,0.1,-609563,6893,9255,0.0,0.0
1740.200,174020,2,0.1,7382682,6893,9255,0.0,0.0
1740.210,174021,2,0.1,-15148937,6893,9255,0.0,0.0
1740.220,174022,2,0.1,-3008860,6893,9255,0.0,0.0
1740.230,174023,2,0.1,-1543402,6893,9255,0.0,0.0
1740.240,174024,2,0.1,-4503888,6893,9255,0.0,0.0
1740.250,174025,2,0.1,-1767527,6893,9255,0.0,0.0
1740.260,174026,2,0.1,-20746914,6893,9255,0.0,0.0
1740.270,174027,2,0.1,5549286,6893,9255,0.0,0.0
1740.280,174028,2,0.1,-19582616,6893,9255,0.0,0.0
1740.290,174029,2,0.1,-7341173,6893,9255,0.0,0.0
1740.300,174030,2,0.1,-25636240,6893,9255,0.0,0.0
1740.310,174031,2,0.1,16001692,6893,9255,0.0,0.0
1740.320,174032,2,0.1,-14878913,6893,9255,0.0,0.0
1740.330,174033,2,0.1,11068270,6893,9255,0.0,0.0
1740.340,174034,2,0.1,-15096785,6893,9255,0.0,0.0
1740.350,174035,2,0.1,-21784851,6893,9255,0.0,0.0
1740.360,174036,2,0.1,-2701885,6893,9255,0.0,0.0
1740.370,174037,2,0.1,-28246677,6893,9255,0.0,0.0
1740.380,174038,2,0.1,21905521,6893,9255,0.0,0.0
1740.390,174039,2,0.1,-4640556,6893,9255,0.0,0.0
1740.400,174040,2,0.1,-6679273,6893,9255,0.0,0.0
1740.410,174041,2,0.1,-9389554,6893,9255,0.0,0.0
1740.420,174042,2,0.1,-13440622,6893,9255,0.0,0.0
1740.430,174043,2,0.1,-13071018,6893,9255,0.0,0.0
1740.440,174044,2,0.1,4663206,6893,9255,0.0,0.0
1740.450,174045,2,0.1,-4835558,6893,9255,0.0,0.0
1740.460,174046,2,0.1,8907113,6893,9255,0.0,0.0
1740.470,174047,2,0.1,6241615,6893,9255,0.0,0.0
1740.480,174048,2,0.1,7866688,6893,9255,0.0,0.0
1740.490,174049,2,0.1,-21544132,6893,9255,0.0,0.0
1740.500,174050,2,0.1,-4822814,6893,9255,0.0,0.0
1740.510,174051,2,0.1,-20086169,6893,9255,0.0,0.0
1740.520,174052,2,0.1,5572620,6893,9255,0.0,0.0
1740.530,174053,2,0.1,3420220,6893,9255,0.0,0.0
1740.540,174054,2,0.1,713657,6893,9255,0.0,0.0
1740.550,174055,2,0.1,1020407,6893,9255,0.0,0.0
1740.560,174056,2,0.1,-2494148,6893,9255,0.0,0.0
1740.570,174057,2,0.1,-29531063,6893,9255,0.0,0.0
1740.580,174058,2,0.1,-72205,6893,9255,0.0,0.0
1740.590,174059,2,0.1,3832125,6893,9255,0.0,0.0
1740.600,174060,2,0.1,3761283,6893,9255,0.0,0.0
1740.610,174061,2,0.1,33044459,6893,9255,0.0,0.0
1740.620,174062,2,0.1,-100285,6893,9255,0.0,0.0
1740.630,174063,2,0.1,10171586,6893,9255,0.0,0.0
1740.640,174064,2,0.1,-25607055,6893,9255,0.0,0.0
1740.650,174065,2,0.1,4842924,6893,9255,0.0,0.0
1740.660,174066,2,0.1,6849028,6893,9255,0.0,0.0
1740.670,174067,2,0.1,-14468448,6893,9255,0.0,0.0
1740.680,174068,2,0.1,12223677,6893,9255,0.0,0.0
1740.690,174069,2,0.1,-10328496,6893,9255,0.0,0.0
1740.700,174070,2,0.1,15665844,6893,9255,0.0,0.0
1740.710,174071,2,0.1,-7789942,6893,9255,0.0,0.0
1740.720,174072,2,0.1,-13442154,6893,9255,0.0,0.0
1740.730,174073,2,0.1,-10490956,6893,9255,0.0,0.0
1740.740,174074,2,0.1,1825379,6893,9255,0.0,0.0
1740.750,174075,2,0.1,-18171039,6893,9255,0.0,0.0
1740.760,174076,2,0.1,-444299,6893,9255,0.0,0.0
1740.770,174077,2,0.1,15337998,6893,9255,0.0,0.0
1740.780,174078,2,0.1,6199462,6893,9255,0.0,0.0
1740.790,174079,2,0.1,6295642,6893,9255,0.0,0.0
1740.800,174080,2,0.1,-26022570,6893,9255,0.0,0.0
1740.810,174081,2,0.1,5232557,6893,9255,0.0,0.0
1740.820,174082,2,0.1,12431997,6893,9255,0.0,0.0
1740.830,174083,2,0.1,-1517375,6893,9255,0.0,0.0
1740.840,174084,2,0.1,-156390,6893,9255,0.0,0.0
1740.850,174085,2,0.1,5127787,6893,9255,0.0,0.0
1740.860,174086,2,0.1,-21000816,6893,9255,0.0,0.0
1740.870,174087,2,0.1,18686426,6893,9255,0.0,0.0
1740.880,174088,2,0.1,22147408,6893,9255,0.0,0.0
1740.890,174089,2,0.1,15196554,6893,9255,0.0,0.0
1740.900,174090,2,0.1,-11566579,6893,9255,0.0,0.0
1740.910,174091,2,0.1,29801405,6893,9255,0.0,0.0
1740.920,174092,2,0.1,2160489,6893,9255,0.0,0.0
1740.930,174093,2,0.1,-12444939,6893,9255,0.0,0.0
1740.940,174094,2,0.1,12890787,6893,9255,0.0,0.0
1740.950,174095,2,0.1,-5339546,6893,9255,0.0,0.0
1740.960,174096,2,0.1,-10363436,6893,9255,0.0,0.0
1740.970,174097,2,0.1,3334009,6893,9255,0.0,0.0
1740.980,174098,2,0.1,7006125,6893,9255,0.0,0.0
1740.990,174099,2,0.1,-23631196,6893,9255,0.0,0.0
1741.000,174100,2,0.1,7970829,6893,9255,0.0,0.0
1741.010,174101,2,0.1,10963052,6893,9255,0.0,0.0
1741.020,174102,2,0.1,-33761104,6893,9255,0.0,0.0
1741.030,174103,2,0.1,-9065895,6893,9255,0.0,0.0
1741.040,174104,2,0.1,-13821565,6893,9255,0.0,0.0
1741.050,174105,2,0.1,-11995880,6893,9255,0.0,0.0
1741.060,174106,2,0.1,-26233505,6893,9255,0.0,0.0
1741.070,174107,2,0.1,25117307,6893,9255,0.0,0.0
1741.080,174108,2,0.1,11782678,6893,9255,0.0,0.0
1741.090,174109,2,0.1,30079141,6893,9255,0.0,0.0
1741.100,174110,2,0.1,-1325470,6893,9255,0.0,0.0
1741.110,174111,2,0.1,3025672,6893,9255,0.0,0.0
1741.120,174112,2,0.1,21266955,6893,9255,0.0,0.0
1741.130,174113,2,0.1,-1226854,6893,9255,0.0,0.0
1741.140,174114,2,0.1,22017537,6893,9255,0.0,0.0
1741.150,174115,2,0.1,15213018,6893,9255,0.0,0.0
1741.160,174116,2,0.1,4674806,6893,9255,0.0,0.0
1741.170,174117,2,0.1,1719138,6893,9255,0.0,0.0
1741.180,174118,2,0.1,13287940,6893,9255,0.0,0.0
1741.190,174119,2,0.1,1290530,6893,9255,0.0,0.0
1741.200,174120,2,0.1,534476,6893,9255,0.0,0.0
1741.210,174121,2,0.1,13332616,6893,9255,0.0,0.0
1741.220,174122,2,0.1,15207157,6893,9255,0.0,0.0
1741.230,174123,2,0.1,-19516313,6893,9255,0.0,0.0
1741.240,174124,2,0.1,-20907944,6893,9255,0.0,0.0
1741.250,174125,2,0.1,-1041408,6893,9255,0.0,0.0
1741.260,174126,2,0.1,-26522758,6893,9255,0.0,0.0
1741.270,174127,2,0.1,7228466,6893,9255,0.0,0.0
1741.280,174128,2,0.1,26040666,6893,9255,0.0,0.0
1741.290,174129,2,0.1,8824557,6893,9255,0.0,0.0
1741.300,174130,2,0.1,6221493,6893,9255,0.0,0.0
1741.310,174131,2,0.1,-21728299,6893,9255,0.0,0.0
1741.320,174132,2,0.1,17016519,6893,9255,0.0,0.0
1741.330,174133,2,0.1,4900310,6893,9255,0.0,0.0
1741.340,174134,2,0.1,1610008,6893,9255,0.0,0.0
1741.350,174135,2,0.1,1969452,6893,9255,0.0,0.0
1741.360,174136,2,0.1,28954824,6893,9255,0.0,0.0
1741.370,174137,2,0.1,15350067,6893,9255,0.0,0.0
1741.380,174138,2,0.1,16941171,6893,9255,0.0,0.0
1741.390,174139,2,0.1,16030639,6893,9255,0.0,0.0
1741.400,174140,2,0.1,8320329,6893,9255,0.0,0.0
1741.410,174141,2,0.1,-175242,6893,9255,0.0,0.0
1741.420,174142,2,0.1,8371733,6893,9255,0.0,0.0
1741.430,174143,2,0.1,-14828529,6893,9255,0.0,0.0
1741.440,174144,2,0.1,-1354926,6893,9255,0.0,0.0
1741.450,174145,2,0.1,12101804,6893,9255,0.0,0.0
1741.460,174146,2,0.1,6503146,6893,9255,0.0,0.0
1741.470,174147,2,0.1,-12832335,6893,9255,0.0,0.0
1741.480,174148,2,0.1,-3498250,6893,9255,0.0,0.0
1741.490,174149,2,0.1,7114445,6893,9255,0.0,0.0
1741.500,174150,2,0.1,-3218608,6893,9255,0.0,0.0
1741.510,174151,2,0.1,-7688093,6893,9255,0.0,0.0
1741.520,174152,2,0.1,-8056460,6893,9255,0.0,0.0
1741.530,174153,2,0.1,-16361659,6893,9255,0.0,0.0
1741.540,174154,2,0.1,-12869513,6893,9255,0.0,0.0
1741.550,174155,2,0.1,-7156941,6893,9255,0.0,0.0
1741.560,174156,2,0.1,-5117119,6893,9255,0.0,0.0
1741.570,174157,2,0.1,3230262,6893,9255,0.0,0.0
1741.580,174158,2,0.1,27411615,6893,9255,0.0,0.0
1741.590,174159,2,0.1,30011274,6893,9255,0.0,0.0
1741.600,174160,2,0.1,-632944,6893,9255,0.0,0.0
1741.610,174161,2,0.1,5896546,6893,9255,0.0,0.0
1741.620,174162,2,0.1,-742565,6893,9255,0.0,0.0
1741.630,174163,2,0.1,-16242810,6893,9255,0.0,0.0
1741.640,174164,2,0.1,-32275352,6893,9255,0.0,0.0
1741.650,174165,2,0.1,-15117081,6893,9255,0.0,0.0
1741.660,174166,2,0.1,-2559046,6893,9255,0.0,0.0
1741.670,174167,2,0.1,8980194,6893,9255,0.0,0.0
1741.680,174168,2,0.1,-11135331,6893,9255,0.0,0.0
1741.690,174169,2,0.1,-2064417,6893,9255,0.0,0.0
1741.700,174170,2,0.1,2512806,6893,9255,0.0,0.0
1741.710,174171,2,0.1,3519056,6893,9255,0.0,0.0
1741.720,174172,2,0.1,207843,6893,9255,0.0,0.0
1741.730,174173,2,0.1,-934939,6893,9255,0.0,0.0
1741.740,174174,2,0.1,24545677,6893,9255,0.0,0.0
1741.750,174175,2,0.1,-13709563,6893,9255,0.0,0.0
1741.760,174176,2,0.1,-2226020,6893,9255,0.0,0.0
1741.770,174177,2,0.1,-4813977,6893,9255,0.0,0.0
1741.780,174178,2,0.1,-15903877,6893,9255,0.0,0.0
1741.790,174179,2,0.1,31327780,6893,9255,0.0,0.0
1741.800,174180,2,0.1,19790995,6893,9255,0.0,0.0
1741.810,174181,2,0.1,-18761703,6893,9255,0.0,0.0
1741.820,174182,2,0.1,-10714704,6893,9255,0.0,0.0
1741.830,174183,2,0.1,6071578,6893,9255,0.0,0.0
1741.840,174184,2,0.1,30615009,6893,9255,0.0,0.0
1741.850,174185,2,0.1,4499911,6893,9255,0.0,0.0
1741.860,174186,2,0.1,4042158,6893,9255,0.0,0.0
1741.870,174187,2,0.1,24803062,6893,9255,0.0,0.0
1741.880,174188,2,0.1,10918305,6893,9255,0.0,0.0
1741.890,174189,2,0.1,-6625618,6893,9255,0.0,0.0
1741.900,174190,2,0.1,-28741508,6893,9255,0.0,0.0
1741.910,174191,2,0.1,-5178540,6893,9255,0.0,0.0
1741.920,174192,2,0.1,24646472,6893,9255,0.0,0.0
1741.930,174193,2,0.1,-17526385,6893,9255,0.0,0.0
1741.940,174194,2,0.1,-21951644,6893,9255,0.0,0.0
1741.950,174195,2,0.1,-13620035,6893,9255,0.0,0.0
1741.960,174196,2,0.1,-39542197,6893,9255,0.0,0.0
1741.970,174197,2,0.1,-24360295,6893,9255,0.0,0.0
1741.980,174198,2,0.1,23308250,6893,9255,0.0,0.0
1741.990,174199,2,0.1,2117191,6893,9255,0.0,0.0
1742.000,174200,2,0.1,-19290555,6893,9255,0.0,0.0
1742.010,174201,2,0.1,5187716,6893,9255,0.0,0.0
1742.020,174202,2,0.1,-32000970,6893,9255,0.0,0.0
1742.030,174203,2,0.1,-8363393,6893,9255,0.0,0.0
1742.040,174204,2,0.1,10529304,6893,9255,0.0,0.0
1742.050,174205,2,0.1,-29876006,6893,9255,0.0,0.0
1742.060,174206,2,0.1,23885456,6893,9255,0.0,0.0
1742.070,174207,2,0.1,-12364716,6893,9255,0.0,0.0
1742.080,174208,2,0.1,-8591279,6893,9255,0.0,0.0
1742.090,174209,2,0.1,1427207,6893,9255,0.0,0.0
1742.100,174210,2,0.1,-7580175,6893,9255,0.0,0.0
1742.110,174211,2,0.1,-10003477,6893,9255,0.0,0.0
1742.120,174212,2,0.1,-15141777,6893,9255,0.0,0.0
1742.130,174213,2,0.1,7397789,6893,9255,0.0,0.0
1742.140,174214,2,0.1,6831799,6893,9255,0.0,0.0
1742.150,174215,2,0.1,-38504484,6893,9255,0.0,0.0
1742.160,174216,2,0.1,18650563,6893,9255,0.0,0.0
1742.170,174217,2,0.1,3596626,6893,9255,0.0,0.0
1742.180,174218,2,0.1,13183932,6893,9255,0.0,0.0
1742.190,174219,2,0.1,-2416840,6893,9255,0.0,0.0
1742.200,174220,2,0.1,-13474908,6893,9255,0.0,0.0
1742.210,174221,2,0.1,16691898,6893,9255,0.0,0.0
1742.220,174222,2,0.1,-4034632,6893,9255,0.0,0.0
1742.230,174223,2,0.1,29515874,6893,9255,0.0,0.0
1742.240,174224,2,0.1,3049794,6893,9255,0.0,0.0
1742.250,174225,2,0.1,-14955898,6893,9255,0.0,0.0
1742.260,174226,2,0.1,33681592,6893,9255,0.0,0.0
1742.270,174227,2,0.1,-171883,6893,9255,0.0,0.0
1742.280,174228,2,0.1,7375137,6893,9255,0.0,0.0
1742.290,174229,2,0.1,-7871942,6893,9255,0.0,0.0
1742.300,174230,2,0.1,-24567903,6893,9255,0.0,0.0
1742.310,174231,2,0.1,3610673,6893,9255,0.0,0.0
1742.320,174232,2,0.1,-16211225,6893,9255,0.0,0.0
1742.330,174233,2,0.1,-3715650,6893,9255,0.0,0.0
1742.340,174234,2,0.1,-5817315,6893,9255,0.0,0.0
1742.350,174235,2,0.1,-15429182,6893,9255,0.0,0.0
1742.360,174236,2,0.1,14323919,6893,9255,0.0,0.0
1742.370,174237,2,0.1,-1706892,6893,9255,0.0,0.0
1742.380,174238,2,0.1,5695181,6893,9255,0.0,0.0
1742.390,174239,2,0.1,-10805525,6893,9255,0.0,0.0
1742.400,174240,2,0.1,-22878785,6893,9255,0.0,0.0
1742.410,174241,2,0.1,-8748684,6893,9255,0.0,0.0
1742.420,174242,2,0.1,-3466818,6893,9255,0.0,0.0
1742.430,174243,2,0.1,12447182,6893,9255,0.0,0.0
1742.440,174244,2,0.1,305773,6893,9255,0.0,0.0
1742.450,174245,2,0.1,-28155094,6893,9255,0.0,0.0
1742.460,174246,2,0.1,-2920526,6893,9255,0.0,0.0
1742.470,174247,2,0.1,13480506,6893,9255,0.0,0.0
1742.480,174248,2,0.1,34071932,6893,9255,0.0,0.0
1742.490,174249,2,0.1,-11202894,6893,9255,0.0,0.0
1742.500,174250,2,0.1,-17389030,6893,9255,0.0,0.0
1742.510,174251,2,0.1,10193933,6893,9255,0.0,0.0
1742.520,174252,2,0.1,-14253789,6893,9255,0.0,0.0
1742.530,174253,2,0.1,-10123213,6893,9255,0.0,0.0
1742.540,174254,2,0.1,-20948327,6893,9255,0.0,0.0
1742.550,174255,2,0.1,8410129,6893,9255,0.0,0.0
1742.560,174256,2,0.1,4069935,6893,9255,0.0,0.0
1742.570,174257,2,0.1,-4276984,6893,9255,0.0,0.0
1742.580,174258,2,0.1,-5668217,6893,9255,0.0,0.0
1742.590,174259,2,0.1,-14277704,6893,9255,0.0,0.0
1742.600,174260,2,0.1,6344053,6893,9255,0.0,0.0
1742.610,174261,2,0.1,-22520126,6893,9255,0.0,0.0
1742.620,174262,2,0.1,16226696,6893,9255,0.0,0.0
1742.630,174263,2,0.1,1209672,6893,9255,0.0,0.0
1742.640,174264,2,0.1,9319877,6893,9255,0.0,0.0
1742.650,174265,2,0.1,-1525333,6893,9255,0.0,0.0
1742.660,174266,2,0.1,-14873612,6893,9255,0.0,0.0
1742.670,174267,2,0.1,11106584,6893,9255,0.0,0.0
1742.680,174268,2,0.1,18406463,6893,9255,0.0,0.0
1742.690,174269,2,0.1,10002775,6893,9255,0.0,0.0
1742.700,174270,2,0.1,19011148,6893,9255,0.0,0.0
1742.710,174271,2,0.1,552658,6893,9255,0.0,0.0
1742.720,174272,2,0.1,9674756,6893,9255,0.0,0.0
1742.730,174273,2,0.1,3384942,6893,9255,0.0,0.0
1742.740,174274,2,0.1,-15577311,6893,9255,0.0,0.0
1742.750,174275,2,0.1,-22768420,6893,9255,0.0,0.0
1742.760,174276,2,0.1,15832422,6893,9255,0.0,0.0
1742.770,174277,2,0.1,11233400,6893,9255,0.0,0.0
1742.780,174278,2,0.1,-9357088,6893,9255,0.0,0.0
1742.790,174279,2,0.1,20538786,6893,9255,0.0,0.0
1742.800,174280,2,0.1,4959311,6893,9255,0.0,0.0
1742.810,174281,2,0.1,-7786625,6893,9255,0.0,0.0
1742.820,174282,2,0.1,17147451,6893,9255,0.0,0.0
1742.830,174283,2,0.1,29258738,6893,9255,0.0,0.0
1742.840,174284,2,0.1,-14331445,6893,9255,0.0,0.0
1742.850,174285,2,0.1,25364787,6893,9255,0.0,0.0
1742.860,174286,2,0.1,3942442,6893,9255,0.0,0.0
1742.870,174287,2,0.1,10430594,6893,9255,0.0,0.0
1742.880,174288,2,0.1,-30166464,6893,9255,0.0,0.0
1742.890,174289,2,0.1,5599023,6893,9255,0.0,0.0
1742.900,174290,2,0.1,19916836,6893,9255,0.0,0.0
1742.910,174291,2,0.1,-28703020,6893,9255,0.0,0.0
1742.920,174292,2,0.1,-26724751,6893,9255,0.0,0.0
1742.930,174293,2,0.1,-18074133,6893,9255,0.0,0.0
1742.940,174294,2,0.1,-7065032,6893,9255,0.0,0.0
1742.950,174295,2,0.1,-13539193,6893,9255,0.0,0.0
1742.960,174296,2,0.1,-16832754,6893,9255,0.0,0.0
1742.970,174297,2,0.1,-4423695,6893,9255,0.0,0.0
1742.980,174298,2,0.1,-12179646,6893,9255,0.0,0.0
1742.990,174299,2,0.1,-13619607,6893,9255,0.0,0.0
1743.000,174300,2,0.1,-29880574,6893,9255,0.0,0.0
1743.010,174301,2,0.1,-23517731,6893,9255,0.0,0.0
1743.020,174302,2,0.1,19175438,6893,9255,0.0,0.0
1743.030,174303,2,0.1,13201508,6893,9255,0.0,0.0
1743.040,174304,2,0.1,1637826,6893,9255,0.0,0.0
1743.050,174305,2,0.1,-22069532,6893,9255,0.0,0.0
1743.060,174306,2,0.1,3178127,6893,9255,0.0,0.0
1743.070,174307,2,0.1,16078531,6893,9255,0.0,0.0
1743.080,174308,2,0.1,-8994830,6893,9255,0.0,0.0
1743.090,174309,2,0.1,7594874,6893,9255,0.0,0.0
1743.100,174310,2,0.1,-26893054,6893,9255,0.0,0.0
1743.110,174311,2,0.1,135709,6893,9255,0.0,0.0
1743.120,174312,2,0.1,-7182940,6893,9255,0.0,0.0
1743.130,174313,2,0.1,-8179212,6893,9255,0.0,0.0
1743.140,174314,2,0.1,-7102807,6893,9255,0.0,0.0
1743.150,174315,2,0.1,-6052562,6893,9255,0.0,0.0
1743.160,174316,2,0.1,-6073726,6893,9255,0.0,0.0
1743.170,174317,2,0.1,-36838496,6893,9255,0.0,0.0
1743.180,174318,2,0.1,-37321854,6893,9255,0.0,0.0
1743.190,174319,2,0.1,15154166,6893,9255,0.0,0.0
1743.200,174320,2,0.1,-44063083,6893,9255,0.0,0.0
1743.210,174321,2,0.1,-23335645,6893,9255,0.0,0.0
1743.220,174322,2,0.1,-24243267,6893,9255,0.0,0.0
1743.230,174323,2,0.1,-8408415,6893,9255,0.0,0.0
1743.240,174324,2,0.1,5193983,6893,9255,0.0,0.0
1743.250,174325,2,0.1,-2397727,6893,9255,0.0,0.0
1743.260,174326,2,0.1,7875162,6893,9255,0.0,0.0
1743.270,174327,2,0.1,-13374154,6893,9255,0.0,0.0
1743.280,174328,2,0.1,-30577152,6893,9255,0.0,0.0
1743.290,174329,2,0.1,5102655,6893,9255,0.0,0.0
1743.300,174330,2,0.1,-3414833,6893,9255,0.0,0.0
1743.310,174331,2,0.1,25954412,6893,9255,0.0,0.0
1743.320,174332,2,0.1,-41805230,6893,9255,0.0,0.0
1743.330,174333,2,0.1,-21901034,6893,9255,0.0,0.0
1743.340,174334,2,0.1,-12253581,6893,9255,0.0,0.0
1743.350,174335,2,0.1,-15838665,6893,9255,0.0,0.0
1743.360,174336,2,0.1,-12300978,6893,9255,0.0,0.0
1743.370,174337,2,0.1,-17595071,6893,9255,0.0,0.0
1743.380,174338,2,0.1,-15534542,6893,9255,0.0,0.0
1743.390,174339,2,0.1,1049105,6893,9255,0.0,0.0
1743.400,174340,2,0.1,-18754744,6893,9255,0.0,0.0
1743.410,174341,2,0.1,2267398,6893,9255,0.0,0.0
1743.420,174342,2,0.1,3536231,6893,9255,0.0,0.0
1743.430,174343,2,0.1,14795291,6893,9255,0.0,0.0
1743.440,174344,2,0.1,-19154266,6893,9255,0.0,0.0
1743.450,174345,2,0.1,-15266989,6893,9255,0.0,0.0
1743.460,174346,2,0.1,-14382662,6893,9255,0.0,0.0
1743.470,174347,2,0.1,6818382,6893,9255,0.0,0.0
1743.480,174348,2,0.1,-4057771,6893,9255,0.0,0.0
1743.490,174349,2,0.1,-10619578,6893,9255,0.0,0.0
1743.500,174350,2,0.1,-11467159,6893,9255,0.0,0.0
1743.510,174351,2,0.1,-35453270,6893,9255,0.0,0.0
1743.520,174352,2,0.1,11435395,6893,9255,0.0,0.0
1743.530,174353,2,0.1,4464875,6893,9255,0.0,0.0
1743.540,174354,2,0.1,5347673,6893,9255,0.0,0.0
1743.550,174355,2,0.1,22944441,6893,9255,0.0,0.0
1743.560,174356,2,0.1,-7705587,6893,9255,0.0,0.0
1743.570,174357,2,0.1,-21098508,6893,9255,0.0,0.0
1743.580,174358,2,0.1,9737800,6893,9255,0.0,0.0
1743.590,174359,2,0.1,-12647385,6893,9255,0.0,0.0
1743.600,174360,2,0.1,1531692,6893,9255,0.0,0.0
1743.610,174361,2,0.1,-13137924,6893,9255,0.0,0.0
1743.620,174362,2,0.1,-23531148,6893,9255,0.0,0.0
1743.630,174363,2,0.1,-359874,6893,9255,0.0,0.0
1743.640,174364,2,0.1,-17429834,6893,9255,0.0,0.0
1743.650,174365,2,0.1,-34158721,6893,9255,0.0,0.0
1743.660,174366,2,0.1,-17586867,6893,9255,0.0,0.0
1743.670,174367,2,0.1,-35664212,6893,9255,0.0,0.0
1743.680,174368,2,0.1,-19530608,6893,9255,0.0,0.0
1743.690,174369,2,0.1,-10096860,6893,9255,0.0,0.0
1743.700,174370,2,0.1,-47048537,6893,9255,0.0,0.0
1743.710,174371,2,0.1,16331732,6893,9255,0.0,0.0
1743.720,174372,2,0.1,10308515,6893,9255,0.0,0.0
1743.730,174373,2,0.1,-14349664,6893,9255,0.0,0.0
1743.740,174374,2,0.1,-21048542,6893,9255,0.0,0.0
1743.750,174375,2,0.1,-31550131,6893,9255,0.0,0.0
1743.760,174376,2,0.1,-2781305,6893,9255,0.0,0.0
1743.770,174377,2,0.1,4763493,6893,9255,0.0,0.0
1743.780,174378,2,0.1,-33797820,6893,9255,0.0,0.0
1743.790,174379,2,0.1,14716612,6893,9255,0.0,0.0
1743.800,174380,2,0.1,4113976,6893,9255,0.0,0.0
1743.810,174381,2,0.1,-10243901,6893,9255,0.0,0.0
1743.820,174382,2,0.1,-6076158,6893,9255,0.0,0.0
1743.830,174383,2,0.1,-3155884,6893,9255,0.0,0.0
1743.840,174384,2,0.1,13912683,6893,9255,0.0,0.0
1743.850,174385,2,0.1,6612576,6893,9255,0.0,0.0
1743.860,174386,2,0.1,-8938915,6893,9255,0.0,0.0
1743.870,174387,2,0.1,2124613,6893,9255,0.0,0.0
1743.880,174388,2,0.1,8540259,6893,9255,0.0,0.0
1743.890,174389,2,0.1,13724894,6893,9255,0.0,0.0
1743.900,174390,2,0.1,19795706,6893,9255,0.0,0.0
1743.910,174391,2,0.1,17876622,6893,9255,0.0,0.0
1743.920,174392,2,0.1,-640168,6893,9255,0.0,0.0
1743.930,174393,2,0.1,7345196,6893,9255,0.0,0.0
1743.940,174394,2,0.1,22157427,6893,9255,0.0,0.0
1743.950,174395,2,0.1,-21562698,6893,9255,0.0,0.0
1743.960,174396,2,0.1,-842617,6893,9255,0.0,0.0
1743.970,174397,2,0.1,-8621343,6893,9255,0.0,0.0
1743.980,174398,2,0.1,-2792846,6893,9255,0.0,0.0
1743.990,174399,2,0.1,-27525020,6893,9255,0.0,0.0
1744.000,174400,2,0.1,4896804,6893,9255,0.0,0.0
1744.010,174401,2,0.1,-550334,6893,9255,0.0,0.0
1744.020,174402,2,0.1,-905556,6893,9255,0.0,0.0
1744.030,174403,2,0.1,-17081641,6893,9255,0.0,0.0
1744.040,174404,2,0.1,7878774,6893,9255,0.0,0.0
1744.050,174405,2,0.1,1487791,6893,9255,0.0,0.0
1744.060,174406,2,0.1,2068141,6893,9255,0.0,0.0
1744.070,174407,2,0.1,-16644094,6893,9255,0.0,0.0
1744.080,174408,2,0.1,4802517,6893,9255,0.0,0.0
1744.090,174409,2,0.1,-13984912,6893,9255,0.0,0.0
1744.100,174410,2,0.1,-23464336,6893,9255,0.0,0.0
1744.110,174411,2,0.1,-26071142,6893,9255,0.0,0.0
1744.120,174412,2,0.1,-25504601,6893,9255,0.0,0.0
1744.130,174413,2,0.1,-10325445,6893,9255,0.0,0.0
1744.140,174414,2,0.1,24632623,6893,9255,0.0,0.0
1744.150,174415,2,0.1,28098371,6893,9255,0.0,0.0
1744.160,174416,2,0.1,-10483744,6893,9255,0.0,0.0
1744.170,174417,2,0.1,23589479,6893,9255,0.0,0.0
1744.180,174418,2,0.1,-20726673,6893,9255,0.0,0.0
1744.190,174419,2,0.1,-4323678,6893,9255,0.0,0.0
1744.200,174420,2,0.1,17072124,6893,9255,0.0,0.0
1744.210,174421,2,0.1,14075431,6893,9255,0.0,0.0
1744.220,174422,2,0.1,732842,6893,9255,0.0,0.0
1744.230,174423,2,0.1,-8047513,6893,9255,0.0,0.0
1744.240,174424,2,0.1,-465607,6893,9255,0.0,0.0
1744.250,174425,2,0.1,-2076163,6893,9255,0.0,0.0
1744.260,174426,2,0.1,7705390,6893,9255,0.0,0.0
1744.270,174427,2,0.1,5017713,6893,9255,0.0,0.0
1744.280,174428,2,0.1,-20062512,6893,9255,0.0,0.0
1744.290,174429,2,0.1,32155598,6893,9255,0.0,0.0
1744.300,174430,2,0.1,-20116463,6893,9255,0.0,0.0
1744.310,174431,2,0.1,16411122,6893,9255,0.0,0.0
1744.320,174432,2,0.1,-8959720,6893,9255,0.0,0.0
1744.330,174433,2,0.1,12480945,6893,9255,0.0,0.0
1744.340,174434,2,0.1,-24769917,6893,9255,0.0,0.0
1744.350,174435,2,0.1,-15957574,6893,9255,0.0,0.0
1744.360,174436,2,0.1,3377015,6893,9255,0.0,0.0
1744.370,174437,2,0.1,512180,6893,9255,0.0,0.0
1744.380,174438,2,0.1,-17710628,6893,9255,0.0,0.0
1744.390,174439,2,0.1,8520002,6893,9255,0.0,0.0
1744.400,174440,2,0.1,-18916092,6893,9255,0.0,0.0
1744.410,174441,2,0.1,-5037728,6893,9255,0.0,0.0
1744.420,174442,2,0.1,-7692762,6893,9255,0.0,0.0
1744.430,174443,2,0.1,-18082209,6893,9255,0.0,0.0
1744.440,174444,2,0.1,-372167,6893,9255,0.0,0.0
1744.450,174445,2,0.1,3106249,6893,9255,0.0,0.0
1744.460,174446,2,0.1,-30245039,6893,9255,0.0,0.0
1744.470,174447,2,0.1,-3489274,6893,9255,0.0,0.0
1744.480,174448,2,0.1,443364,6893,9255,0.0,0.0
1744.490,174449,2,0.1,8291956,6893,9255,0.0,0.0
1744.500,174450,2,0.1,-20950420,6893,9255,0.0,0.0
1744.510,174451,2,0.1,-27868095,6893,9255,0.0,0.0
1744.520,174452,2,0.1,3370264,6893,9255,0.0,0.0
1744.530,174453,2,0.1,-15266155,6893,9255,0.0,0.0
1744.540,174454,2,0.1,-10542707,6893,9255,0.0,0.0
1744.550,174455,2,0.1,-5266477,6893,9255,0.0,0.0
1744.560,174456,2,0.1,-10449801,6893,9255,0.0,0.0
1744.570,174457,2,0.1,1923458,6893,9255,0.0,0.0
1744.580,174458,2,0.1,-22863992,6893,9255,0.0,0.0
1744.590,174459,2,0.1,-5062015,6893,9255,0.0,0.0
1744.600,174460,2,0.1,-38558268,6893,9255,0.0,0.0
1744.610,174461,2,0.1,11694649,6893,9255,0.0,0.0
1744.620,174462,2,0.1,-12510354,6893,9255,0.0,0.0
1744.630,174463,2,0.1,-27847499,6893,9255,0.0,0.0
1744.640,174464,2,0.1,-13350141,6893,9255,0.0,0.0
1744.650,174465,2,0.1,-11878157,6893,9255,0.0,0.0
1744.660,174466,2,0.1,6684046,6893,9255,0.0,0.0
1744.670,174467,2,0.1,15221529,6893,9255,0.0,0.0
1744.680,174468,2,0.1,-17320989,6893,9255,0.0,0.0
1744.690,174469,2,0.1,-8362825,6893,9255,0.0,0.0
1744.700,174470,2,0.1,3729123,6893,9255,0.0,0.0
1744.710,174471,2,0.1,26336969,6893,9255,0.0,0.0
1744.720,174472,2,0.1,20474529,6893,9255,0.0,0.0
1744.730,174473,2,0.1,12409994,6893,9255,0.0,0.0
1744.740,174474,2,0.1,-27495153,6893,9255,0.0,0.0
1744.750,174475,2,0.1,-21738794,6893,9255,0.0,0.0
1744.760,174476,2,0.1,1215356,6893,9255,0.0,0.0
1744.770,174477,2,0.1,-7420958,6893,9255,0.0,0.0
1744.780,174478,2,0.1,8257578,6893,9255,0.0,0.0
1744.790,174479,2,0.1,-4824229,6893,9255,0.0,0.0
1744.800,174480,2,0.1,-16279773,6893,9255,0.0,0.0
1744.810,174481,2,0.1,-20704589,6893,9255,0.0,0.0
1744.820,174482,2,0.1,-2395133,6893,9255,0.0,0.0
1744.830,174483,2,0.1,-11550528,6893,9255,0.0,0.0
1744.840,174484,2,0.1,-30551248,6893,9255,0.0,0.0
1744.850,174485,2,0.1,15747034,6893,9255,0.0,0.0
1744.860,174486,2,0.1,17694316,6893,9255,0.0,0.0
1744.870,174487,2,0.1,5548830,6893,9255,0.0,0.0
1744.880,174488,2,0.1,-9041993,6893,9255,0.0,0.0
1744.890,174489,2,0.1,4843433,6893,9255,0.0,0.0
1744.900,174490,2,0.1,12148616,6893,9255,0.0,0.0
1744.910,174491,2,0.1,13243462,6893,9255,0.0,0.0
1744.920,174492,2,0.1,319152,6893,9255,0.0,0.0
1744.930,174493,2,0.1,-22457536,6893,9255,0.0,0.0
1744.940,174494,2,0.1,-10908373,6893,9255,0.0,0.0
1744.950,174495,2,0.1,420674,6893,9255,0.0,0.0
1744.960,174496,2,0.1,13546883,6893,9255,0.0,0.0
1744.970,174497,2,0.1,-34903825,6893,9255,0.0,0.0
1744.980,174498,2,0.1,7435851,6893,9255,0.0,0.0
1744.990,174499,2,0.1,-18483817,6893,9255,0.0,0.0
1745.000,174500,2,0.1,797366,6893,9255,0.0,0.0
1745.010,174501,2,0.1,34734011,6893,9255,0.0,0.0
1745.020,174502,2,0.1,1564937,6893,9255,0.0,0.0
1745.030,174503,2,0.1,-2976495,6893,9255,0.0,0.0
1745.040,174504,2,0.1,9637640,6893,9255,0.0,0.0
1745.050,174505,2,0.1,-8889578,6893,9255,0.0,0.0
1745.060,174506,2,0.1,-5627565,6893,9255,0.0,0.0
1745.070,174507,2,0.1,-14271153,6893,9255,0.0,0.0
1745.080,174508,2,0.1,-20476421,6893,9255,0.0,0.0
1745.090,174509,2,0.1,6577173,6893,9255,0.0,0.0
1745.100,174510,2,0.1,21558574,6893,9255,0.0,0.0
1745.110,174511,2,0.1,2749692,6893,9255,0.0,0.0
1745.120,174512,2,0.1,-5727510,6893,9255,0.0,0.0
1745.130,174513,2,0.1,-12607926,6893,9255,0.0,0.0
1745.140,174514,2,0.1,-14136636,6893,9255,0.0,0.0
1745.150,174515,2,0.1,-17842745,6893,9255,0.0,0.0
1745.160,174516,2,0.1,27178922,6893,9255,0.0,0.0
1745.170,174517,2,0.1,13106510,6893,9255,0.0,0.0
1745.180,174518,2,0.1,15972206,6893,9255,0.0,0.0
1745.190,174519,2,0.1,-32544966,6893,9255,0.0,0.0
1745.200,174520,2,0.1,20604375,6893,9255,0.0,0.0
1745.210,174521,2,0.1,14496343,6893,9255,0.0,0.0
1745.220,174522,2,0.1,-22969756,6893,9255,0.0,0.0
1745.230,174523,2,0.1,-19998273,6893,9255,0.0,0.0
1745.240,174524,2,0.1,17150674,6893,9255,0.0,0.0
1745.250,174525,2,0.1,-26747104,6893,9255,0.0,0.0
1745.260,174526,2,0.1,-18739570,6893,9255,0.0,0.0
1745.270,174527,2,0.1,-2390415,6893,9255,0.0,0.0
1745.280,174528,2,0.1,43138074,6893,9255,0.0,0.0
1745.290,174529,2,0.1,25016790,6893,9255,0.0,0.0
1745.300,174530,2,0.1,35021749,6893,9255,0.0,0.0
1745.310,174531,2,0.1,11254017,6893,9255,0.0,0.0
1745.320,174532,2,0.1,20242732,6893,9255,0.0,0.0
1745.330,174533,2,0.1,258762,6893,9255,0.0,0.0
1745.340,174534,2,0.1,2938432,6893,9255,0.0,0.0
1745.350,174535,2,0.1,21265571,6893,9255,0.0,0.0
1745.360,174536,2,0.1,-11424103,6893,9255,0.0,0.0
1745.370,174537,2,0.1,-11482706,6893,9255,0.0,0.0
1745.380,174538,2,0.1,-807498,6893,9255,0.0,0.0
1745.390,174539,2,0.1,-19380730,6893,9255,0.0,0.0
1745.400,174540,2,0.1,19835077,6893,9255,0.0,0.0
1745.410,174541,2,0.1,5610973,6893,9255,0.0,0.0
1745.420,174542,2,0.1,-28545831,6893,9255,0.0,0.0
1745.430,174543,2,0.1,-5173228,6893,9255,0.0,0.0
1745.440,174544,2,0.1,509096,6893,9255,0.0,0.0
1745.450,174545,2,0.1,19937076,6893,9255,0.0,0.0
1745.460,174546,2,0.1,14776348,6893,9255,0.0,0.0
1745.470,174547,2,0.1,4078299,6893,9255,0.0,0.0
1745.480,174548,2,0.1,1219350,6893,9255,0.0,0.0
1745.490,174549,2,0.1,-10995035,6893,9255,0.0,0.0
1745.500,174550,2,0.1,-5258215,6893,9255,0.0,0.0
1745.510,174551,2,0.1,10691411,6893,9255,0.0,0.0
1745.520,174552,2,0.1,-8559264,6893,9255,0.0,0.0
1745.530,174553,2,0.1,2643958,6893,9255,0.0,0.0
1745.540,174554,2,0.1,18879917,6893,9255,0.0,0.0
1745.550,174555,2,0.1,5414292,6893,9255,0.0,0.0
1745.560,174556,2,0.1,9190040,6893,9255,0.0,0.0
1745.570,174557,2,0.1,-13384023,6893,9255,0.0,0.0
1745.580,174558,2,0.1,-30183492,6893,9255,0.0,0.0
1745.590,174559,2,0.1,-1007109,6893,9255,0.0,0.0
1745.600,174560,2,0.1,7877675,6893,9255,0.0,0.0
1745.610,174561,2,0.1,-15515421,6893,9255,0.0,0.0
1745.620,174562,2,0.1,-4079200,6893,9255,0.0,0.0
1745.630,174563,2,0.1,2381007,6893,9255,0.0,0.0
1745.640,174564,2,0.1,3496572,6893,9255,0.0,0.0
1745.650,174565,2,0.1,13473786,6893,9255,0.0,0.0
1745.660,174566,2,0.1,-22363644,6893,9255,0.0,0.0
1745.670,174567,2,0.1,-5126760,6893,9255,0.0,0.0
1745.680,174568,2,0.1,-34198298,6893,9255,0.0,0.0
1745.690,174569,2,0.1,-14179672,6893,9255,0.0,0.0
1745.700,174570,2,0.1,-14285249,6893,9255,0.0,0.0
1745.710,174571,2,0.1,4078510,6893,9255,0.0,0.0
1745.720,174572,2,0.1,-4914642,6893,9255,0.0,0.0
1745.730,174573,2,0.1,-34981339,6893,9255,0.0,0.0
1745.740,174574,2,0.1,5898100,6893,9255,0.0,0.0
1745.750,174575,2,0.1,571767,6893,9255,0.0,0.0
1745.760,174576,2,0.1,-3656384,6893,9255,0.0,0.0
1745.770,174577,2,0.1,-11392334,6893,9255,0.0,0.0
1745.780,174578,2,0.1,-5045178,6893,9255,0.0,0.0
1745.790,174579,2,0.1,23172508,6893,9255,0.0,0.0
1745.800,174580,2,0.1,32383687,6893,9255,0.0,0.0
1745.810,174581,2,0.1,-9120689,6893,9255,0.0,0.0
1745.820,174582,2,0.1,-6026095,6893,9255,0.0,0.0
1745.830,174583,2,0.1,-22109552,6893,9255,0.0,0.0
1745.840,174584,2,0.1,-14934610,6893,9255,0.0,0.0
1745.850,174585,2,0.1,-5002880,6893,9255,0.0,0.0
1745.860,174586,2,0.1,-23796566,6893,9255,0.0,0.0
1745.870,174587,2,0.1,-1159067,6893,9255,0.0,0.0
1745.880,174588,2,0.1,-2079926,6893,9255,0.0,0.0
1745.890,174589,2,0.1,5300409,6893,9255,0.0,0.0
1745.900,174590,2,0.1,-8823406,6893,9255,0.0,0.0
1745.910,174591,2,0.1,36923262,6893,9255,0.0,0.0
1745.920,174592,2,0.1,-301708,6893,9255,0.0,0.0
1745.930,174593,2,0.1,-4940155,6893,9255,0.0,0.0
1745.940,174594,2,0.1,-17229186,6893,9255,0.0,0.0
1745.950,174595,2,0.1,27408972,6893,9255,0.0,0.0
1745.960,174596,2,0.1,2465714,6893,9255,0.0,0.0
1745.970,174597,2,0.1,4907468,6893,9255,0.0,0.0
1745.980,174598,2,0.1,21395509,6893,9255,0.0,0.0
1745.990,174599,2,0.1,-15559279,6893,9255,0.0,0.0
1746.000,174600,2,0.1,35017300,6893,9255,0.0,0.0
1746.010,174601,2,0.1,-21955667,6893,9255,0.0,0.0
1746.020,174602,2,0.1,12494265,6893,9255,0.0,0.0
1746.030,174603,2,0.1,-3148936,6893,9255,0.0,0.0
1746.040,174604,2,0.1,-13034630,6893,9255,0.0,0.0
1746.050,174605,2,0.1,-15131235,6893,9255,0.0,0.0
1746.060,174606,2,0.1,-17846542,6893,9255,0.0,0.0
1746.070,174607,2,0.1,4382629,6893,9255,0.0,0.0
1746.080,174608,2,0.1,17668685,6893,9255,0.0,0.0
1746.090,174609,2,0.1,-8229262,6893,9255,0.0,0.0
1746.100,174610,2,0.1,1554191,6893,9255,0.0,0.0
1746.110,174611,2,0.1,5908431,6893,9255,0.0,0.0
1746.120,174612,2,0.1,-22174220,6893,9255,0.0,0.0
1746.130,174613,2,0.1,77507,6893,9255,0.0,0.0
1746.140,174614,2,0.1,-3543362,6893,9255,0.0,0.0
1746.150,174615,2,0.1,-1620328,6893,9255,0.0,0.0
1746.160,174616,2,0.1,-27127850,6893,9255,0.0,0.0
1746.170,174617,2,0.1,-6522006,6893,9255,0.0,0.0
1746.180,174618,2,0.1,6734847,6893,9255,0.0,0.0
1746.190,174619,2,0.1,-40326060,6893,9255,0.0,0.0
1746.200,174620,2,0.1,-984706,6893,9255,0.0,0.0
1746.210,174621,2,0.1,3578740,6893,9255,0.0,0.0
1746.220,174622,2,0.1,11064253,6893,9255,0.0,0.0
1746.230,174623,2,0.1,-8716935,6893,9255,0.0,0.0
1746.240,174624,2,0.1,17557103,6893,9255,0.0,0.0
1746.250,174625,2,0.1,3863476,6893,9255,0.0,0.0
1746.260,174626,2,0.1,-1988446,6893,9255,0.0,0.0
1746.270,174627,2,0.1,7608265,6893,9255,0.0,0.0
1746.280,174628,2,0.1,-4838582,6893,9255,0.0,0.0
1746.290,174629,2,0.1,31169982,6893,9255,0.0,0.0
1746.300,174630,2,0.1,16134002,6893,9255,0.0,0.0
1746.310,174631,2,0.1,34551045,6893,9255,0.0,0.0
1746.320,174632,2,0.1,15561211,6893,9255,0.0,0.0
1746.330,174633,2,0.1,-5897104,6893,9255,0.0,0.0
1746.340,174634,2,0.1,7515318,6893,9255,0.0,0.0
1746.350,174635,2,0.1,-7097238,6893,9255,0.0,0.0
1746.360,174636,2,0.1,-8477615,6893,9255,0.0,0.0
1746.370,174637,2,0.1,-3212327,6893,9255,0.0,0.0
1746.380,174638,2,0.1,10252770,6893,9255,0.0,0.0
1746.390,174639,2,0.1,-8533377,6893,9255,0.0,0.0
1746.400,174640,2,0.1,-6025780,6893,9255,0.0,0.0
1746.410,174641,2,0.1,-7942501,6893,9255,0.0,0.0
1746.420,174642,2,0.1,44041679,6893,9255,0.0,0.0
1746.430,174643,2,0.1,-2792333,6893,9255,0.0,0.0
1746.440,174644,2,0.1,-6466233,6893,9255,0.0,0.0
1746.450,174645,2,0.1,-307801,6893,9255,0.0,0.0
1746.460,174646,2,0.1,-16739986,6893,9255,0.0,0.0
1746.470,174647,2,0.1,862092,6893,9255,0.0,0.0
1746.480,174648,2,0.1,-26317688,6893,9255,0.0,0.0
1746.490,174649,2,0.1,-13763652,6893,9255,0.0,0.0
1746.500,174650,2,0.1,-10153891,6893,9255,0.0,0.0
1746.510,174651,2,0.1,-25209237,6893,9255,0.0,0.0
1746.520,174652,2,0.1,-26072416,6893,9255,0.0,0.0
1746.530,174653,2,0.1,2903304,6893,9255,0.0,0.0
1746.540,174654,2,0.1,596336,6893,9255,0.0,0.0
1746.550,174655,2,0.1,-1545419,6893,9255,0.0,0.0
1746.560,174656,2,0.1,-9776823,6893,9255,0.0,0.0
1746.570,174657,2,0.1,-15717488,6893,9255,0.0,0.0
1746.580,174658,2,0.1,18982878,6893,9255,0.0,0.0
1746.590,174659,2,0.1,-25341754,6893,9255,0.0,0.0
1746.600,174660,2,0.1,-5307149,6893,9255,0.0,0.0
1746.610,174661,2,0.1,-13883469,6893,9255,0.0,0.0
1746.620,174662,2,0.1,5860552,6893,9255,0.0,0.0
1746.630,174663,2,0.1,10707306,6893,9255,0.0,0.0
1746.640,174664,2,0.1,-14848030,6893,9255,0.0,0.0
1746.650,174665,2,0.1,-19332571,6893,9255,0.0,0.0
1746.660,174666,2,0.1,-14241025,6893,9255,0.0,0.0
1746.670,174667,2,0.1,21225774,6893,9255,0.0,0.0
1746.680,174668,2,0.1,-8580528,6893,9255,0.0,0.0
1746.690,174669,2,0.1,5031664,6893,9255,0.0,0.0
1746.700,174670,2,0.1,-6173076,6893,9255,0.0,0.0
1746.710,174671,2,0.1,19154415,6893,9255,0.0,0.0
1746.720,174672,2,0.1,5738851,6893,9255,0.0,0.0
1746.730,174673,2,0.1,9548576,6893,9255,0.0,0.0
1746.740,174674,2,0.1,10011576,6893,9255,0.0,0.0
1746.750,174675,2,0.1,-1017764,6893,9255,0.0,0.0
1746.760,174676,2,0.1,-13656449,6893,9255,0.0,0.0
1746.770,174677,2,0.1,-21704018,6893,9255,0.0,0.0
1746.780,174678,2,0.1,11060231,6893,9255,0.0,0.0
1746.790,174679,2,0.1,20092377,6893,9255,0.0,0.0
1746.800,174680,2,0.1,28613405,6893,9255,0.0,0.0
1746.810,174681,2,0.1,-16572821,6893,9255,0.0,0.0
1746.820,174682,2,0.1,-7846348,6893,9255,0.0,0.0
1746.830,174683,2,0.1,-345863,6893,9255,0.0,0.0
1746.840,174684,2,0.1,2219866,6893,9255,0.0,0.0
1746.850,174685,2,0.1,4240668,6893,9255,0.0,0.0
1746.860,174686,2,0.1,-2718585,6893,9255,0.0,0.0
1746.870,174687,2,0.1,-8949651,6893,9255,0.0,0.0
1746.880,174688,2,0.1,-22085134,6893,9255,0.0,0.0
1746.890,174689,2,0.1,-1609648,6893,9255,0.0,0.0
1746.900,174690,2,0.1,-16255934,6893,9255,0.0,0.0
1746.910,174691,2,0.1,-28679650,6893,9255,0.0,0.0
1746.920,174692,2,0.1,685005,6893,9255,0.0,0.0
1746.930,174693,2,0.1,11528775,6893,9255,0.0,0.0
1746.940,174694,2,0.1,5929548,6893,9255,0.0,0.0
1746.950,174695,2,0.1,8292794,6893,9255,0.0,0.0
1746.960,174696,2,0.1,3508717,6893,9255,0.0,0.0
1746.970,174697,2,0.1,-8383550,6893,9255,0.0,0.0
1746.980,174698,2,0.1,27225730,6893,9255,0.0,0.0
1746.990,174699,2,0.1,-18094176,6893,9255,0.0,0.0
1747.000,174700,2,0.1,-6372836,6893,9255,0.0,0.0
1747.010,174701,2,0.1,-5705560,6893,9255,0.0,0.0
1747.020,174702,2,0.1,5439209,6893,9255,0.0,0.0
1747.030,174703,2,0.1,-12542584,6893,9255,0.0,0.0
1747.040,174704,2,0.1,-733102,6893,9255,0.0,0.0
1747.050,174705,2,0.1,-28603523,6893,9255,0.0,0.0
1747.060,174706,2,0.1,-7783141,6893,9255,0.0,0.0
1747.070,174707,2,0.1,2828752,6893,9255,0.0,0.0
1747.080,174708,2,0.1,-15584669,6893,9255,0.0,0.0
1747.090,174709,2,0.1,359603,6893,9255,0.0,0.0
1747.100,174710,2,0.1,-232021,6893,9255,0.0,0.0
1747.110,174711,2,0.1,-4644887,6893,9255,0.0,0.0
1747.120,174712,2,0.1,-14681827,6893,9255,0.0,0.0
1747.130,174713,2,0.1,19996,6893,9255,0.0,0.0
1747.140,174714,2,0.1,-2428419,6893,9255,0.0,0.0
1747.150,174715,2,0.1,-1492555,6893,9255,0.0,0.0
1747.160,174716,2,0.1,20406917,6893,9255,0.0,0.0
1747.170,174717,2,0.1,-25350226,6893,9255,0.0,0.0
1747.180,174718,2,0.1,-1980980,6893,9255,0.0,0.0
1747.190,174719,2,0.1,-21206466,6893,9255,0.0,0.0
1747.200,174720,2,0.1,-17305273,6893,9255,0.0,0.0
1747.210,174721,2,0.1,18086591,6893,9255,0.0,0.0
1747.220,174722,2,0.1,16224548,6893,9255,0.0,0.0
1747.230,174723,2,0.1,2855508,6893,9255,0.0,0.0
1747.240,174724,2,0.1,22746121,6893,9255,0.0,0.0
1747.250,174725,2,0.1,2272597,6893,9255,0.0,0.0
1747.260,174726,2,0.1,-18528408,6893,9255,0.0,0.0
1747.270,174727,2,0.1,1538315,6893,9255,0.0,0.0
1747.280,174728,2,0.1,10392583,6893,9255,0.0,0.0
1747.290,174729,2,0.1,-19819079,6893,9255,0.0,0.0
1747.300,174730,2,0.1,15923992,6893,9255,0.0,0.0
1747.310,174731,2,0.1,3760723,6893,9255,0.0,0.0
1747.320,174732,2,0.1,36229136,6893,9255,0.0,0.0
1747.330,174733,2,0.1,27717248,6893,9255,0.0,0.0
1747.340,174734,2,0.1,2792963,6893,9255,0.0,0.0
1747.350,174735,2,0.1,11192599,6893,9255,0.0,0.0
1747.360,174736,2,0.1,-27613161,6893,9255,0.0,0.0
1747.370,174737,2,0.1,-408025,6893,9255,0.0,0.0
1747.380,174738,2,0.1,-6350612,6893,9255,0.0,0.0
1747.390,174739,2,0.1,7548238,6893,9255,0.0,0.0
1747.400,174740,2,0.1,-14287933,6893,9255,0.0,0.0
1747.410,174741,2,0.1,2020037,6893,9255,0.0,0.0
1747.420,174742,2,0.1,-12802321,6893,9255,0.0,0.0
1747.430,174743,2,0.1,-17435809,6893,9255,0.0,0.0
1747.440,174744,2,0.1,1738926,6893,9255,0.0,0.0
1747.450,174745,2,0.1,21705406,6893,9255,0.0,0.0
1747.460,174746,2,0.1,4762754,6893,9255,0.0,0.0
1747.470,174747,2,0.1,-26797896,6893,9255,0.0,0.0
1747.480,174748,2,0.1,13831999,6893,9255,0.0,0.0
1747.490,174749,2,0.1,4249899,6893,9255,0.0,0.0
1747.500,174750,2,0.1,3503759,6893,9255,0.0,0.0
1747.510,174751,2,0.1,4304797,6893,9255,0.0,0.0
1747.520,174752,2,0.1,-9504873,6893,9255,0.0,0.0
1747.530,174753,2,0.1,-1155346,6893,9255,0.0,0.0
1747.540,174754,2,0.1,-23677055,6893,9255,0.0,0.0
1747.550,174755,2,0.1,11220725,6893,9255,0.0,0.0
1747.560,174756,2,0.1,7047128,6893,9255,0.0,0.0
1747.570,174757,2,0.1,6322135,6893,9255,0.0,0.0
1747.580,174758,2,0.1,4239183,6893,9255,0.0,0.0
1747.590,174759,2,0.1,26204465,6893,9255,0.0,0.0
1747.600,174760,2,0.1,7128095,6893,9255,0.0,0.0
1747.610,174761,2,0.1,-19394321,6893,9255,0.0,0.0
1747.620,174762,2,0.1,-39023877,6893,9255,0.0,0.0
1747.630,174763,2,0.1,3473156,6893,9255,0.0,0.0
1747.640,174764,2,0.1,-5919589,6893,9255,0.0,0.0
1747.650,174765,2,0.1,-13212162,6893,9255,0.0,0.0
1747.660,174766,2,0.1,4852743,6893,9255,0.0,0.0
1747.670,174767,2,0.1,-17899957,6893,9255,0.0,0.0
1747.680,174768,2,0.1,-11286568,6893,9255,0.0,0.0
1747.690,174769,2,0.1,27188825,6893,9255,0.0,0.0
1747.700,174770,2,0.1,-5789170,6893,9255,0.0,0.0
1747.710,174771,2,0.1,-24248600,6893,9255,0.0,0.0
1747.720,174772,2,0.1,-2375749,6893,9255,0.0,0.0
1747.730,174773,2,0.1,3533305,6893,9255,0.0,0.0
1747.740,174774,2,0.1,-26053332,6893,9255,0.0,0.0
1747.750,174775,2,0.1,1980762,6893,9255,0.0,0.0
1747.760,174776,2,0.1,6145024,6893,9255,0.0,0.0
1747.770,174777,2,0.1,7226004,6893,9255,0.0,0.0
1747.780,174778,2,0.1,-9860788,6893,9255,0.0,0.0
1747.790,174779,2,0.1,12854402,6893,9255,0.0,0.0
1747.800,174780,2,0.1,27079849,6893,9255,0.0,0.0
1747.810,174781,2,0.1,-44605788,6893,9255,0.0,0.0
1747.820,174782,2,0.1,3252916,6893,9255,0.0,0.0
1747.830,174783,2,0.1,4249546,6893,9255,0.0,0.0
1747.840,174784,2,0.1,18159754,6893,9255,0.0,0.0
1747.850,174785,2,0.1,351164,6893,9255,0.0,0.0
1747.860,174786,2,0.1,-1693031,6893,9255,0.0,0.0
1747.870,174787,2,0.1,-1188761,6893,9255,0.0,0.0
1747.880,174788,2,0.1,-10206882,6893,9255,0.0,0.0
1747.890,174789,2,0.1,-31938533,6893,9255,0.0,0.0
1747.900,174790,2,0.1,-23243342,6893,9255,0.0,0.0
1747.910,174791,2,0.1,14080627,6893,9255,0.0,0.0
1747.920,174792,2,0.1,-18447016,6893,9255,0.0,0.0
1747.930,174793,2,0.1,6171915,6893,9255,0.0,0.0
1747.940,174794,2,0.1,6822166,6893,9255,0.0,0.0
1747.950,174795,2,0.1,21499398,6893,9255,0.0,0.0
1747.960,174796,2,0.1,-3680495,6893,9255,0.0,0.0
1747.970,174797,2,0.1,-19522036,6893,9255,0.0,0.0
1747.980,174798,2,0.1,2093936,6893,9255,0.0,0.0
1747.990,174799,2,0.1,10525840,6893,9255,0.0,0.0
1748.000,174800,2,0.1,1835062,6893,9255,0.0,0.0
1748.010,174801,2,0.1,21431139,6893,9255,0.0,0.0
1748.020,174802,2,0.1,5090628,6893,9255,0.0,0.0
1748.030,174803,2,0.1,-3060305,6893,9255,0.0,0.0
1748.040,174804,2,0.1,6894312,6893,9255,0.0,0.0
1748.050,174805,2,0.1,3401192,6893,9255,0.0,0.0
1748.060,174806,2,0.1,-23738877,6893,9255,0.0,0.0
1748.070,174807,2,0.1,-11407213,6893,9255,0.0,0.0
1748.080,174808,2,0.1,-2914387,6893,9255,0.0,0.0
1748.090,174809,2,0.1,1215186,6893,9255,0.0,0.0
1748.100,174810,2,0.1,-16115189,6893,9255,0.0,0.0
1748.110,174811,2,0.1,-13423920,6893,9255,0.0,0.0
1748.120,174812,2,0.1,-7300731,6893,9255,0.0,0.0
1748.130,174813,2,0.1,-19335601,6893,9255,0.0,0.0
1748.140,174814,2,0.1,-14325832,6893,9255,0.0,0.0
1748.150,174815,2,0.1,-7440954,6893,9255,0.0,0.0
1748.160,174816,2,0.1,8545169,6893,9255,0.0,0.0
1748.170,174817,2,0.1,-15301890,6893,9255,0.0,0.0
1748.180,174818,2,0.1,-17474453,6893,9255,0.0,0.0
1748.190,174819,2,0.1,-5406951,6893,9255,0.0,0.0
1748.200,174820,2,0.1,-11882602,6893,9255,0.0,0.0
1748.210,174821,2,0.1,-20075940,6893,9255,0.0,0.0
1748.220,174822,2,0.1,-11426590,6893,9255,0.0,0.0
1748.230,174823,2,0.1,9555041,6893,9255,0.0,0.0
1748.240,174824,2,0.1,6272988,6893,9255,0.0,0.0
1748.250,174825,2,0.1,-5355317,6893,9255,0.0,0.0
1748.260,174826,2,0.1,-7637975,6893,9255,0.0,0.0
1748.270,174827,2,0.1,17486309,6893,9255,0.0,0.0
1748.280,174828,2,0.1,-16418290,6893,9255,0.0,0.0
1748.290,174829,2,0.1,-16865106,6893,9255,0.0,0.0
1748.300,174830,2,0.1,-21795891,6893,9255,0.0,0.0
1748.310,174831,2,0.1,-23116549,6893,9255,0.0,0.0
1748.320,174832,2,0.1,-42222675,6893,9255,0.0,0.0
1748.330,174833,2,0.1,13943931,6893,9255,0.0,0.0
1748.340,174834,2,0.1,2229537,6893,9255,0.0,0.0
1748.350,174835,2,0.1,-28903337,6893,9255,0.0,0.0
1748.360,174836,2,0.1,-667982,6893,9255,0.0,0.0
1748.370,174837,2,0.1,-15575096,6893,9255,0.0,0.0
1748.380,174838,2,0.1,-9780594,6893,9255,0.0,0.0
1748.390,174839,2,0.1,8811313,6893,9255,0.0,0.0
1748.400,174840,2,0.1,-23195950,6893,9255,0.0,0.0
1748.410,174841,2,0.1,-31881941,6893,9255,0.0,0.0
1748.420,174842,2,0.1,29452722,6893,9255,0.0,0.0
1748.430,174843,2,0.1,1796941,6893,9255,0.0,0.0
1748.440,174844,2,0.1,14499344,6893,9255,0.0,0.0
1748.450,174845,2,0.1,-2001628,6893,9255,0.0,0.0
1748.460,174846,2,0.1,18134716,6893,9255,0.0,0.0
1748.470,174847,2,0.1,5400857,6893,9255,0.0,0.0
1748.480,174848,2,0.1,10586787,6893,9255,0.0,0.0
1748.490,174849,2,0.1,-4389121,6893,9255,0.0,0.0
1748.500,174850,2,0.1,-16540333,6893,9255,0.0,0.0
1748.510,174851,2,0.1,-5152138,6893,9255,0.0,0.0
1748.520,174852,2,0.1,9136756,6893,9255,0.0,0.0
1748.530,174853,2,0.1,-17676651,6893,9255,0.0,0.0
1748.540,174854,2,0.1,-3527259,6893,9255,0.0,0.0
1748.550,174855,2,0.1,-6006047,6893,9255,0.0,0.0
1748.560,174856,2,0.1,-6140638,6893,9255,0.0,0.0
1748.570,174857,2,0.1,-29867835,6893,9255,0.0,0.0
1748.580,174858,2,0.1,30290404,6893,9255,0.0,0.0
1748.590,174859,2,0.1,4750893,6893,9255,0.0,0.0
1748.600,174860,2,0.1,12972867,6893,9255,0.0,0.0
1748.610,174861,2,0.1,18346989,6893,9255,0.0,0.0
1748.620,174862,2,0.1,6539789,6893,9255,0.0,0.0
1748.630,174863,2,0.1,-5039601,6893,9255,0.0,0.0
1748.640,174864,2,0.1,-11348810,6893,9255,0.0,0.0
1748.650,174865,2,0.1,1249578,6893,9255,0.0,0.0
1748.660,174866,2,0.1,2679335,6893,9255,0.0,0.0
1748.670,174867,2,0.1,7252947,6893,9255,0.0,0.0
1748.680,174868,2,0.1,-9997642,6893,9255,0.0,0.0
1748.690,174869,2,0.1,13550818,6893,9255,0.0,0.0
1748.700,174870,2,0.1,11142637,6893,9255,0.0,0.0
1748.710,174871,2,0.1,21176536,6893,9255,0.0,0.0
1748.720,174872,2,0.1,22138487,6893,9255,0.0,0.0
1748.730,174873,2,0.1,16104468,6893,9255,0.0,0.0
1748.740,174874,2,0.1,1183306,6893,9255,0.0,0.0
1748.750,174875,2,0.1,-8811231,6893,9255,0.0,0.0
1748.760,174876,2,0.1,135477,6893,9255,0.0,0.0
1748.770,174877,2,0.1,11493869,6893,9255,0.0,0.0
1748.780,174878,2,0.1,-1119432,6893,9255,0.0,0.0
1748.790,174879,2,0.1,-14683823,6893,9255,0.0,0.0
1748.800,174880,2,0.1,-13181019,6893,9255,0.0,0.0
1748.810,174881,2,0.1,3486630,6893,9255,0.0,0.0
1748.820,174882,2,0.1,21699009,6893,9255,0.0,0.0
1748.830,174883,2,0.1,-16672386,6893,9255,0.0,0.0
1748.840,174884,2,0.1,12321569,6893,9255,0.0,0.0
1748.850,174885,2,0.1,7366668,6893,9255,0.0,0.0
1748.860,174886,2,0.1,-8671367,6893,9255,0.0,0.0
1748.870,174887,2,0.1,13150382,6893,9255,0.0,0.0
1748.880,174888,2,0.1,11779675,6893,9255,0.0,0.0
1748.890,174889,2,0.1,1580347,6893,9255,0.0,0.0
1748.900,174890,2,0.1,-15057331,6893,9255,0.0,0.0
1748.910,174891,2,0.1,-10259887,6893,9255,0.0,0.0
1748.920,174892,2,0.1,-12224939,6893,9255,0.0,0.0
1748.930,174893,2,0.1,-13474477,6893,9255,0.0,0.0
1748.940,174894,2,0.1,586143,6893,9255,0.0,0.0
1748.950,174895,2,0.1,13790903,6893,9255,0.0,0.0
1748.960,174896,2,0.1,-21594686,6893,9255,0.0,0.0
1748.970,174897,2,0.1,-13447889,6893,9255,0.0,0.0
1748.980,174898,2,0.1,13583903,6893,9255,0.0,0.0
1748.990,174899,2,0.1,-17797427,6893,9255,0.0,0.0
1749.000,174900,2,0.1,-19273978,6893,9255,0.0,0.0
1749.010,174901,2,0.1,3863986,6893,9255,0.0,0.0
1749.020,174902,2,0.1,-14045427,6893,9255,0.0,0.0
1749.030,174903,2,0.1,11293261,6893,9255,0.0,0.0
1749.040,174904,2,0.1,-9969531,6893,9255,0.0,0.0
1749.050,174905,2,0.1,-11013133,6893,9255,0.0,0.0
1749.060,174906,2,0.1,-11441799,6893,9255,0.0,0.0
1749.070,174907,2,0.1,-9601166,6893,9255,0.0,0.0
1749.080,174908,2,0.1,-10846385,6893,9255,0.0,0.0
1749.090,174909,2,0.1,20240718,6893,9255,0.0,0.0
1749.100,174910,2,0.1,3429066,6893,9255,0.0,0.0
1749.110,174911,2,0.1,2036170,6893,9255,0.0,0.0
1749.120,174912,2,0.1,193013,6893,9255,0.0,0.0
1749.130,174913,2,0.1,-33769453,6893,9255,0.0,0.0
1749.140,174914,2,0.1,9904210,6893,9255,0.0,0.0
1749.150,174915,2,0.1,-7941766,6893,9255,0.0,0.0
1749.160,174916,2,0.1,11711333,6893,9255,0.0,0.0
1749.170,174917,2,0.1,12187084,6893,9255,0.0,0.0
1749.180,174918,2,0.1,-11057741,6893,9255,0.0,0.0
1749.190,174919,2,0.1,20732446,6893,9255,0.0,0.0
1749.200,174920,2,0.1,-9953203,6893,9255,0.0,0.0
1749.210,174921,2,0.1,-16724990,6893,9255,0.0,0.0
1749.220,174922,2,0.1,26298916,6893,9255,0.0,0.0
1749.230,174923,2,0.1,1324312,6893,9255,0.0,0.0
1749.240,174924,2,0.1,-18974444,6893,9255,0.0,0.0
1749.250,174925,2,0.1,-9972282,6893,9255,0.0,0.0
1749.260,174926,2,0.1,-12872971,6893,9255,0.0,0.0
1749.270,174927,2,0.1,-12547154,6893,9255,0.0,0.0
1749.280,174928,2,0.1,20041077,6893,9255,0.0,0.0
1749.290,174929,2,0.1,-29542243,6893,9255,0.0,0.0
1749.300,174930,2,0.1,5523823,6893,9255,0.0,0.0
1749.310,174931,2,0.1,-20538953,6893,9255,0.0,0.0
1749.320,174932,2,0.1,15186291,6893,9255,0.0,0.0
1749.330,174933,2,0.1,4227833,6893,9255,0.0,0.0
1749.340,174934,2,0.1,2252095,6893,9255,0.0,0.0
1749.350,174935,2,0.1,2485109,6893,9255,0.0,0.0
1749.360,174936,2,0.1,-9316113,6893,9255,0.0,0.0
1749.370,174937,2,0.1,2148879,6893,9255,0.0,0.0
1749.380,174938,2,0.1,-4699166,6893,9255,0.0,0.0
1749.390,174939,2,0.1,-14446070,6893,9255,0.0,0.0
1749.400,174940,2,0.1,-10948155,6893,9255,0.0,0.0
1749.410,174941,2,0.1,-1612265,6893,9255,0.0,0.0
1749.420,174942,2,0.1,9750903,6893,9255,0.0,0.0
1749.430,174943,2,0.1,9260671,6893,9255,0.0,0.0
1749.440,174944,2,0.1,-6902670,6893,9255,0.0,0.0
1749.450,174945,2,0.1,3869756,6893,9255,0.0,0.0
1749.460,174946,2,0.1,-12841145,6893,9255,0.0,0.0
1749.470,174947,2,0.1,-6045273,6893,9255,0.0,0.0
1749.480,174948,2,0.1,7645459,6893,9255,0.0,0.0
1749.490,174949,2,0.1,2294869,6893,9255,0.0,0.0
1749.500,174950,2,0.1,3751779,6893,9255,0.0,0.0
1749.510,174951,2,0.1,-5063137,6893,9255,0.0,0.0
1749.520,174952,2,0.1,-11000175,6893,9255,0.0,0.0
1749.530,174953,2,0.1,16144020,6893,9255,0.0,0.0
1749.540,174954,2,0.1,655519,6893,9255,0.0,0.0
1749.550,174955,2,0.1,-4372174,6893,9255,0.0,0.0
1749.560,174956,2,0.1,-1274801,6893,9255,0.0,0.0
1749.570,174957,2,0.1,8569887,6893,9255,0.0,0.0
1749.580,174958,2,0.1,-17867303,6893,9255,0.0,0.0
1749.590,174959,2,0.1,-4954684,6893,9255,0.0,0.0
1749.600,174960,2,0.1,12002248,6893,9255,0.0,0.0
1749.610,174961,2,0.1,-25603225,6893,9255,0.0,0.0
1749.620,174962,2,0.1,-13572679,6893,9255,0.0,0.0
1749.630,174963,2,0.1,7724357,6893,9255,0.0,0.0
1749.640,174964,2,0.1,23243833,6893,9255,0.0,0.0
1749.650,174965,2,0.1,15535514,6893,9255,0.0,0.0
1749.660,174966,2,0.1,14619704,6893,9255,0.0,0.0
1749.670,174967,2,0.1,-17014893,6893,9255,0.0,0.0
1749.680,174968,2,0.1,3082169,6893,9255,0.0,0.0
1749.690,174969,2,0.1,-5635099,6893,9255,0.0,0.0
1749.700,174970,2,0.1,-21440985,6893,9255,0.0,0.0
1749.710,174971,2,0.1,1832701,6893,9255,0.0,0.0
1749.720,174972,2,0.1,11684031,6893,9255,0.0,0.0
1749.730,174973,2,0.1,22773418,6893,9255,0.0,0.0
1749.740,174974,2,0.1,23003755,6893,9255,0.0,0.0
1749.750,174975,2,0.1,-25824110,6893,9255,0.0,0.0
1749.760,174976,2,0.1,-2389195,6893,9255,0.0,0.0
1749.770,174977,2,0.1,3718881,6893,9255,0.0,0.0
1749.780,174978,2,0.1,10739100,6893,9255,0.0,0.0
1749.790,174979,2,0.1,22245,6893,9255,0.0,0.0
1749.800,174980,2,0.1,-945972,6893,9255,0.0,0.0
1749.810,174981,2,0.1,30603578,6893,9255,0.0,0.0
1749.820,174982,2,0.1,-28305656,6893,9255,0.0,0.0
1749.830,174983,2,0.1,-476697,6893,9255,0.0,0.0
1749.840,174984,2,0.1,-1753538,6893,9255,0.0,0.0
1749.850,174985,2,0.1,5634278,6893,9255,0.0,0.0
1749.860,174986,2,0.1,7968948,6893,9255,0.0,0.0
1749.870,174987,2,0.1,-22099542,6893,9255,0.0,0.0
1749.880,174988,2,0.1,-11700251,6893,9255,0.0,0.0
1749.890,174989,2,0.1,-5342286,6893,9255,0.0,0.0
1749.900,174990,2,0.1,-2896099,6893,9255,0.0,0.0
1749.910,174991,2,0.1,-8492082,6893,9255,0.0,0.0
1749.920,174992,2,0.1,-1799893,6893,9255,0.0,0.0
1749.930,174993,2,0.1,7573352,6893,9255,0.0,0.0
1749.940,174994,2,0.1,-11503629,6893,9255,0.0,0.0
1749.950,174995,2,0.1,9007318,6893,9255,0.0,0.0
1749.960,174996,2,0.1,7424314,6893,9255,0.0,0.0
1749.970,174997,2,0.1,14162447,6893,9255,0.0,0.0
1749.980,174998,2,0.1,9891864,6893,9255,0.0,0.0
1749.990,174999,2,0.1,-385865,6893,9255,0.0,0.0
1750.000,175000,2,0.1,12206416,6893,9255,0.0,0.0
1750.010,175001,2,0.1,-5823010,6893,9255,0.0,0.0
1750.020,175002,2,0.1,-1552296,6893,9255,0.0,0.0
1750.030,175003,2,0.1,21508343,6893,9255,0.0,0.0
1750.040,175004,2,0.1,-20884003,6893,9255,0.0,0.0
1750.050,175005,2,0.1,25826195,6893,9255,0.0,0.0
1750.060,175006,2,0.1,19455740,6893,9255,0.0,0.0
1750.070,175007,2,0.1,-548551,6893,9255,0.0,0.0
1750.080,175008,2,0.1,-5819721,6893,9255,0.0,0.0
1750.090,175009,2,0.1,262789,6893,9255,0.0,0.0
1750.100,175010,2,0.1,6291847,6893,9255,0.0,0.0
1750.110,175011,2,0.1,939302,6893,9255,0.0,0.0
1750.120,175012,2,0.1,17155782,6893,9255,0.0,0.0
1750.130,175013,2,0.1,-7713095,6893,9255,0.0,0.0
1750.140,175014,2,0.1,-2870324,6893,9255,0.0,0.0
1750.150,175015,2,0.1,-2676781,6893,9255,0.0,0.0
1750.160,175016,2,0.1,-4048738,6893,9255,0.0,0.0
1750.170,175017,2,0.1,8633152,6893,9255,0.0,0.0
1750.180,175018,2,0.1,22745250,6893,9255,0.0,0.0
1750.190,175019,2,0.1,-15676152,6893,9255,0.0,0.0
1750.200,175020,2,0.1,-3075394,6893,9255,0.0,0.0
1750.210,175021,2,0.1,4665064,6893,9255,0.0,0.0
1750.220,175022,2,0.1,-34511746,6893,9255,0.0,0.0
1750.230,175023,2,0.1,-1598105,6893,9255,0.0,0.0
1750.240,175024,2,0.1,11734715,6893,9255,0.0,0.0
1750.250,175025,2,0.1,3895189,6893,9255,0.0,0.0
1750.260,175026,2,0.1,-13026530,6893,9255,0.0,0.0
1750.270,175027,2,0.1,-9650539,6893,9255,0.0,0.0
1750.280,175028,2,0.1,-9835398,6893,9255,0.0,0.0
1750.290,175029,2,0.1,-19985266,6893,9255,0.0,0.0
1750.300,175030,2,0.1,-7832174,6893,9255,0.0,0.0
1750.310,175031,2,0.1,-14250941,6893,9255,0.0,0.0
1750.320,175032,2,0.1,7140886,6893,9255,0.0,0.0
1750.330,175033,2,0.1,15839949,6893,9255,0.0,0.0
1750.340,175034,2,0.1,7797591,6893,9255,0.0,0.0
1750.350,175035,2,0.1,2092100,6893,9255,0.0,0.0
1750.360,175036,2,0.1,25835910,6893,9255,0.0,0.0
1750.370,175037,2,0.1,1067995,6893,9255,0.0,0.0
1750.380,175038,2,0.1,7000328,6893,9255,0.0,0.0
1750.390,175039,2,0.1,7337119,6893,9255,0.0,0.0
1750.400,175040,2,0.1,14075857,6893,9255,0.0,0.0
1750.410,175041,2,0.1,-774860,6893,9255,0.0,0.0
1750.420,175042,2,0.1,-24923621,6893,9255,0.0,0.0
1750.430,175043,2,0.1,-12165383,6893,9255,0.0,0.0
1750.440,175044,2,0.1,-9046291,6893,9255,0.0,0.0
1750.450,175045,2,0.1,18956682,6893,9255,0.0,0.0
1750.460,175046,2,0.1,1149770,6893,9255,0.0,0.0
1750.470,175047,2,0.1,7658295,6893,9255,0.0,0.0
1750.480,175048,2,0.1,17303731,6893,9255,0.0,0.0
1750.490,175049,2,0.1,453537,6893,9255,0.0,0.0
1750.500,175050,2,0.1,-22612444,6893,9255,0.0,0.0
1750.510,175051,2,0.1,-8167666,6893,9255,0.0,0.0
1750.520,175052,2,0.1,9317203,6893,9255,0.0,0.0
1750.530,175053,2,0.1,9980536,6893,9255,0.0,0.0
1750.540,175054,2,0.1,1526172,6893,9255,0.0,0.0
1750.550,175055,2,0.1,-15290167,6893,9255,0.0,0.0
1750.560,175056,2,0.1,-3506333,6893,9255,0.0,0.0
1750.570,175057,2,0.1,-8226749,6893,9255,0.0,0.0
1750.580,175058,2,0.1,-5043501,6893,9255,0.0,0.0
1750.590,175059,2,0.1,-15200623,6893,9255,0.0,0.0
1750.600,175060,2,0.1,-8483191,6893,9255,0.0,0.0
1750.610,175061,2,0.1,35478430,6893,9255,0.0,0.0
1750.620,175062,2,0.1,12631979,6893,9255,0.0,0.0
1750.630,175063,2,0.1,6609296,6893,9255,0.0,0.0
1750.640,175064,2,0.1,-18553485,6893,9255,0.0,0.0
1750.650,175065,2,0.1,-6776995,6893,9255,0.0,0.0
1750.660,175066,2,0.1,-19020243,6893,9255,0.0,0.0
1750.670,175067,2,0.1,19309740,6893,9255,0.0,0.0
1750.680,175068,2,0.1,-1360250,6893,9255,0.0,0.0
1750.690,175069,2,0.1,-11474965,6893,9255,0.0,0.0
1750.700,175070,2,0.1,-8695905,6893,9255,0.0,0.0
1750.710,175071,2,0.1,18797782,6893,9255,0.0,0.0
1750.720,175072,2,0.1,-16908970,6893,9255,0.0,0.0
1750.730,175073,2,0.1,-4088210,6893,9255,0.0,0.0
1750.740,175074,2,0.1,-18956366,6893,9255,0.0,0.0
1750.750,175075,2,0.1,-22208420,6893,9255,0.0,0.0
1750.760,175076,2,0.1,-16758510,6893,9255,0.0,0.0
1750.770,175077,2,0.1,6413560,6893,9255,0.0,0.0
1750.780,175078,2,0.1,21046336,6893,9255,0.0,0.0
1750.790,175079,2,0.1,-12151983,6893,9255,0.0,0.0
1750.800,175080,2,0.1,6773564,6893,9255,0.0,0.0
1750.810,175081,2,0.1,-3592479,6893,9255,0.0,0.0
1750.820,175082,2,0.1,-817130,6893,9255,0.0,0.0
1750.830,175083,2,0.1,515329,6893,9255,0.0,0.0
1750.840,175084,2,0.1,-12752883,6893,9255,0.0,0.0
1750.850,175085,2,0.1,22633357,6893,9255,0.0,0.0
1750.860,175086,2,0.1,7757090,6893,9255,0.0,0.0
1750.870,175087,2,0.1,6954300,6893,9255,0.0,0.0
1750.880,175088,2,0.1,6941582,6893,9255,0.0,0.0
1750.890,175089,2,0.1,1817562,6893,9255,0.0,0.0
1750.900,175090,2,0.1,28795214,6893,9255,0.0,0.0
1750.910,175091,2,0.1,-6304939,6893,9255,0.0,0.0
1750.920,175092,2,0.1,4829165,6893,9255,0.0,0.0
1750.930,175093,2,0.1,4668875,6893,9255,0.0,0.0
1750.940,175094,2,0.1,677377,6893,9255,0.0,0.0
1750.950,175095,2,0.1,-16543292,6893,9255,0.0,0.0
1750.960,175096,2,0.1,17486348,6893,9255,0.0,0.0
1750.970,175097,2,0.1,-2849320,6893,9255,0.0,0.0
1750.980,175098,2,0.1,6806473,6893,9255,0.0,0.0
1750.990,175099,2,0.1,-35041943,6893,9255,0.0,0.0
1751.000,175100,2,0.1,-25832591,6893,9255,0.0,0.0
1751.010,175101,2,0.1,-2872303,6893,9255,0.0,0.0
1751.020,175102,2,0.1,-6240260,6893,9255,0.0,0.0
1751.030,175103,2,0.1,2718385,6893,9255,0.0,0.0
1751.040,175104,2,0.1,-23330674,6893,9255,0.0,0.0
1751.050,175105,2,0.1,16584353,6893,9255,0.0,0.0
1751.060,175106,2,0.1,-21526662,6893,9255,0.0,0.0
1751.070,175107,2,0.1,16465470,6893,9255,0.0,0.0
1751.080,175108,2,0.1,-29005548,6893,9255,0.0,0.0
1751.090,175109,2,0.1,6101262,6893,9255,0.0,0.0
1751.100,175110,2,0.1,-12629718,6893,9255,0.0,0.0
1751.110,175111,2,0.1,-14393099,6893,9255,0.0,0.0
1751.120,175112,2,0.1,4464043,6893,9255,0.0,0.0
1751.130,175113,2,0.1,-8695825,6893,9255,0.0,0.0
1751.140,175114,2,0.1,723523,6893,9255,0.0,0.0
1751.150,175115,2,0.1,16800520,6893,9255,0.0,0.0
1751.160,175116,2,0.1,-3747572,6893,9255,0.0,0.0
1751.170,175117,2,0.1,6169513,6893,9255,0.0,0.0
1751.180,175118,2,0.1,16856416,6893,9255,0.0,0.0
1751.190,175119,2,0.1,19022380,6893,9255,0.0,0.0
1751.200,175120,2,0.1,18017938,6893,9255,0.0,0.0
1751.210,175121,2,0.1,4077390,6893,9255,0.0,0.0
1751.220,175122,2,0.1,18321036,6893,9255,0.0,0.0
1751.230,175123,2,0.1,8461184,6893,9255,0.0,0.0
1751.240,175124,2,0.1,-9675002,6893,9255,0.0,0.0
1751.250,175125,2,0.1,-3913331,6893,9255,0.0,0.0
1751.260,175126,2,0.1,8247205,6893,9255,0.0,0.0
1751.270,175127,2,0.1,14702844,6893,9255,0.0,0.0
1751.280,175128,2,0.1,-281667,6893,9255,0.0,0.0
1751.290,175129,2,0.1,17586242,6893,9255,0.0,0.0
1751.300,175130,2,0.1,-1399380,6893,9255,0.0,0.0
1751.310,175131,2,0.1,-30984771,6893,9255,0.0,0.0
1751.320,175132,2,0.1,-3099879,6893,9255,0.0,0.0
1751.330,175133,2,0.1,-20822284,6893,9255,0.0,0.0
1751.340,175134,2,0.1,-5149531,6893,9255,0.0,0.0
1751.350,175135,2,0.1,-4045531,6893,9255,0.0,0.0
1751.360,175136,2,0.1,-19896651,6893,9255,0.0,0.0
1751.370,175137,2,0.1,2938535,6893,9255,0.0,0.0
1751.380,175138,2,0.1,13669055,6893,9255,0.0,0.0
1751.390,175139,2,0.1,6822581,6893,9255,0.0,0.0
1751.400,175140,2,0.1,-25702796,6893,9255,0.0,0.0
1751.410,175141,2,0.1,15490830,6893,9255,0.0,0.0
1751.420,175142,2,0.1,-13867069,6893,9255,0.0,0.0
1751.430,175143,2,0.1,-39182568,6893,9255,0.0,0.0
1751.440,175144,2,0.1,3128899,6893,9255,0.0,0.0
1751.450,175145,2,0.1,443011,6893,9255,0.0,0.0
1751.460,175146,2,0.1,25837181,6893,9255,0.0,0.0
1751.470,175147,2,0.1,17773423,6893,9255,0.0,0.0
1751.480,175148,2,0.1,-31273465,6893,9255,0.0,0.0
1751.490,175149,2,0.1,15739272,6893,9255,0.0,0.0
1751.500,175150,2,0.1,13785652,6893,9255,0.0,0.0
1751.510,175151,2,0.1,-2519943,6893,9255,0.0,0.0
1751.520,175152,2,0.1,13868505,6893,9255,0.0,0.0
1751.530,175153,2,0.1,8947943,6893,9255,0.0,0.0
1751.540,175154,2,0.1,-3828039,6893,9255,0.0,0.0
1751.550,175155,2,0.1,26648264,6893,9255,0.0,0.0
1751.560,175156,2,0.1,25661115,6893,9255,0.0,0.0
1751.570,175157,2,0.1,366093,6893,9255,0.0,0.0
1751.580,175158,2,0.1,21648068,6893,9255,0.0,0.0
1751.590,175159,2,0.1,7535800,6893,9255,0.0,0.0
1751.600,175160,2,0.1,-2624303,6893,9255,0.0,0.0
1751.610,175161,2,0.1,4618056,6893,9255,0.0,0.0
1751.620,175162,2,0.1,28320392,6893,9255,0.0,0.0
1751.630,175163,2,0.1,-4888052,6893,9255,0.0,0.0
1751.640,175164,2,0.1,1210509,6893,9255,0.0,0.0
1751.650,175165,2,0.1,-3900410,6893,9255,0.0,0.0
1751.660,175166,2,0.1,6076944,6893,9255,0.0,0.0
1751.670,175167,2,0.1,6411643,6893,9255,0.0,0.0
1751.680,175168,2,0.1,-31242527,6893,9255,0.0,0.0
1751.690,175169,2,0.1,8751901,6893,9255,0.0,0.0
1751.700,175170,2,0.1,-11446355,6893,9255,0.0,0.0
1751.710,175171,2,0.1,-4896625,6893,9255,0.0,0.0
1751.720,175172,2,0.1,-21720118,6893,9255,0.0,0.0
1751.730,175173,2,0.1,-11077721,6893,9255,0.0,0.0
1751.740,175174,2,0.1,22241521,6893,9255,0.0,0.0
1751.750,175175,2,0.1,-22204880,6893,9255,0.0,0.0
1751.760,175176,2,0.1,-27231131,6893,9255,0.0,0.0
1751.770,175177,2,0.1,-20782707,6893,9255,0.0,0.0
1751.780,175178,2,0.1,5192153,6893,9255,0.0,0.0
1751.790,175179,2,0.1,-13098081,6893,9255,0.0,0.0
1751.800,175180,2,0.1,-16362771,6893,9255,0.0,0.0
1751.810,175181,2,0.1,8540783,6893,9255,0.0,0.0
1751.820,175182,2,0.1,2508800,6893,9255,0.0,0.0
1751.830,175183,2,0.1,-10452106,6893,9255,0.0,0.0
1751.840,175184,2,0.1,-17130345,6893,9255,0.0,0.0
1751.850,175185,2,0.1,-32121138,6893,9255,0.0,0.0
1751.860,175186,2,0.1,-20238798,6893,9255,0.0,0.0
1751.870,175187,2,0.1,9906947,6893,9255,0.0,0.0
1751.880,175188,2,0.1,3181533,6893,9255,0.0,0.0
1751.890,175189,2,0.1,11747667,6893,9255,0.0,0.0
1751.900,175190,2,0.1,26045747,6893,9255,0.0,0.0
1751.910,175191,2,0.1,9191,6893,9255,0.0,0.0
1751.920,175192,2,0.1,16395618,6893,9255,0.0,0.0
1751.930,175193,2,0.1,-46188539,6893,9255,0.0,0.0
1751.940,175194,2,0.1,-1490730,6893,9255,0.0,0.0
1751.950,175195,2,0.1,-10842889,6893,9255,0.0,0.0
1751.960,175196,2,0.1,-10170993,6893,9255,0.0,0.0
1751.970,175197,2,0.1,-26928724,6893,9255,0.0,0.0
1751.980,175198,2,0.1,-1205150,6893,9255,0.0,0.0
1751.990,175199,2,0.1,-6217648,6893,9255,0.0,0.0
1752.000,175200,2,0.1,-23283965,6893,9255,0.0,0.0
1752.010,175201,2,0.1,-7562649,6893,9255,0.0,0.0
1752.020,175202,2,0.1,9460026,6893,9255,0.0,0.0
1752.030,175203,2,0.1,-15789509,6893,9255,0.0,0.0
1752.040,175204,2,0.1,-18925270,6893,9255,0.0,0.0
1752.050,175205,2,0.1,11740888,6893,9255,0.0,0.0
1752.060,175206,2,0.1,-19815118,6893,9255,0.0,0.0
1752.070,175207,2,0.1,-2548468,6893,9255,0.0,0.0
1752.080,175208,2,0.1,16733195,6893,9255,0.0,0.0
1752.090,175209,2,0.1,-13226232,6893,9255,0.0,0.0
1752.100,175210,2,0.1,15547961,6893,9255,0.0,0.0
1752.110,175211,2,0.1,22786014,6893,9255,0.0,0.0
1752.120,175212,2,0.1,-8958952,6893,9255,0.0,0.0
1752.130,175213,2,0.1,-463258,6893,9255,0.0,0.0
1752.140,175214,2,0.1,7133768,6893,9255,0.0,0.0
1752.150,175215,2,0.1,9251987,6893,9255,0.0,0.0
1752.160,175216,2,0.1,15388273,6893,9255,0.0,0.0
1752.170,175217,2,0.1,-19636576,6893,9255,0.0,0.0
1752.180,175218,2,0.1,-20665287,6893,9255,0.0,0.0
1752.190,175219,2,0.1,-25582899,6893,9255,0.0,0.0
1752.200,175220,2,0.1,-7419213,6893,9255,0.0,0.0
1752.210,175221,2,0.1,-22476012,6893,9255,0.0,0.0
1752.220,175222,2,0.1,-4033529,6893,9255,0.0,0.0
1752.230,175223,2,0.1,-23575576,6893,9255,0.0,0.0
1752.240,175224,2,0.1,-14778399,6893,9255,0.0,0.0
1752.250,175225,2,0.1,-36000465,6893,9255,0.0,0.0
1752.260,175226,2,0.1,-13235889,6893,9255,0.0,0.0
1752.270,175227,2,0.1,-5330323,6893,9255,0.0,0.0
1752.280,175228,2,0.1,15617985,6893,9255,0.0,0.0
1752.290,175229,2,0.1,160815,6893,9255,0.0,0.0
1752.300,175230,2,0.1,-15909982,6893,9255,0.0,0.0
1752.310,175231,2,0.1,-23503492,6893,9255,0.0,0.0
1752.320,175232,2,0.1,1373420,6893,9255,0.0,0.0
1752.330,175233,2,0.1,-35678365,6893,9255,0.0,0.0
1752.340,175234,2,0.1,11616503,6893,9255,0.0,0.0
1752.350,175235,2,0.1,755058,6893,9255,0.0,0.0
1752.360,175236,2,0.1,-8916721,6893,9255,0.0,0.0
1752.370,175237,2,0.1,9804984,6893,9255,0.0,0.0
1752.380,175238,2,0.1,-1675526,6893,9255,0.0,0.0
1752.390,175239,2,0.1,-1494233,6893,9255,0.0,0.0
1752.400,175240,2,0.1,-13500138,6893,9255,0.0,0.0
1752.410,175241,2,0.1,-4464742,6893,9255,0.0,0.0
1752.420,175242,2,0.1,-22308887,6893,9255,0.0,0.0
1752.430,175243,2,0.1,-7528444,6893,9255,0.0,0.0
1752.440,175244,2,0.1,-16620880,6893,9255,0.0,0.0
1752.450,175245,2,0.1,4455377,6893,9255,0.0,0.0
1752.460,175246,2,0.1,-21911608,6893,9255,0.0,0.0
1752.470,175247,2,0.1,-5111697,6893,9255,0.0,0.0
1752.480,175248,2,0.1,-3980297,6893,9255,0.0,0.0
1752.490,175249,2,0.1,-13457769,6893,9255,0.0,0.0
1752.500,175250,2,0.1,-1689719,6893,9255,0.0,0.0
1752.510,175251,2,0.1,-9429130,6893,9255,0.0,0.0
1752.520,175252,2,0.1,15462231,6893,9255,0.0,0.0
1752.530,175253,2,0.1,279442,6893,9255,0.0,0.0
1752.540,175254,2,0.1,186397,6893,9255,0.0,0.0
1752.550,175255,2,0.1,6973440,6893,9255,0.0,0.0
1752.560,175256,2,0.1,-6223287,6893,9255,0.0,0.0
1752.570,175257,2,0.1,-1422311,6893,9255,0.0,0.0
1752.580,175258,2,0.1,2650985,6893,9255,0.0,0.0
1752.590,175259,2,0.1,12395629,6893,9255,0.0,0.0
1752.600,175260,2,0.1,-11480088,6893,9255,0.0,0.0
1752.610,175261,2,0.1,-14009339,6893,9255,0.0,0.0
1752.620,175262,2,0.1,-41487814,6893,9255,0.0,0.0
1752.630,175263,2,0.1,-2727990,6893,9255,0.0,0.0
1752.640,175264,2,0.1,7542499,6893,9255,0.0,0.0
1752.650,175265,2,0.1,-3333549,6893,9255,0.0,0.0
1752.660,175266,2,0.1,-10969265,6893,9255,0.0,0.0
1752.670,175267,2,0.1,17014979,6893,9255,0.0,0.0
1752.680,175268,2,0.1,13781925,6893,9255,0.0,0.0
1752.690,175269,2,0.1,-4225760,6893,9255,0.0,0.0
1752.700,175270,2,0.1,-15617482,6893,9255,0.0,0.0
1752.710,175271,2,0.1,-34450253,6893,9255,0.0,0.0
1752.720,175272,2,0.1,1494217,6893,9255,0.0,0.0
1752.730,175273,2,0.1,-39466515,6893,9255,0.0,0.0
1752.740,175274,2,0.1,-15657181,6893,9255,0.0,0.0
1752.750,175275,2,0.1,9386534,6893,9255,0.0,0.0
1752.760,175276,2,0.1,17038455,6893,9255,0.0,0.0
1752.770,175277,2,0.1,479853,6893,9255,0.0,0.0
1752.780,175278,2,0.1,-7399568,6893,9255,0.0,0.0
1752.790,175279,2,0.1,-30081351,6893,9255,0.0,0.0
1752.800,175280,2,0.1,-32336826,6893,9255,0.0,0.0
1752.810,175281,2,0.1,-3675514,6893,9255,0.0,0.0
1752.820,175282,2,0.1,-15447285,6893,9255,0.0,0.0
1752.830,175283,2,0.1,27052897,6893,9255,0.0,0.0
1752.840,175284,2,0.1,8957380,6893,9255,0.0,0.0
1752.850,175285,2,0.1,-7417048,6893,9255,0.0,0.0
1752.860,175286,2,0.1,-8057012,6893,9255,0.0,0.0
1752.870,175287,2,0.1,-37931553,6893,9255,0.0,0.0
1752.880,175288,2,0.1,-7235523,6893,9255,0.0,0.0
1752.890,175289,2,0.1,22512348,6893,9255,0.0,0.0
1752.900,175290,2,0.1,11608551,6893,9255,0.0,0.0
1752.910,175291,2,0.1,-7913207,6893,9255,0.0,0.0
1752.920,175292,2,0.1,19084100,6893,9255,0.0,0.0
1752.930,175293,2,0.1,8759050,6893,9255,0.0,0.0
1752.940,175294,2,0.1,9122462,6893,9255,0.0,0.0
1752.950,175295,2,0.1,3690337,6893,9255,0.0,0.0
1752.960,175296,2,0.1,-12681631,6893,9255,0.0,0.0
1752.970,175297,2,0.1,10249476,6893,9255,0.0,0.0
1752.980,175298,2,0.1,1395757,6893,9255,0.0,0.0
1752.990,175299,2,0.1,4523666,6893,9255,0.0,0.0
1753.000,175300,2,0.1,-27491671,6893,9255,0.0,0.0
1753.010,175301,2,0.1,38004384,6893,9255,0.0,0.0
1753.020,175302,2,0.1,-27184098,6893,9255,0.0,0.0
1753.030,175303,2,0.1,-9634989,6893,9255,0.0,0.0
1753.040,175304,2,0.1,22847114,6893,9255,0.0,0.0
1753.050,175305,2,0.1,5380235,6893,9255,0.0,0.0
1753.060,175306,2,0.1,28963289,6893,9255,0.0,0.0
1753.070,175307,2,0.1,-33009338,6893,9255,0.0,0.0
1753.080,175308,2,0.1,-33465727,6893,9255,0.0,0.0
1753.090,175309,2,0.1,-10103297,6893,9255,0.0,0.0
1753.100,175310,2,0.1,-17553404,6893,9255,0.0,0.0
1753.110,175311,2,0.1,-1440198,6893,9255,0.0,0.0
1753.120,175312,2,0.1,14862335,6893,9255,0.0,0.0
1753.130,175313,2,0.1,-9769223,6893,9255,0.0,0.0
1753.140,175314,2,0.1,-15451849,6893,9255,0.0,0.0
1753.150,175315,2,0.1,24948160,6893,9255,0.0,0.0
1753.160,175316,2,0.1,-35185668,6893,9255,0.0,0.0
1753.170,175317,2,0.1,-8247829,6893,9255,0.0,0.0
1753.180,175318,2,0.1,-17490363,6893,9255,0.0,0.0
1753.190,175319,2,0.1,19833801,6893,9255,0.0,0.0
1753.200,175320,2,0.1,34742933,6893,9255,0.0,0.0
1753.210,175321,2,0.1,-1123204,6893,9255,0.0,0.0
1753.220,175322,2,0.1,20191236,6893,9255,0.0,0.0
1753.230,175323,2,0.1,10823687,6893,9255,0.0,0.0
1753.240,175324,2,0.1,4947218,6893,9255,0.0,0.0
1753.250,175325,2,0.1,16826853,6893,9255,0.0,0.0
1753.260,175326,2,0.1,-239852,6893,9255,0.0,0.0
1753.270,175327,2,0.1,24638333,6893,9255,0.0,0.0
1753.280,175328,2,0.1,-16758598,6893,9255,0.0,0.0
1753.290,175329,2,0.1,3710825,6893,9255,0.0,0.0
1753.300,175330,2,0.1,300130,6893,9255,0.0,0.0
1753.310,175331,2,0.1,21642442,6893,9255,0.0,0.0
1753.320,175332,2,0.1,-22343268,6893,9255,0.0,0.0
1753.330,175333,2,0.1,2534582,6893,9255,0.0,0.0
1753.340,175334,2,0.1,-20222534,6893,9255,0.0,0.0
1753.350,175335,2,0.1,19452450,6893,9255,0.0,0.0
1753.360,175336,2,0.1,-14096227,6893,9255,0.0,0.0
1753.370,175337,2,0.1,-35438450,6893,9255,0.0,0.0
1753.380,175338,2,0.1,-11230481,6893,9255,0.0,0.0
1753.390,175339,2,0.1,-3173591,6893,9255,0.0,0.0
1753.400,175340,2,0.1,-357915,6893,9255,0.0,0.0
1753.410,175341,2,0.1,19747528,6893,9255,0.0,0.0
1753.420,175342,2,0.1,-244235,6893,9255,0.0,0.0
1753.430,175343,2,0.1,-42064887,6893,9255,0.0,0.0
1753.440,175344,2,0.1,20999731,6893,9255,0.0,0.0
1753.450,175345,2,0.1,-7798773,6893,9255,0.0,0.0
1753.460,175346,2,0.1,16463151,6893,9255,0.0,0.0
1753.470,175347,2,0.1,18875912,6893,9255,0.0,0.0
1753.480,175348,2,0.1,-12282712,6893,9255,0.0,0.0
1753.490,175349,2,0.1,-208635,6893,9255,0.0,0.0
1753.500,175350,2,0.1,-22765835,6893,9255,0.0,0.0
1753.510,175351,2,0.1,-903328,6893,9255,0.0,0.0
1753.520,175352,2,0.1,6878891,6893,9255,0.0,0.0
1753.530,175353,2,0.1,-4160203,6893,9255,0.0,0.0
1753.540,175354,2,0.1,2078742,6893,9255,0.0,0.0
1753.550,175355,2,0.1,-11182233,6893,9255,0.0,0.0
1753.560,175356,2,0.1,-41948206,6893,9255,0.0,0.0
1753.570,175357,2,0.1,-2236541,6893,9255,0.0,0.0
1753.580,175358,2,0.1,-991810,6893,9255,0.0,0.0
1753.590,175359,2,0.1,-2050695,6893,9255,0.0,0.0
1753.600,175360,2,0.1,43070670,6893,9255,0.0,0.0
1753.610,175361,2,0.1,5991545,6893,9255,0.0,0.0
1753.620,175362,2,0.1,262801,6893,9255,0.0,0.0
1753.630,175363,2,0.1,7195537,6893,9255,0.0,0.0
1753.640,175364,2,0.1,-14491052,6893,9255,0.0,0.0
1753.650,175365,2,0.1,2608553,6893,9255,0.0,0.0
1753.660,175366,2,0.1,18909905,6893,9255,0.0,0.0
1753.670,175367,2,0.1,20659754,6893,9255,0.0,0.0
1753.680,175368,2,0.1,-11876693,6893,9255,0.0,0.0
1753.690,175369,2,0.1,18703292,6893,9255,0.0,0.0
1753.700,175370,2,0.1,-7185991,6893,9255,0.0,0.0
1753.710,175371,2,0.1,-3852830,6893,9255,0.0,0.0
1753.720,175372,2,0.1,-11819178,6893,9255,0.0,0.0
1753.730,175373,2,0.1,44407847,6893,9255,0.0,0.0
1753.740,175374,2,0.1,-8252732,6893,9255,0.0,0.0
1753.750,175375,2,0.1,596697,6893,9255,0.0,0.0
1753.760,175376,2,0.1,-3318632,6893,9255,0.0,0.0
1753.770,175377,2,0.1,-22696405,6893,9255,0.0,0.0
1753.780,175378,2,0.1,-5840909,6893,9255,0.0,0.0
1753.790,175379,2,0.1,-1073148,6893,9255,0.0,0.0
1753.800,175380,2,0.1,19874517,6893,9255,0.0,0.0
1753.810,175381,2,0.1,20343955,6893,9255,0.0,0.0
1753.820,175382,2,0.1,-37470671,6893,9255,0.0,0.0
1753.830,175383,2,0.1,11073018,6893,9255,0.0,0.0
1753.840,175384,2,0.1,-18720570,6893,9255,0.0,0.0
1753.850,175385,2,0.1,23035887,6893,9255,0.0,0.0
1753.860,175386,2,0.1,-6542401,6893,9255,0.0,0.0
1753.870,175387,2,0.1,1161042,6893,9255,0.0,0.0
1753.880,175388,2,0.1,-1522535,6893,9255,0.0,0.0
1753.890,175389,2,0.1,11190698,6893,9255,0.0,0.0
1753.900,175390,2,0.1,5351065,6893,9255,0.0,0.0
1753.910,175391,2,0.1,3025119,6893,9255,0.0,0.0
1753.920,175392,2,0.1,-1409755,6893,9255,0.0,0.0
1753.930,175393,2,0.1,2580678,6893,9255,0.0,0.0
1753.940,175394,2,0.1,14930748,6893,9255,0.0,0.0
1753.950,175395,2,0.1,6848879,6893,9255,0.0,0.0
1753.960,175396,2,0.1,-3535301,6893,9255,0.0,0.0
1753.970,175397,2,0.1,4949972,6893,9255,0.0,0.0
1753.980,175398,2,0.1,18761536,6893,9255,0.0,0.0
1753.990,175399,2,0.1,-15077943,6893,9255,0.0,0.0
1754.000,175400,2,0.1,-347997,6893,9255,0.0,0.0
1754.010,175401,2,0.1,-4170681,6893,9255,0.0,0.0
1754.020,175402,2,0.1,11041434,6893,9255,0.0,0.0
1754.030,175403,2,0.1,-842453,6893,9255,0.0,0.0
1754.040,175404,2,0.1,6631477,6893,9255,0.0,0.0
1754.050,175405,2,0.1,-3968143,6893,9255,0.0,0.0
1754.060,175406,2,0.1,-7802562,6893,9255,0.0,0.0
1754.070,175407,2,0.1,-11182816,6893,9255,0.0,0.0
1754.080,175408,2,0.1,-19135967,6893,9255,0.0,0.0
1754.090,175409,2,0.1,-8507535,6893,9255,0.0,0.0
1754.100,175410,2,0.1,6586411,6893,9255,0.0,0.0
1754.110,175411,2,0.1,-27069195,6893,9255,0.0,0.0
1754.120,175412,2,0.1,-30615194,6893,9255,0.0,0.0
1754.130,175413,2,0.1,15731904,6893,9255,0.0,0.0
1754.140,175414,2,0.1,890616,6893,9255,0.0,0.0
1754.150,175415,2,0.1,548679,6893,9255,0.0,0.0
1754.160,175416,2,0.1,16439879,6893,9255,0.0,0.0
1754.170,175417,2,0.1,3470171,6893,9255,0.0,0.0
1754.180,175418,2,0.1,1991920,6893,9255,0.0,0.0
1754.190,175419,2,0.1,7095688,6893,9255,0.0,0.0
1754.200,175420,2,0.1,-11343017,6893,9255,0.0,0.0
1754.210,175421,2,0.1,14953744,6893,9255,0.0,0.0
1754.220,175422,2,0.1,8954752,6893,9255,0.0,0.0
1754.230,175423,2,0.1,-12156256,6893,9255,0.0,0.0
1754.240,175424,2,0.1,-26146202,6893,9255,0.0,0.0
1754.250,175425,2,0.1,5293365,6893,9255,0.0,0.0
1754.260,175426,2,0.1,16186400,6893,9255,0.0,0.0
1754.270,175427,2,0.1,-4897330,6893,9255,0.0,0.0
1754.280,175428,2,0.1,1687431,6893,9255,0.0,0.0
1754.290,175429,2,0.1,6832125,6893,9255,0.0,0.0
1754.300,175430,2,0.1,-11991836,6893,9255,0.0,0.0
1754.310,175431,2,0.1,13132652,6893,9255,0.0,0.0
1754.320,175432,2,0.1,9318564,6893,9255,0.0,0.0
1754.330,175433,2,0.1,-4604013,6893,9255,0.0,0.0
1754.340,175434,2,0.1,18130257,6893,9255,0.0,0.0
1754.350,175435,2,0.1,959700,6893,9255,0.0,0.0
1754.360,175436,2,0.1,-15207376,6893,9255,0.0,0.0
1754.370,175437,2,0.1,-15076757,6893,9255,0.0,0.0
1754.380,175438,2,0.1,-3608048,6893,9255,0.0,0.0
1754.390,175439,2,0.1,24264043,6893,9255,0.0,0.0
1754.400,175440,2,0.1,10777974,6893,9255,0.0,0.0
1754.410,175441,2,0.1,-4742198,6893,9255,0.0,0.0
1754.420,175442,2,0.1,18410307,6893,9255,0.0,0.0
1754.430,175443,2,0.1,8354839,6893,9255,0.0,0.0
1754.440,175444,2,0.1,-10540782,6893,9255,0.0,0.0
1754.450,175445,2,0.1,23310811,6893,9255,0.0,0.0
1754.460,175446,2,0.1,14811115,6893,9255,0.0,0.0
1754.470,175447,2,0.1,9243530,6893,9255,0.0,0.0
1754.480,175448,2,0.1,15367073,6893,9255,0.0,0.0
1754.490,175449,2,0.1,-1697066,6893,9255,0.0,0.0
1754.500,175450,2,0.1,21520455,6893,9255,0.0,0.0
1754.510,175451,2,0.1,-10753003,6893,9255,0.0,0.0
1754.520,175452,2,0.1,-8394943,6893,9255,0.0,0.0
1754.530,175453,2,0.1,-18308747,6893,9255,0.0,0.0
1754.540,175454,2,0.1,-2564888,6893,9255,0.0,0.0
1754.550,175455,2,0.1,-10491004,6893,9255,0.0,0.0
1754.560,175456,2,0.1,21743395,6893,9255,0.0,0.0
1754.570,175457,2,0.1,5718859,6893,9255,0.0,0.0
1754.580,175458,2,0.1,-14697759,6893,9255,0.0,0.0
1754.590,175459,2,0.1,3789262,6893,9255,0.0,0.0
1754.600,175460,2,0.1,-1599848,6893,9255,0.0,0.0
1754.610,175461,2,0.1,1563298,6893,9255,0.0,0.0
1754.620,175462,2,0.1,10639602,6893,9255,0.0,0.0
1754.630,175463,2,0.1,7581916,6893,9255,0.0,0.0
1754.640,175464,2,0.1,-5690644,6893,9255,0.0,0.0
1754.650,175465,2,0.1,-3556019,6893,9255,0.0,0.0
1754.660,175466,2,0.1,9919480,6893,9255,0.0,0.0
1754.670,175467,2,0.1,-4871392,6893,9255,0.0,0.0
1754.680,175468,2,0.1,-10635029,6893,9255,0.0,0.0
1754.690,175469,2,0.1,14197751,6893,9255,0.0,0.0
1754.700,175470,2,0.1,-8396591,6893,9255,0.0,0.0
1754.710,175471,2,0.1,-20610134,6893,9255,0.0,0.0
1754.720,175472,2,0.1,975743,6893,9255,0.0,0.0
1754.730,175473,2,0.1,29980840,6893,9255,0.0,0.0
1754.740,175474,2,0.1,-6233595,6893,9255,0.0,0.0
1754.750,175475,2,0.1,27560257,6893,9255,0.0,0.0
1754.760,175476,2,0.1,4675411,6893,9255,0.0,0.0
1754.770,175477,2,0.1,-15088961,6893,9255,0.0,0.0
1754.780,175478,2,0.1,-15053380,6893,9255,0.0,0.0
1754.790,175479,2,0.1,29235476,6893,9255,0.0,0.0
1754.800,175480,2,0.1,14216556,6893,9255,0.0,0.0
1754.810,175481,2,0.1,1840850,6893,9255,0.0,0.0
1754.820,175482,2,0.1,-12205825,6893,9255,0.0,0.0
1754.830,175483,2,0.1,-25091783,6893,9255,0.0,0.0
1754.840,175484,2,0.1,-10449059,6893,9255,0.0,0.0
1754.850,175485,2,0.1,-10856036,6893,9255,0.0,0.0
1754.860,175486,2,0.1,1331345,6893,9255,0.0,0.0
1754.870,175487,2,0.1,645818,6893,9255,0.0,0.0
1754.880,175488,2,0.1,18621221,6893,9255,0.0,0.0
1754.890,175489,2,0.1,-6768336,6893,9255,0.0,0.0
1754.900,175490,2,0.1,-16052252,6893,9255,0.0,0.0
1754.910,175491,2,0.1,3063684,6893,9255,0.0,0.0
1754.920,175492,2,0.1,4170936,6893,9255,0.0,0.0
1754.930,175493,2,0.1,12745575,6893,9255,0.0,0.0
1754.940,175494,2,0.1,-10415606,6893,9255,0.0,0.0
1754.950,175495,2,0.1,11644210,6893,9255,0.0,0.0
1754.960,175496,2,0.1,-11445303,6893,9255,0.0,0.0
1754.970,175497,2,0.1,1760593,6893,9255,0.0,0.0
1754.980,175498,2,0.1,9518884,6893,9255,0.0,0.0
1754.990,175499,2,0.1,-7792636,6893,9255,0.0,0.0
1755.000,175500,2,0.1,11570550,6893,9255,0.0,0.0
1755.010,175501,2,0.1,5561590,6893,9255,0.0,0.0
1755.020,175502,2,0.1,-5066921,6893,9255,0.0,0.0
1755.030,175503,2,0.1,-1506610,6893,9255,0.0,0.0
1755.040,175504,2,0.1,-21563734,6893,9255,0.0,0.0
1755.050,175505,2,0.1,485481,6893,9255,0.0,0.0
1755.060,175506,2,0.1,3178108,6893,9255,0.0,0.0
1755.070,175507,2,0.1,4433655,6893,9255,0.0,0.0
1755.080,175508,2,0.1,-10168257,6893,9255,0.0,0.0
1755.090,175509,2,0.1,10694071,6893,9255,0.0,0.0
1755.100,175510,2,0.1,-23390837,6893,9255,0.0,0.0
1755.110,175511,2,0.1,-81979,6893,9255,0.0,0.0
1755.120,175512,2,0.1,655097,6893,9255,0.0,0.0
1755.130,175513,2,0.1,-9640031,6893,9255,0.0,0.0
1755.140,175514,2,0.1,5716932,6893,9255,0.0,0.0
1755.150,175515,2,0.1,-11263971,6893,9255,0.0,0.0
1755.160,175516,2,0.1,-10065626,6893,9255,0.0,0.0
1755.170,175517,2,0.1,13065852,6893,9255,0.0,0.0
1755.180,175518,2,0.1,24074131,6893,9255,0.0,0.0
1755.190,175519,2,0.1,18289250,6893,9255,0.0,0.0
1755.200,175520,2,0.1,20070126,6893,9255,0.0,0.0
1755.210,175521,2,0.1,5345473,6893,9255,0.0,0.0
1755.220,175522,2,0.1,-21138976,6893,9255,0.0,0.0
1755.230,175523,2,0.1,-40667246,6893,9255,0.0,0.0
1755.240,175524,2,0.1,-17606491,6893,9255,0.0,0.0
1755.250,175525,2,0.1,-8382083,6893,9255,0.0,0.0
1755.260,175526,2,0.1,-13827354,6893,9255,0.0,0.0
1755.270,175527,2,0.1,-9979254,6893,9255,0.0,0.0
1755.280,175528,2,0.1,-29398047,6893,9255,0.0,0.0
1755.290,175529,2,0.1,-1913930,6893,9255,0.0,0.0
1755.300,175530,2,0.1,1105083,6893,9255,0.0,0.0
1755.310,175531,2,0.1,4373304,6893,9255,0.0,0.0
1755.320,175532,2,0.1,-12473773,6893,9255,0.0,0.0
1755.330,175533,2,0.1,-16398534,6893,9255,0.0,0.0
1755.340,175534,2,0.1,-11942493,6893,9255,0.0,0.0
1755.350,175535,2,0.1,937568,6893,9255,0.0,0.0
1755.360,175536,2,0.1,-18555368,6893,9255,0.0,0.0
1755.370,175537,2,0.1,14170311,6893,9255,0.0,0.0
1755.380,175538,2,0.1,-20029698,6893,9255,0.0,0.0
1755.390,175539,2,0.1,2443169,6893,9255,0.0,0.0
1755.400,175540,2,0.1,5756651,6893,9255,0.0,0.0
1755.410,175541,2,0.1,16212520,6893,9255,0.0,0.0
1755.420,175542,2,0.1,-20309654,6893,9255,0.0,0.0
1755.430,175543,2,0.1,-16752682,6893,9255,0.0,0.0
1755.440,175544,2,0.1,-26332522,6893,9255,0.0,0.0
1755.450,175545,2,0.1,7090326,6893,9255,0.0,0.0
1755.460,175546,2,0.1,10541514,6893,9255,0.0,0.0
1755.470,175547,2,0.1,-11383006,6893,9255,0.0,0.0
1755.480,175548,2,0.1,5277991,6893,9255,0.0,0.0
1755.490,175549,2,0.1,-1387171,6893,9255,0.0,0.0
1755.500,175550,2,0.1,8477870,6893,9255,0.0,0.0
1755.510,175551,2,0.1,-11766858,6893,9255,0.0,0.0
1755.520,175552,2,0.1,-18381055,6893,9255,0.0,0.0
1755.530,175553,2,0.1,22117219,6893,9255,0.0,0.0
1755.540,175554,2,0.1,-10148701,6893,9255,0.0,0.0
1755.550,175555,2,0.1,7546521,6893,9255,0.0,0.0
1755.560,175556,2,0.1,10440977,6893,9255,0.0,0.0
1755.570,175557,2,0.1,28097684,6893,9255,0.0,0.0
1755.580,175558,2,0.1,-14773843,6893,9255,0.0,0.0
1755.590,175559,2,0.1,-11750139,6893,9255,0.0,0.0
1755.600,175560,2,0.1,4664156,6893,9255,0.0,0.0
1755.610,175561,2,0.1,-20316720,6893,9255,0.0,0.0
1755.620,175562,2,0.1,-31139562,6893,9255,0.0,0.0
1755.630,175563,2,0.1,-23118099,6893,9255,0.0,0.0
1755.640,175564,2,0.1,9069554,6893,9255,0.0,0.0
1755.650,175565,2,0.1,8650158,6893,9255,0.0,0.0
1755.660,175566,2,0.1,5807356,6893,9255,0.0,0.0
1755.670,175567,2,0.1,22132127,6893,9255,0.0,0.0
1755.680,175568,2,0.1,-28704575,6893,9255,0.0,0.0
1755.690,175569,2,0.1,17808423,6893,9255,0.0,0.0
1755.700,175570,2,0.1,-34531178,6893,9255,0.0,0.0
1755.710,175571,2,0.1,-18181919,6893,9255,0.0,0.0
1755.720,175572,2,0.1,-22389109,6893,9255,0.0,0.0
1755.730,175573,2,0.1,-16181345,6893,9255,0.0,0.0
1755.740,175574,2,0.1,-21980167,6893,9255,0.0,0.0
1755.750,175575,2,0.1,-35383171,6893,9255,0.0,0.0
1755.760,175576,2,0.1,6878358,6893,9255,0.0,0.0
1755.770,175577,2,0.1,-19908739,6893,9255,0.0,0.0
1755.780,175578,2,0.1,-2066791,6893,9255,0.0,0.0
1755.790,175579,2,0.1,-7769830,6893,9255,0.0,0.0
1755.800,175580,2,0.1,8262467,6893,9255,0.0,0.0
1755.810,175581,2,0.1,12920769,6893,9255,0.0,0.0
1755.820,175582,2,0.1,-3933056,6893,9255,0.0,0.0
1755.830,175583,2,0.1,-32604516,6893,9255,0.0,0.0
1755.840,175584,2,0.1,6468075,6893,9255,0.0,0.0
1755.850,175585,2,0.1,-26866465,6893,9255,0.0,0.0
1755.860,175586,2,0.1,-15092774,6893,9255,0.0,0.0
1755.870,175587,2,0.1,2910145,6893,9255,0.0,0.0
1755.880,175588,2,0.1,-13702400,6893,9255,0.0,0.0
1755.890,175589,2,0.1,3137875,6893,9255,0.0,0.0
1755.900,175590,2,0.1,14277516,6893,9255,0.0,0.0
1755.910,175591,2,0.1,3060579,6893,9255,0.0,0.0
1755.920,175592,2,0.1,-24326466,6893,9255,0.0,0.0
1755.930,175593,2,0.1,-1331598,6893,9255,0.0,0.0
1755.940,175594,2,0.1,-10058713,6893,9255,0.0,0.0
1755.950,175595,2,0.1,-7356649,6893,9255,0.0,0.0
1755.960,175596,2,0.1,-18310568,6893,9255,0.0,0.0
1755.970,175597,2,0.1,-26963233,6893,9255,0.0,0.0
1755.980,175598,2,0.1,12629519,6893,9255,0.0,0.0
1755.990,175599,2,0.1,8546514,6893,9255,0.0,0.0
1756.000,175600,2,0.1,-20252367,6893,9255,0.0,0.0
1756.010,175601,2,0.1,5036715,6893,9255,0.0,0.0
1756.020,175602,2,0.1,12876244,6893,9255,0.0,0.0
1756.030,175603,2,0.1,-6879829,6893,9255,0.0,0.0
1756.040,175604,2,0.1,2499714,6893,9255,0.0,0.0
1756.050,175605,2,0.1,4456920,6893,9255,0.0,0.0
1756.060,175606,2,0.1,3055512,6893,9255,0.0,0.0
1756.070,175607,2,0.1,10523000,6893,9255,0.0,0.0
1756.080,175608,2,0.1,1125310,6893,9255,0.0,0.0
1756.090,175609,2,0.1,-16468669,6893,9255,0.0,0.0
1756.100,175610,2,0.1,18211787,6893,9255,0.0,0.0
1756.110,175611,2,0.1,-13986893,6893,9255,0.0,0.0
1756.120,175612,2,0.1,15407887,6893,9255,0.0,0.0
1756.130,175613,2,0.1,12966844,6893,9255,0.0,0.0
1756.140,175614,2,0.1,17961250,6893,9255,0.0,0.0
1756.150,175615,2,0.1,-8829968,6893,9255,0.0,0.0
1756.160,175616,2,0.1,-6772474,6893,9255,0.0,0.0
1756.170,175617,2,0.1,26790494,6893,9255,0.0,0.0
1756.180,175618,2,0.1,17925752,6893,9255,0.0,0.0
1756.190,175619,2,0.1,-19932741,6893,9255,0.0,0.0
1756.200,175620,2,0.1,-6490998,6893,9255,0.0,0.0
1756.210,175621,2,0.1,19893923,6893,9255,0.0,0.0
1756.220,175622,2,0.1,18525834,6893,9255,0.0,0.0
1756.230,175623,2,0.1,12414976,6893,9255,0.0,0.0
1756.240,175624,2,0.1,10150224,6893,9255,0.0,0.0
1756.250,175625,2,0.1,-8359293,6893,9255,0.0,0.0
1756.260,175626,2,0.1,11019416,6893,9255,0.0,0.0
1756.270,175627,2,0.1,-22831346,6893,9255,0.0,0.0
1756.280,175628,2,0.1,-22874764,6893,9255,0.0,0.0
1756.290,175629,2,0.1,-2422251,6893,9255,0.0,0.0
1756.300,175630,2,0.1,33445838,6893,9255,0.0,0.0
1756.310,175631,2,0.1,13807067,6893,9255,0.0,0.0
1756.320,175632,2,0.1,-20213902,6893,9255,0.0,0.0
1756.330,175633,2,0.1,-9592126,6893,9255,0.0,0.0
1756.340,175634,2,0.1,-18028647,6893,9255,0.0,0.0
1756.350,175635,2,0.1,28939813,6893,9255,0.0,0.0
1756.360,175636,2,0.1,-4473767,6893,9255,0.0,0.0
1756.370,175637,2,0.1,-18245207,6893,9255,0.0,0.0
1756.380,175638,2,0.1,-15835019,6893,9255,0.0,0.0
1756.390,175639,2,0.1,1953441,6893,9255,0.0,0.0
1756.400,175640,2,0.1,-11617539,6893,9255,0.0,0.0
1756.410,175641,2,0.1,-9390002,6893,9255,0.0,0.0
1756.420,175642,2,0.1,26441888,6893,9255,0.0,0.0
1756.430,175643,2,0.1,23110895,6893,9255,0.0,0.0
1756.440,175644,2,0.1,-7257295,6893,9255,0.0,0.0
1756.450,175645,2,0.1,-24330822,6893,9255,0.0,0.0
1756.460,175646,2,0.1,-11599645,6893,9255,0.0,0.0
1756.470,175647,2,0.1,-84497,6893,9255,0.0,0.0
1756.480,175648,2,0.1,21046690,6893,9255,0.0,0.0
1756.490,175649,2,0.1,-2948920,6893,9255,0.0,0.0
1756.500,175650,2,0.1,-7167770,6893,9255,0.0,0.0
1756.510,175651,2,0.1,-23264341,6893,9255,0.0,0.0
1756.520,175652,2,0.1,-10217565,6893,9255,0.0,0.0
1756.530,175653,2,0.1,17492824,6893,9255,0.0,0.0
1756.540,175654,2,0.1,8658743,6893,9255,0.0,0.0
1756.550,175655,2,0.1,-19623576,6893,9255,0.0,0.0
1756.560,175656,2,0.1,174200,6893,9255,0.0,0.0
1756.570,175657,2,0.1,-23580228,6893,9255,0.0,0.0
1756.580,175658,2,0.1,13917821,6893,9255,0.0,0.0
1756.590,175659,2,0.1,15652003,6893,9255,0.0,0.0
1756.600,175660,2,0.1,2402409,6893,9255,0.0,0.0
1756.610,175661,2,0.1,-20195832,6893,9255,0.0,0.0
1756.620,175662,2,0.1,-18021787,6893,9255,0.0,0.0
1756.630,175663,2,0.1,-4284432,6893,9255,0.0,0.0
1756.640,175664,2,0.1,-21535371,6893,9255,0.0,0.0
1756.650,175665,2,0.1,-19123779,6893,9255,0.0,0.0
1756.660,175666,2,0.1,-14024118,6893,9255,0.0,0.0
1756.670,175667,2,0.1,-19204086,6893,9255,0.0,0.0
1756.680,175668,2,0.1,1855779,6893,9255,0.0,0.0
1756.690,175669,2,0.1,-22961908,6893,9255,0.0,0.0
1756.700,175670,2,0.1,19449026,6893,9255,0.0,0.0
1756.710,175671,2,0.1,14132188,6893,9255,0.0,0.0
1756.720,175672,2,0.1,7671076,6893,9255,0.0,0.0
1756.730,175673,2,0.1,-4581582,6893,9255,0.0,0.0
1756.740,175674,2,0.1,6253676,6893,9255,0.0,0.0
1756.750,175675,2,0.1,17528437,6893,9255,0.0,0.0
1756.760,175676,2,0.1,-9391034,6893,9255,0.0,0.0
1756.770,175677,2,0.1,9974887,6893,9255,0.0,0.0
1756.780,175678,2,0.1,-28633275,6893,9255,0.0,0.0
1756.790,175679,2,0.1,-6114542,6893,9255,0.0,0.0
1756.800,175680,2,0.1,-22169171,6893,9255,0.0,0.0
1756.810,175681,2,0.1,4282827,6893,9255,0.0,0.0
1756.820,175682,2,0.1,25191028,6893,9255,0.0,0.0
1756.830,175683,2,0.1,17031288,6893,9255,0.0,0.0
1756.840,175684,2,0.1,4282339,6893,9255,0.0,0.0
1756.850,175685,2,0.1,6696771,6893,9255,0.0,0.0
1756.860,175686,2,0.1,7836560,6893,9255,0.0,0.0
1756.870,175687,2,0.1,15344937,6893,9255,0.0,0.0
1756.880,175688,2,0.1,25173697,6893,9255,0.0,0.0
1756.890,175689,2,0.1,4159574,6893,9255,0.0,0.0
1756.900,175690,2,0.1,142724,6893,9255,0.0,0.0
1756.910,175691,2,0.1,14570131,6893,9255,0.0,0.0
1756.920,175692,2,0.1,9580299,6893,9255,0.0,0.0
1756.930,175693,2,0.1,4923156,6893,9255,0.0,0.0
1756.940,175694,2,0.1,-20397208,6893,9255,0.0,0.0
1756.950,175695,2,0.1,-263616,6893,9255,0.0,0.0
1756.960,175696,2,0.1,-12572792,6893,9255,0.0,0.0
1756.970,175697,2,0.1,-18356336,6893,9255,0.0,0.0
1756.980,175698,2,0.1,-1410537,6893,9255,0.0,0.0
1756.990,175699,2,0.1,-19396038,6893,9255,0.0,0.0
1757.000,175700,2,0.1,3669940,6893,9255,0.0,0.0
1757.010,175701,2,0.1,3398020,6893,9255,0.0,0.0
1757.020,175702,2,0.1,19291942,6893,9255,0.0,0.0
1757.030,175703,2,0.1,-6813428,6893,9255,0.0,0.0
1757.040,175704,2,0.1,5189517,6893,9255,0.0,0.0
1757.050,175705,2,0.1,-6417816,6893,9255,0.0,0.0
1757.060,175706,2,0.1,9689088,6893,9255,0.0,0.0
1757.070,175707,2,0.1,9438339,6893,9255,0.0,0.0
1757.080,175708,2,0.1,-1777815,6893,9255,0.0,0.0
1757.090,175709,2,0.1,-31280385,6893,9255,0.0,0.0
1757.100,175710,2,0.1,8418074,6893,9255,0.0,0.0
1757.110,175711,2,0.1,-10208650,6893,9255,0.0,0.0
1757.120,175712,2,0.1,4267114,6893,9255,0.0,0.0
1757.130,175713,2,0.1,1338713,6893,9255,0.0,0.0
1757.140,175714,2,0.1,19444519,6893,9255,0.0,0.0
1757.150,175715,2,0.1,35707486,6893,9255,0.0,0.0
1757.160,175716,2,0.1,11809498,6893,9255,0.0,0.0
1757.170,175717,2,0.1,3838627,6893,9255,0.0,0.0
1757.180,175718,2,0.1,5524698,6893,9255,0.0,0.0
1757.190,175719,2,0.1,1177396,6893,9255,0.0,0.0
1757.200,175720,2,0.1,-2006531,6893,9255,0.0,0.0
1757.210,175721,2,0.1,-9584489,6893,9255,0.0,0.0
1757.220,175722,2,0.1,4177780,6893,9255,0.0,0.0
1757.230,175723,2,0.1,7259715,6893,9255,0.0,0.0
1757.240,175724,2,0.1,17296901,6893,9255,0.0,0.0
1757.250,175725,2,0.1,-809372,6893,9255,0.0,0.0
1757.260,175726,2,0.1,-8290226,6893,9255,0.0,0.0
1757.270,175727,2,0.1,-23055266,6893,9255,0.0,0.0
1757.280,175728,2,0.1,1710943,6893,9255,0.0,0.0
1757.290,175729,2,0.1,-22594277,6893,9255,0.0,0.0
1757.300,175730,2,0.1,-5023028,6893,9255,0.0,0.0
1757.310,175731,2,0.1,-11469702,6893,9255,0.0,0.0
1757.320,175732,2,0.1,-20910571,6893,9255,0.0,0.0
1757.330,175733,2,0.1,-6323326,6893,9255,0.0,0.0
1757.340,175734,2,0.1,-132790,6893,9255,0.0,0.0
1757.350,175735,2,0.1,-4447616,6893,9255,0.0,0.0
1757.360,175736,2,0.1,-17375772,6893,9255,0.0,0.0
1757.370,175737,2,0.1,-17310999,6893,9255,0.0,0.0
1757.380,175738,2,0.1,-3911134,6893,9255,0.0,0.0
1757.390,175739,2,0.1,-22616059,6893,9255,0.0,0.0
1757.400,175740,2,0.1,14271240,6893,9255,0.0,0.0
1757.410,175741,2,0.1,29569,6893,9255,0.0,0.0
1757.420,175742,2,0.1,-17818064,6893,9255,0.0,0.0
1757.430,175743,2,0.1,5904543,6893,9255,0.0,0.0
1757.440,175744,2,0.1,25900322,6893,9255,0.0,0.0
1757.450,175745,2,0.1,8748574,6893,9255,0.0,0.0
1757.460,175746,2,0.1,-13218898,6893,9255,0.0,0.0
1757.470,175747,2,0.1,23779537,6893,9255,0.0,0.0
1757.480,175748,2,0.1,-40252603,6893,9255,0.0,0.0
1757.490,175749,2,0.1,-11085884,6893,9255,0.0,0.0
1757.500,175750,2,0.1,1508605,6893,9255,0.0,0.0
1757.510,175751,2,0.1,-8496744,6893,9255,0.0,0.0
1757.520,175752,2,0.1,-22302698,6893,9255,0.0,0.0
1757.530,175753,2,0.1,-13446112,6893,9255,0.0,0.0
1757.540,175754,2,0.1,-13234137,6893,9255,0.0,0.0
1757.550,175755,2,0.1,-13666225,6893,9255,0.0,0.0
1757.560,175756,2,0.1,-36310252,6893,9255,0.0,0.0
1757.570,175757,2,0.1,519568,6893,9255,0.0,0.0
1757.580,175758,2,0.1,-15640950,6893,9255,0.0,0.0
1757.590,175759,2,0.1,-1447756,6893,9255,0.0,0.0
1757.600,175760,2,0.1,2604836,6893,9255,0.0,0.0
1757.610,175761,2,0.1,-8822586,6893,9255,0.0,0.0
1757.620,175762,2,0.1,13206255,6893,9255,0.0,0.0
1757.630,175763,2,0.1,-5881069,6893,9255,0.0,0.0
1757.640,175764,2,0.1,914939,6893,9255,0.0,0.0
1757.650,175765,2,0.1,-22794045,6893,9255,0.0,0.0
1757.660,175766,2,0.1,-6763402,6893,9255,0.0,0.0
1757.670,175767,2,0.1,-11635848,6893,9255,0.0,0.0
1757.680,175768,2,0.1,-11281823,6893,9255,0.0,0.0
1757.690,175769,2,0.1,-14277531,6893,9255,0.0,0.0
1757.700,175770,2,0.1,-9458406,6893,9255,0.0,0.0
1757.710,175771,2,0.1,10266200,6893,9255,0.0,0.0
1757.720,175772,2,0.1,2791062,6893,9255,0.0,0.0
1757.730,175773,2,0.1,-28800782,6893,9255,0.0,0.0
1757.740,175774,2,0.1,-3173033,6893,9255,0.0,0.0
1757.750,175775,2,0.1,-5638629,6893,9255,0.0,0.0
1757.760,175776,2,0.1,-9834981,6893,9255,0.0,0.0
1757.770,175777,2,0.1,-233149,6893,9255,0.0,0.0
1757.780,175778,2,0.1,521268,6893,9255,0.0,0.0
1757.790,175779,2,0.1,-2465266,6893,9255,0.0,0.0
1757.800,175780,2,0.1,-7488067,6893,9255,0.0,0.0
1757.810,175781,2,0.1,3150715,6893,9255,0.0,0.0
1757.820,175782,2,0.1,-20739702,6893,9255,0.0,0.0
1757.830,175783,2,0.1,-15280234,6893,9255,0.0,0.0
1757.840,175784,2,0.1,-1662163,6893,9255,0.0,0.0
1757.850,175785,2,0.1,-31149190,6893,9255,0.0,0.0
1757.860,175786,2,0.1,-8392277,6893,9255,0.0,0.0
1757.870,175787,2,0.1,-8344014,6893,9255,0.0,0.0
1757.880,175788,2,0.1,10658941,6893,9255,0.0,0.0
1757.890,175789,2,0.1,2714082,6893,9255,0.0,0.0
1757.900,175790,2,0.1,-21033766,6893,9255,0.0,0.0
1757.910,175791,2,0.1,-14156739,6893,9255,0.0,0.0
1757.920,175792,2,0.1,-18959452,6893,9255,0.0,0.0
1757.930,175793,2,0.1,113338,6893,9255,0.0,0.0
1757.940,175794,2,0.1,-27228443,6893,9255,0.0,0.0
1757.950,175795,2,0.1,-10954877,6893,9255,0.0,0.0
1757.960,175796,2,0.1,9404443,6893,9255,0.0,0.0
1757.970,175797,2,0.1,-13881543,6893,9255,0.0,0.0
1757.980,175798,2,0.1,-3448039,6893,9255,0.0,0.0
1757.990,175799,2,0.1,-13409143,6893,9255,0.0,0.0
1758.000,175800,2,0.1,-28411134,6893,9255,0.0,0.0
1758.010,175801,2,0.1,-4664642,6893,9255,0.0,0.0
1758.020,175802,2,0.1,-24371773,6893,9255,0.0,0.0
1758.030,175803,2,0.1,-15153861,6893,9255,0.0,0.0
1758.040,175804,2,0.1,-9774735,6893,9255,0.0,0.0
1758.050,175805,2,0.1,27294930,6893,9255,0.0,0.0
1758.060,175806,2,0.1,-19080605,6893,9255,0.0,0.0
1758.070,175807,2,0.1,-10539106,6893,9255,0.0,0.0
1758.080,175808,2,0.1,-15638780,6893,9255,0.0,0.0
1758.090,175809,2,0.1,-13557782,6893,9255,0.0,0.0
1758.100,175810,2,0.1,14643958,6893,9255,0.0,0.0
1758.110,175811,2,0.1,-10165230,6893,9255,0.0,0.0
1758.120,175812,2,0.1,-10277076,6893,9255,0.0,0.0
1758.130,175813,2,0.1,-6658455,6893,9255,0.0,0.0
1758.140,175814,2,0.1,3091766,6893,9255,0.0,0.0
1758.150,175815,2,0.1,12519899,6893,9255,0.0,0.0
1758.160,175816,2,0.1,19093682,6893,9255,0.0,0.0
1758.170,175817,2,0.1,-36556817,6893,9255,0.0,0.0
1758.180,175818,2,0.1,2551558,6893,9255,0.0,0.0
1758.190,175819,2,0.1,-8524160,6893,9255,0.0,0.0
1758.200,175820,2,0.1,1429387,6893,9255,0.0,0.0
1758.210,175821,2,0.1,4593527,6893,9255,0.0,0.0
1758.220,175822,2,0.1,8202722,6893,9255,0.0,0.0
1758.230,175823,2,0.1,637366,6893,9255,0.0,0.0
1758.240,175824,2,0.1,-13607661,6893,9255,0.0,0.0
1758.250,175825,2,0.1,-13942359,6893,9255,0.0,0.0
1758.260,175826,2,0.1,-19111306,6893,9255,0.0,0.0
1758.270,175827,2,0.1,-5493367,6893,9255,0.0,0.0
1758.280,175828,2,0.1,-4122335,6893,9255,0.0,0.0
1758.290,175829,2,0.1,-2124926,6893,9255,0.0,0.0
1758.300,175830,2,0.1,-2783805,6893,9255,0.0,0.0
1758.310,175831,2,0.1,6458667,6893,9255,0.0,0.0
1758.320,175832,2,0.1,11384383,6893,9255,0.0,0.0
1758.330,175833,2,0.1,-8755500,6893,9255,0.0,0.0
1758.340,175834,2,0.1,-14970171,6893,9255,0.0,0.0
1758.350,175835,2,0.1,10575205,6893,9255,0.0,0.0
1758.360,175836,2,0.1,-2007437,6893,9255,0.0,0.0
1758.370,175837,2,0.1,-35880125,6893,9255,0.0,0.0
1758.380,175838,2,0.1,14624711,6893,9255,0.0,0.0
1758.390,175839,2,0.1,-9797229,6893,9255,0.0,0.0
1758.400,175840,2,0.1,-7033636,6893,9255,0.0,0.0
1758.410,175841,2,0.1,23538767,6893,9255,0.0,0.0
1758.420,175842,2,0.1,10948631,6893,9255,0.0,0.0
1758.430,175843,2,0.1,-19308308,6893,9255,0.0,0.0
1758.440,175844,2,0.1,-20435849,6893,9255,0.0,0.0
1758.450,175845,2,0.1,3537000,6893,9255,0.0,0.0
1758.460,175846,2,0.1,-18773287,6893,9255,0.0,0.0
1758.470,175847,2,0.1,-10391367,6893,9255,0.0,0.0
1758.480,175848,2,0.1,12225149,6893,9255,0.0,0.0
1758.490,175849,2,0.1,4913707,6893,9255,0.0,0.0
1758.500,175850,2,0.1,-17926391,6893,9255,0.0,0.0
1758.510,175851,2,0.1,-3154264,6893,9255,0.0,0.0
1758.520,175852,2,0.1,-14101348,6893,9255,0.0,0.0
1758.530,175853,2,0.1,-36590168,6893,9255,0.0,0.0
1758.540,175854,2,0.1,4672730,6893,9255,0.0,0.0
1758.550,175855,2,0.1,-12409646,6893,9255,0.0,0.0
1758.560,175856,2,0.1,-12096378,6893,9255,0.0,0.0
1758.570,175857,2,0.1,-36275821,6893,9255,0.0,0.0
1758.580,175858,2,0.1,-8778114,6893,9255,0.0,0.0
1758.590,175859,2,0.1,-5523334,6893,9255,0.0,0.0
1758.600,175860,2,0.1,-12321532,6893,9255,0.0,0.0
1758.610,175861,2,0.1,-13637225,6893,9255,0.0,0.0
1758.620,175862,2,0.1,-4046055,6893,9255,0.0,0.0
1758.630,175863,2,0.1,3508528,6893,9255,0.0,0.0
1758.640,175864,2,0.1,-27264634,6893,9255,0.0,0.0
1758.650,175865,2,0.1,10262744,6893,9255,0.0,0.0
1758.660,175866,2,0.1,18574451,6893,9255,0.0,0.0
1758.670,175867,2,0.1,-8789756,6893,9255,0.0,0.0
1758.680,175868,2,0.1,-14357675,6893,9255,0.0,0.0
1758.690,175869,2,0.1,-601772,6893,9255,0.0,0.0
1758.700,175870,2,0.1,12678221,6893,9255,0.0,0.0
1758.710,175871,2,0.1,29677645,6893,9255,0.0,0.0
1758.720,175872,2,0.1,30746263,6893,9255,0.0,0.0
1758.730,175873,2,0.1,-35084392,6893,9255,0.0,0.0
1758.740,175874,2,0.1,-16040752,6893,9255,0.0,0.0
1758.750,175875,2,0.1,-6645113,6893,9255,0.0,0.0
1758.760,175876,2,0.1,8261368,6893,9255,0.0,0.0
1758.770,175877,2,0.1,-19227920,6893,9255,0.0,0.0
1758.780,175878,2,0.1,1687149,6893,9255,0.0,0.0
1758.790,175879,2,0.1,-3497420,6893,9255,0.0,0.0
1758.800,175880,2,0.1,2278053,6893,9255,0.0,0.0
1758.810,175881,2,0.1,-41296517,6893,9255,0.0,0.0
1758.820,175882,2,0.1,-17427464,6893,9255,0.0,0.0
1758.830,175883,2,0.1,16424571,6893,9255,0.0,0.0
1758.840,175884,2,0.1,19704872,6893,9255,0.0,0.0
1758.850,175885,2,0.1,-16958638,6893,9255,0.0,0.0
1758.860,175886,2,0.1,-4427405,6893,9255,0.0,0.0
1758.870,175887,2,0.1,2102198,6893,9255,0.0,0.0
1758.880,175888,2,0.1,-8949258,6893,9255,0.0,0.0
1758.890,175889,2,0.1,-17262046,6893,9255,0.0,0.0
1758.900,175890,2,0.1,3906843,6893,9255,0.0,0.0
1758.910,175891,2,0.1,-8007934,6893,9255,0.0,0.0
1758.920,175892,2,0.1,3804334,6893,9255,0.0,0.0
1758.930,175893,2,0.1,-3364783,6893,9255,0.0,0.0
1758.940,175894,2,0.1,8839768,6893,9255,0.0,0.0
1758.950,175895,2,0.1,15109450,6893,9255,0.0,0.0
1758.960,175896,2,0.1,-19859397,6893,9255,0.0,0.0
1758.970,175897,2,0.1,14910820,6893,9255,0.0,0.0
1758.980,175898,2,0.1,-28356141,6893,9255,0.0,0.0
1758.990,175899,2,0.1,-4301179,6893,9255,0.0,0.0
1759.000,175900,2,0.1,-27329217,6893,9255,0.0,0.0
1759.010,175901,2,0.1,-14740129,6893,9255,0.0,0.0
1759.020,175902,2,0.1,-665087,6893,9255,0.0,0.0
1759.030,175903,2,0.1,-17859680,6893,9255,0.0,0.0
1759.040,175904,2,0.1,-13705208,6893,9255,0.0,0.0
1759.050,175905,2,0.1,8175346,6893,9255,0.0,0.0
1759.060,175906,2,0.1,6171575,6893,9255,0.0,0.0
1759.070,175907,2,0.1,36153005,6893,9255,0.0,0.0
1759.080,175908,2,0.1,-3167896,6893,9255,0.0,0.0
1759.090,175909,2,0.1,-7789646,6893,9255,0.0,0.0
1759.100,175910,2,0.1,-8347434,6893,9255,0.0,0.0
1759.110,175911,2,0.1,13800018,6893,9255,0.0,0.0
1759.120,175912,2,0.1,-1993839,6893,9255,0.0,0.0
1759.130,175913,2,0.1,-6128218,6893,9255,0.0,0.0
1759.140,175914,2,0.1,-7154915,6893,9255,0.0,0.0
1759.150,175915,2,0.1,-18647729,6893,9255,0.0,0.0
1759.160,175916,2,0.1,-12166307,6893,9255,0.0,0.0
1759.170,175917,2,0.1,-16542034,6893,9255,0.0,0.0
1759.180,175918,2,0.1,9116089,6893,9255,0.0,0.0
1759.190,175919,2,0.1,-693150,6893,9255,0.0,0.0
1759.200,175920,2,0.1,-14699924,6893,9255,0.0,0.0
1759.210,175921,2,0.1,19520255,6893,9255,0.0,0.0
1759.220,175922,2,0.1,-5829319,6893,9255,0.0,0.0
1759.230,175923,2,0.1,-2452401,6893,9255,0.0,0.0
1759.240,175924,2,0.1,-15005147,6893,9255,0.0,0.0
1759.250,175925,2,0.1,10641397,6893,9255,0.0,0.0
1759.260,175926,2,0.1,-13123681,6893,9255,0.0,0.0
1759.270,175927,2,0.1,-18231074,6893,9255,0.0,0.0
1759.280,175928,2,0.1,-3882323,6893,9255,0.0,0.0
1759.290,175929,2,0.1,-2558548,6893,9255,0.0,0.0
1759.300,175930,2,0.1,-1026046,6893,9255,0.0,0.0
1759.310,175931,2,0.1,-5250119,6893,9255,0.0,0.0
1759.320,175932,2,0.1,-28005822,6893,9255,0.0,0.0
1759.330,175933,2,0.1,-4041023,6893,9255,0.0,0.0
1759.340,175934,2,0.1,-496119,6893,9255,0.0,0.0
1759.350,175935,2,0.1,-14473499,6893,9255,0.0,0.0
1759.360,175936,2,0.1,-20781453,6893,9255,0.0,0.0
1759.370,175937,2,0.1,-28514215,6893,9255,0.0,0.0
1759.380,175938,2,0.1,5811201,6893,9255,0.0,0.0
1759.390,175939,2,0.1,-19300368,6893,9255,0.0,0.0
1759.400,175940,2,0.1,-924348,6893,9255,0.0,0.0
1759.410,175941,2,0.1,-15342785,6893,9255,0.0,0.0
1759.420,175942,2,0.1,7384189,6893,9255,0.0,0.0
1759.430,175943,2,0.1,-15232267,6893,9255,0.0,0.0
1759.440,175944,2,0.1,-9303590,6893,9255,0.0,0.0
1759.450,175945,2,0.1,-24480993,6893,9255,0.0,0.0
1759.460,175946,2,0.1,11748352,6893,9255,0.0,0.0
1759.470,175947,2,0.1,-19521411,6893,9255,0.0,0.0
1759.480,175948,2,0.1,11016210,6893,9255,0.0,0.0
1759.490,175949,2,0.1,5202043,6893,9255,0.0,0.0
1759.500,175950,2,0.1,-12369435,6893,9255,0.0,0.0
1759.510,175951,2,0.1,2136592,6893,9255,0.0,0.0
1759.520,175952,2,0.1,1438331,6893,9255,0.0,0.0
1759.530,175953,2,0.1,-11077847,6893,9255,0.0,0.0
1759.540,175954,2,0.1,9426248,6893,9255,0.0,0.0
1759.550,175955,2,0.1,-8394785,6893,9255,0.0,0.0
1759.560,175956,2,0.1,3583062,6893,9255,0.0,0.0
1759.570,175957,2,0.1,-14507058,6893,9255,0.0,0.0
1759.580,175958,2,0.1,-25136977,6893,9255,0.0,0.0
1759.590,175959,2,0.1,3905087,6893,9255,0.0,0.0
1759.600,175960,2,0.1,-26500081,6893,9255,0.0,0.0
1759.610,175961,2,0.1,-2925383,6893,9255,0.0,0.0
1759.620,175962,2,0.1,18334848,6893,9255,0.0,0.0
1759.630,175963,2,0.1,-19717834,6893,9255,0.0,0.0
1759.640,175964,2,0.1,-12497196,6893,9255,0.0,0.0
1759.650,175965,2,0.1,444960,6893,9255,0.0,0.0
1759.660,175966,2,0.1,10096450,6893,9255,0.0,0.0
1759.670,175967,2,0.1,-19590420,6893,9255,0.0,0.0
1759.680,175968,2,0.1,-44534490,6893,9255,0.0,0.0
1759.690,175969,2,0.1,2689666,6893,9255,0.0,0.0
1759.700,175970,2,0.1,16097710,6893,9255,0.0,0.0
1759.710,175971,2,0.1,442949,6893,9255,0.0,0.0
1759.720,175972,2,0.1,-32416801,6893,9255,0.0,0.0
1759.730,175973,2,0.1,22337312,6893,9255,0.0,0.0
1759.740,175974,2,0.1,-7492524,6893,9255,0.0,0.0
1759.750,175975,2,0.1,-22856334,6893,9255,0.0,0.0
1759.760,175976,2,0.1,15427226,6893,9255,0.0,0.0
1759.770,175977,2,0.1,-10107849,6893,9255,0.0,0.0
1759.780,175978,2,0.1,4298533,6893,9255,0.0,0.0
1759.790,175979,2,0.1,3696186,6893,9255,0.0,0.0
1759.800,175980,2,0.1,-553471,6893,9255,0.0,0.0
1759.810,175981,2,0.1,2016404,6893,9255,0.0,0.0
1759.820,175982,2,0.1,-20888757,6893,9255,0.0,0.0
1759.830,175983,2,0.1,-1269764,6893,9255,0.0,0.0
1759.840,175984,2,0.1,-23816492,6893,9255,0.0,0.0
1759.850,175985,2,0.1,3131983,6893,9255,0.0,0.0
1759.860,175986,2,0.1,-28452586,6893,9255,0.0,0.0
1759.870,175987,2,0.1,-9633511,6893,9255,0.0,0.0
1759.880,175988,2,0.1,-24046710,6893,9255,0.0,0.0
1759.890,175989,2,0.1,-6146524,6893,9255,0.0,0.0
1759.900,175990,2,0.1,-8044585,6893,9255,0.0,0.0
1759.910,175991,2,0.1,-3247838,6893,9255,0.0,0.0
1759.920,175992,2,0.1,-18020899,6893,9255,0.0,0.0
1759.930,175993,2,0.1,-15242490,6893,9255,0.0,0.0
1759.940,175994,2,0.1,20014608,6893,9255,0.0,0.0
1759.950,175995,2,0.1,-28871504,6893,9255,0.0,0.0
1759.960,175996,2,0.1,1241508,6893,9255,0.0,0.0
1759.970,175997,2,0.1,-664392,6893,9255,0.0,0.0
1759.980,175998,2,0.1,7359706,6893,9255,0.0,0.0
1759.990,175999,2,0.1,-7815152,6893,9255,0.0,0.0
1760.000,176000,2,0.1,-15490426,6893,9255,0.0,0.0
1760.010,176001,2,0.1,-2292082,6893,9255,0.0,0.0
1760.020,176002,2,0.1,-10655542,6893,9255,0.0,0.0
1760.030,176003,2,0.1,1148544,6893,9255,0.0,0.0
1760.040,176004,2,0.1,-37393759,6893,9255,0.0,0.0
1760.050,176005,2,0.1,-12689018,6893,9255,0.0,0.0
1760.060,176006,2,0.1,-6757886,6893,9255,0.0,0.0
1760.070,176007,2,0.1,-19018352,6893,9255,0.0,0.0
1760.080,176008,2,0.1,14282530,6893,9255,0.0,0.0
1760.090,176009,2,0.1,-8841709,6893,9255,0.0,0.0
1760.100,176010,2,0.1,2711154,6893,9255,0.0,0.0
1760.110,176011,2,0.1,11819849,6893,9255,0.0,0.0
1760.120,176012,2,0.1,-16826688,6893,9255,0.0,0.0
1760.130,176013,2,0.1,25123681,6893,9255,0.0,0.0
1760.140,176014,2,0.1,-20881431,6893,9255,0.0,0.0
1760.150,176015,2,0.1,-16602053,6893,9255,0.0,0.0
1760.160,176016,2,0.1,-28438671,6893,9255,0.0,0.0
1760.170,176017,2,0.1,-6843556,6893,9255,0.0,0.0
1760.180,176018,2,0.1,-5408325,6893,9255,0.0,0.0
1760.190,176019,2,0.1,9847455,6893,9255,0.0,0.0
1760.200,176020,2,0.1,-25207294,6893,9255,0.0,0.0
1760.210,176021,2,0.1,-24432858,6893,9255,0.0,0.0
1760.220,176022,2,0.1,-4281668,6893,9255,0.0,0.0
1760.230,176023,2,0.1,-16545809,6893,9255,0.0,0.0
1760.240,176024,2,0.1,1029688,6893,9255,0.0,0.0
1760.250,176025,2,0.1,20753491,6893,9255,0.0,0.0
1760.260,176026,2,0.1,-7001217,6893,9255,0.0,0.0
1760.270,176027,2,0.1,-19998585,6893,9255,0.0,0.0
1760.280,176028,2,0.1,979409,6893,9255,0.0,0.0
1760.290,176029,2,0.1,-21174313,6893,9255,0.0,0.0
1760.300,176030,2,0.1,1296923,6893,9255,0.0,0.0
1760.310,176031,2,0.1,-14873647,6893,9255,0.0,0.0
1760.320,176032,2,0.1,-13698090,6893,9255,0.0,0.0
1760.330,176033,2,0.1,32170,6893,9255,0.0,0.0
1760.340,176034,2,0.1,-17702516,6893,9255,0.0,0.0
1760.350,176035,2,0.1,15407833,6893,9255,0.0,0.0
1760.360,176036,2,0.1,-38213977,6893,9255,0.0,0.0
1760.370,176037,2,0.1,-9794145,6893,9255,0.0,0.0
1760.380,176038,2,0.1,6594145,6893,9255,0.0,0.0
1760.390,176039,2,0.1,-26490210,6893,9255,0.0,0.0
1760.400,176040,2,0.1,-36210752,6893,9255,0.0,0.0
1760.410,176041,2,0.1,-560255,6893,9255,0.0,0.0
1760.420,176042,2,0.1,2847121,6893,9255,0.0,0.0
1760.430,176043,2,0.1,130228,6893,9255,0.0,0.0
1760.440,176044,2,0.1,-660035,6893,9255,0.0,0.0
1760.450,176045,2,0.1,-21924672,6893,9255,0.0,0.0
1760.460,176046,2,0.1,-25889084,6893,9255,0.0,0.0
1760.470,176047,2,0.1,18705639,6893,9255,0.0,0.0
1760.480,176048,2,0.1,-31146753,6893,9255,0.0,0.0
1760.490,176049,2,0.1,-11902630,6893,9255,0.0,0.0
1760.500,176050,2,0.1,11934474,6893,9255,0.0,0.0
1760.510,176051,2,0.1,-6855726,6893,9255,0.0,0.0
1760.520,176052,2,0.1,7131284,6893,9255,0.0,0.0
1760.530,176053,2,0.1,6573075,6893,9255,0.0,0.0
1760.540,176054,2,0.1,-2426254,6893,9255,0.0,0.0
1760.550,176055,2,0.1,-12990750,6893,9255,0.0,0.0
1760.560,176056,2,0.1,-31453445,6893,9255,0.0,0.0
1760.570,176057,2,0.1,14163876,6893,9255,0.0,0.0
1760.580,176058,2,0.1,3635377,6893,9255,0.0,0.0
1760.590,176059,2,0.1,9225374,6893,9255,0.0,0.0
1760.600,176060,2,0.1,-18575702,6893,9255,0.0,0.0
1760.610,176061,2,0.1,-2991685,6893,9255,0.0,0.0
1760.620,176062,2,0.1,-22270681,6893,9255,0.0,0.0
1760.630,176063,2,0.1,-3521807,6893,9255,0.0,0.0
1760.640,176064,2,0.1,-12357540,6893,9255,0.0,0.0
1760.650,176065,2,0.1,-2780729,6893,9255,0.0,0.0
1760.660,176066,2,0.1,-2604361,6893,9255,0.0,0.0
1760.670,176067,2,0.1,24359415,6893,9255,0.0,0.0
1760.680,176068,2,0.1,9218715,6893,9255,0.0,0.0
1760.690,176069,2,0.1,-14691729,6893,9255,0.0,0.0
1760.700,176070,2,0.1,-24772340,6893,9255,0.0,0.0
1760.710,176071,2,0.1,5406839,6893,9255,0.0,0.0
1760.720,176072,2,0.1,20598672,6893,9255,0.0,0.0
1760.730,176073,2,0.1,-8338798,6893,9255,0.0,0.0
1760.740,176074,2,0.1,-2284655,6893,9255,0.0,0.0
1760.750,176075,2,0.1,11138597,6893,9255,0.0,0.0
1760.760,176076,2,0.1,5154933,6893,9255,0.0,0.0
1760.770,176077,2,0.1,-28711207,6893,9255,0.0,0.0
1760.780,176078,2,0.1,-15145501,6893,9255,0.0,0.0
1760.790,176079,2,0.1,-2608982,6893,9255,0.0,0.0
1760.800,176080,2,0.1,-6983137,6893,9255,0.0,0.0
1760.810,176081,2,0.1,-43101923,6893,9255,0.0,0.0
1760.820,176082,2,0.1,2282037,6893,9255,0.0,0.0
1760.830,176083,2,0.1,8068613,6893,9255,0.0,0.0
1760.840,176084,2,0.1,-10523002,6893,9255,0.0,0.0
1760.850,176085,2,0.1,-6213612,6893,9255,0.0,0.0
1760.860,176086,2,0.1,-11162971,6893,9255,0.0,0.0
1760.870,176087,2,0.1,4145595,6893,9255,0.0,0.0
1760.880,176088,2,0.1,-458558,6893,9255,0.0,0.0
1760.890,176089,2,0.1,-13917295,6893,9255,0.0,0.0
1760.900,176090,2,0.1,-12036509,6893,9255,0.0,0.0
1760.910,176091,2,0.1,-10685909,6893,9255,0.0,0.0
1760.920,176092,2,0.1,4053503,6893,9255,0.0,0.0
1760.930,176093,2,0.1,3630907,6893,9255,0.0,0.0
1760.940,176094,2,0.1,-21281748,6893,9255,0.0,0.0
1760.950,176095,2,0.1,2423639,6893,9255,0.0,0.0
1760.960,176096,2,0.1,-18410838,6893,9255,0.0,0.0
1760.970,176097,2,0.1,2124023,6893,9255,0.0,0.0
1760.980,176098,2,0.1,4395325,6893,9255,0.0,0.0
1760.990,176099,2,0.1,6790944,6893,9255,0.0,0.0
1761.000,176100,2,0.1,-13632661,6893,9255,0.0,0.0
1761.010,176101,2,0.1,12452846,6893,9255,0.0,0.0
1761.020,176102,2,0.1,-12701027,6893,9255,0.0,0.0
1761.030,176103,2,0.1,-30662690,6893,9255,0.0,0.0
1761.040,176104,2,0.1,-7943393,6893,9255,0.0,0.0
1761.050,176105,2,0.1,14229142,6893,9255,0.0,0.0
1761.060,176106,2,0.1,-636036,6893,9255,0.0,0.0
1761.070,176107,2,0.1,-4655731,6893,9255,0.0,0.0
1761.080,176108,2,0.1,-194955,6893,9255,0.0,0.0
1761.090,176109,2,0.1,5276634,6893,9255,0.0,0.0
1761.100,176110,2,0.1,-35239160,6893,9255,0.0,0.0
1761.110,176111,2,0.1,10584334,6893,9255,0.0,0.0
1761.120,176112,2,0.1,-7621650,6893,9255,0.0,0.0
1761.130,176113,2,0.1,-7915278,6893,9255,0.0,0.0
1761.140,176114,2,0.1,-32743761,6893,9255,0.0,0.0
1761.150,176115,2,0.1,-12758290,6893,9255,0.0,0.0
1761.160,176116,2,0.1,-12638991,6893,9255,0.0,0.0
1761.170,176117,2,0.1,-23522849,6893,9255,0.0,0.0
1761.180,176118,2,0.1,4666511,6893,9255,0.0,0.0
1761.190,176119,2,0.1,-11443102,6893,9255,0.0,0.0
1761.200,176120,2,0.1,-8355025,6893,9255,0.0,0.0
1761.210,176121,2,0.1,-6316598,6893,9255,0.0,0.0
1761.220,176122,2,0.1,-7101384,6893,9255,0.0,0.0
1761.230,176123,2,0.1,-8126374,6893,9255,0.0,0.0
1761.240,176124,2,0.1,-38554908,6893,9255,0.0,0.0
1761.250,176125,2,0.1,-6756749,6893,9255,0.0,0.0
1761.260,176126,2,0.1,-7455893,6893,9255,0.0,0.0
1761.270,176127,2,0.1,9345659,6893,9255,0.0,0.0
1761.280,176128,2,0.1,8488991,6893,9255,0.0,0.0
1761.290,176129,2,0.1,-14333235,6893,9255,0.0,0.0
1761.300,176130,2,0.1,-5675853,6893,9255,0.0,0.0
1761.310,176131,2,0.1,127649,6893,9255,0.0,0.0
1761.320,176132,2,0.1,-6518947,6893,9255,0.0,0.0
1761.330,176133,2,0.1,14433245,6893,9255,0.0,0.0
1761.340,176134,2,0.1,-24960857,6893,9255,0.0,0.0
1761.350,176135,2,0.1,1734532,6893,9255,0.0,0.0
1761.360,176136,2,0.1,4418092,6893,9255,0.0,0.0
1761.370,176137,2,0.1,24327420,6893,9255,0.0,0.0
1761.380,176138,2,0.1,22581072,6893,9255,0.0,0.0
1761.390,176139,2,0.1,-19280986,6893,9255,0.0,0.0
1761.400,176140,2,0.1,-15243875,6893,9255,0.0,0.0
1761.410,176141,2,0.1,-5071518,6893,9255,0.0,0.0
1761.420,176142,2,0.1,21926137,6893,9255,0.0,0.0
1761.430,176143,2,0.1,-18800214,6893,9255,0.0,0.0
1761.440,176144,2,0.1,-19259629,6893,9255,0.0,0.0
1761.450,176145,2,0.1,12101226,6893,9255,0.0,0.0
1761.460,176146,2,0.1,-16857742,6893,9255,0.0,0.0
1761.470,176147,2,0.1,-20402472,6893,9255,0.0,0.0
1761.480,176148,2,0.1,9970492,6893,9255,0.0,0.0
1761.490,176149,2,0.1,-6257116,6893,9255,0.0,0.0
1761.500,176150,2,0.1,-20991935,6893,9255,0.0,0.0
1761.510,176151,2,0.1,-3043443,6893,9255,0.0,0.0
1761.520,176152,2,0.1,4399432,6893,9255,0.0,0.0
1761.530,176153,2,0.1,-7789194,6893,9255,0.0,0.0
1761.540,176154,2,0.1,-16154809,6893,9255,0.0,0.0
1761.550,176155,2,0.1,4370241,6893,9255,0.0,0.0
1761.560,176156,2,0.1,16481390,6893,9255,0.0,0.0
1761.570,176157,2,0.1,-16384278,6893,9255,0.0,0.0
1761.580,176158,2,0.1,9791093,6893,9255,0.0,0.0
1761.590,176159,2,0.1,-15225081,6893,9255,0.0,0.0
1761.600,176160,2,0.1,13288616,6893,9255,0.0,0.0
1761.610,176161,2,0.1,-26456619,6893,9255,0.0,0.0
1761.620,176162,2,0.1,-4563033,6893,9255,0.0,0.0
1761.630,176163,2,0.1,60245,6893,9255,0.0,0.0
1761.640,176164,2,0.1,-21297791,6893,9255,0.0,0.0
1761.650,176165,2,0.1,-4489123,6893,9255,0.0,0.0
1761.660,176166,2,0.1,-15006370,6893,9255,0.0,0.0
1761.670,176167,2,0.1,-16110791,6893,9255,0.0,0.0
1761.680,176168,2,0.1,-3470650,6893,9255,0.0,0.0
1761.690,176169,2,0.1,23883806,6893,9255,0.0,0.0
1761.700,176170,2,0.1,12855818,6893,9255,0.0,0.0
1761.710,176171,2,0.1,-3400506,6893,9255,0.0,0.0
1761.720,176172,2,0.1,-4190881,6893,9255,0.0,0.0
1761.730,176173,2,0.1,19969637,6893,9255,0.0,0.0
1761.740,176174,2,0.1,-22280877,6893,9255,0.0,0.0
1761.750,176175,2,0.1,-5537428,6893,9255,0.0,0.0
1761.760,176176,2,0.1,7459889,6893,9255,0.0,0.0
1761.770,176177,2,0.1,-18127229,6893,9255,0.0,0.0
1761.780,176178,2,0.1,7642485,6893,9255,0.0,0.0
1761.790,176179,2,0.1,-746176,6893,9255,0.0,0.0
1761.800,176180,2,0.1,-5688631,6893,9255,0.0,0.0
1761.810,176181,2,0.1,-12766813,6893,9255,0.0,0.0
1761.820,176182,2,0.1,23381688,6893,9255,0.0,0.0
1761.830,176183,2,0.1,-47136018,6893,9255,0.0,0.0
1761.840,176184,2,0.1,7103273,6893,9255,0.0,0.0
1761.850,176185,2,0.1,-15731105,6893,9255,0.0,0.0
1761.860,176186,2,0.1,-33051169,6893,9255,0.0,0.0
1761.870,176187,2,0.1,-14571586,6893,9255,0.0,0.0
1761.880,176188,2,0.1,-16824300,6893,9255,0.0,0.0
1761.890,176189,2,0.1,-8153890,6893,9255,0.0,0.0
1761.900,176190,2,0.1,-26779178,6893,9255,0.0,0.0
1761.910,176191,2,0.1,-10018441,6893,9255,0.0,0.0
1761.920,176192,2,0.1,-5305986,6893,9255,0.0,0.0
1761.930,176193,2,0.1,1744510,6893,9255,0.0,0.0
1761.940,176194,2,0.1,-18123548,6893,9255,0.0,0.0
1761.950,176195,2,0.1,-796122,6893,9255,0.0,0.0
1761.960,176196,2,0.1,-12328580,6893,9255,0.0,0.0
1761.970,176197,2,0.1,-17285162,6893,9255,0.0,0.0
1761.980,176198,2,0.1,53803025,6893,9255,0.0,0.0
1761.990,176199,2,0.1,5769955,6893,9255,0.0,0.0
1762.000,176200,2,0.1,3766023,6893,9255,0.0,0.0
1762.010,176201,2,0.1,28808099,6893,9255,0.0,0.0
1762.020,176202,2,0.1,-15640347,6893,9255,0.0,0.0
1762.030,176203,2,0.1,9158445,6893,9255,0.0,0.0
1762.040,176204,2,0.1,-8468648,6893,9255,0.0,0.0
1762.050,176205,2,0.1,15118605,6893,9255,0.0,0.0
1762.060,176206,2,0.1,6145750,6893,9255,0.0,0.0
1762.070,176207,2,0.1,24989573,6893,9255,0.0,0.0
1762.080,176208,2,0.1,-3166379,6893,9255,0.0,0.0
1762.090,176209,2,0.1,-14280962,6893,9255,0.0,0.0
1762.100,176210,2,0.1,5540529,6893,9255,0.0,0.0
1762.110,176211,2,0.1,-14400196,6893,9255,0.0,0.0
1762.120,176212,2,0.1,11636783,6893,9255,0.0,0.0
1762.130,176213,2,0.1,6440807,6893,9255,0.0,0.0
1762.140,176214,2,0.1,-14300218,6893,9255,0.0,0.0
1762.150,176215,2,0.1,-1472529,6893,9255,0.0,0.0
1762.160,176216,2,0.1,-19961136,6893,9255,0.0,0.0
1762.170,176217,2,0.1,-21389661,6893,9255,0.0,0.0
1762.180,176218,2,0.1,-7445654,6893,9255,0.0,0.0
1762.190,176219,2,0.1,3607175,6893,9255,0.0,0.0
1762.200,176220,2,0.1,-39163557,6893,9255,0.0,0.0
1762.210,176221,2,0.1,1504183,6893,9255,0.0,0.0
1762.220,176222,2,0.1,-1459622,6893,9255,0.0,0.0
1762.230,176223,2,0.1,23986058,6893,9255,0.0,0.0
1762.240,176224,2,0.1,20592408,6893,9255,0.0,0.0
1762.250,176225,2,0.1,-3481757,6893,9255,0.0,0.0
1762.260,176226,2,0.1,-24313248,6893,9255,0.0,0.0
1762.270,176227,2,0.1,2426574,6893,9255,0.0,0.0
1762.280,176228,2,0.1,-24185108,6893,9255,0.0,0.0
1762.290,176229,2,0.1,-25221873,6893,9255,0.0,0.0
1762.300,176230,2,0.1,-7173551,6893,9255,0.0,0.0
1762.310,176231,2,0.1,22249534,6893,9255,0.0,0.0
1762.320,176232,2,0.1,11453920,6893,9255,0.0,0.0
1762.330,176233,2,0.1,-18709662,6893,9255,0.0,0.0
1762.340,176234,2,0.1,-7388013,6893,9255,0.0,0.0
1762.350,176235,2,0.1,8457040,6893,9255,0.0,0.0
1762.360,176236,2,0.1,-5598616,6893,9255,0.0,0.0
1762.370,176237,2,0.1,-32185753,6893,9255,0.0,0.0
1762.380,176238,2,0.1,-7595918,6893,9255,0.0,0.0
1762.390,176239,2,0.1,-2441629,6893,9255,0.0,0.0
1762.400,176240,2,0.1,-10204035,6893,9255,0.0,0.0
1762.410,176241,2,0.1,-13623557,6893,9255,0.0,0.0
1762.420,176242,2,0.1,3022819,6893,9255,0.0,0.0
1762.430,176243,2,0.1,-8763471,6893,9255,0.0,0.0
1762.440,176244,2,0.1,18242191,6893,9255,0.0,0.0
1762.450,176245,2,0.1,11969042,6893,9255,0.0,0.0
1762.460,176246,2,0.1,-6407373,6893,9255,0.0,0.0
1762.470,176247,2,0.1,-4047047,6893,9255,0.0,0.0
1762.480,176248,2,0.1,-9335905,6893,9255,0.0,0.0
1762.490,176249,2,0.1,2970618,6893,9255,0.0,0.0
1762.500,176250,2,0.1,-7402435,6893,9255,0.0,0.0
1762.510,176251,2,0.1,-8165887,6893,9255,0.0,0.0
1762.520,176252,2,0.1,11513417,6893,9255,0.0,0.0
1762.530,176253,2,0.1,26897214,6893,9255,0.0,0.0
1762.540,176254,2,0.1,-3699276,6893,9255,0.0,0.0
1762.550,176255,2,0.1,16273683,6893,9255,0.0,0.0
1762.560,176256,2,0.1,-16411770,6893,9255,0.0,0.0
1762.570,176257,2,0.1,-8229153,6893,9255,0.0,0.0
1762.580,176258,2,0.1,23847923,6893,9255,0.0,0.0
1762.590,176259,2,0.1,-10378153,6893,9255,0.0,0.0
1762.600,176260,2,0.1,5378976,6893,9255,0.0,0.0
1762.610,176261,2,0.1,15619106,6893,9255,0.0,0.0
1762.620,176262,2,0.1,-13306727,6893,9255,0.0,0.0
1762.630,176263,2,0.1,-9807053,6893,9255,0.0,0.0
1762.640,176264,2,0.1,-18092176,6893,9255,0.0,0.0
1762.650,176265,2,0.1,24569627,6893,9255,0.0,0.0
1762.660,176266,2,0.1,-21812104,6893,9255,0.0,0.0
1762.670,176267,2,0.1,2074662,6893,9255,0.0,0.0
1762.680,176268,2,0.1,-607040,6893,9255,0.0,0.0
1762.690,176269,2,0.1,-4598399,6893,9255,0.0,0.0
1762.700,176270,2,0.1,27990203,6893,9255,0.0,0.0
1762.710,176271,2,0.1,36756526,6893,9255,0.0,0.0
1762.720,176272,2,0.1,14306070,6893,9255,0.0,0.0
1762.730,176273,2,0.1,-17014944,6893,9255,0.0,0.0
1762.740,176274,2,0.1,4012851,6893,9255,0.0,0.0
1762.750,176275,2,0.1,5584992,6893,9255,0.0,0.0
1762.760,176276,2,0.1,7600705,6893,9255,0.0,0.0
1762.770,176277,2,0.1,7108930,6893,9255,0.0,0.0
1762.780,176278,2,0.1,6569740,6893,9255,0.0,0.0
1762.790,176279,2,0.1,-16557138,6893,9255,0.0,0.0
1762.800,176280,2,0.1,-3112201,6893,9255,0.0,0.0
1762.810,176281,2,0.1,7893606,6893,9255,0.0,0.0
1762.820,176282,2,0.1,-6799662,6893,9255,0.0,0.0
1762.830,176283,2,0.1,5090671,6893,9255,0.0,0.0
1762.840,176284,2,0.1,8288204,6893,9255,0.0,0.0
1762.850,176285,2,0.1,18725812,6893,9255,0.0,0.0
1762.860,176286,2,0.1,-3117456,6893,9255,0.0,0.0
1762.870,176287,2,0.1,-12536552,6893,9255,0.0,0.0
1762.880,176288,2,0.1,-6166841,6893,9255,0.0,0.0
1762.890,176289,2,0.1,-11519022,6893,9255,0.0,0.0
1762.900,176290,2,0.1,-1546398,6893,9255,0.0,0.0
1762.910,176291,2,0.1,5259088,6893,9255,0.0,0.0
1762.920,176292,2,0.1,16722586,6893,9255,0.0,0.0
1762.930,176293,2,0.1,22069237,6893,9255,0.0,0.0
1762.940,176294,2,0.1,1651448,6893,9255,0.0,0.0
1762.950,176295,2,0.1,-14880043,6893,9255,0.0,0.0
1762.960,176296,2,0.1,-6866222,6893,9255,0.0,0.0
1762.970,176297,2,0.1,11445214,6893,9255,0.0,0.0
1762.980,176298,2,0.1,4284587,6893,9255,0.0,0.0
1762.990,176299,2,0.1,-7503161,6893,9255,0.0,0.0
1763.000,176300,2,0.1,-8623777,6893,9255,0.0,0.0
1763.010,176301,2,0.1,-12481707,6893,9255,0.0,0.0
1763.020,176302,2,0.1,-22732134,6893,9255,0.0,0.0
1763.030,176303,2,0.1,21820037,6893,9255,0.0,0.0
1763.040,176304,2,0.1,29008172,6893,9255,0.0,0.0
1763.050,176305,2,0.1,20208771,6893,9255,0.0,0.0
1763.060,176306,2,0.1,22994800,6893,9255,0.0,0.0
1763.070,176307,2,0.1,-5556355,6893,9255,0.0,0.0
1763.080,176308,2,0.1,27328275,6893,9255,0.0,0.0
1763.090,176309,2,0.1,-11575206,6893,9255,0.0,0.0
1763.100,176310,2,0.1,2598738,6893,9255,0.0,0.0
1763.110,176311,2,0.1,-7061887,6893,9255,0.0,0.0
1763.120,176312,2,0.1,9800804,6893,9255,0.0,0.0
1763.130,176313,2,0.1,4582398,6893,9255,0.0,0.0
1763.140,176314,2,0.1,-6928581,6893,9255,0.0,0.0
1763.150,176315,2,0.1,14439359,6893,9255,0.0,0.0
1763.160,176316,2,0.1,-20122939,6893,9255,0.0,0.0
1763.170,176317,2,0.1,-36257689,6893,9255,0.0,0.0
1763.180,176318,2,0.1,-9725031,6893,9255,0.0,0.0
1763.190,176319,2,0.1,29589365,6893,9255,0.0,0.0
1763.200,176320,2,0.1,-25639937,6893,9255,0.0,0.0
1763.210,176321,2,0.1,2003982,6893,9255,0.0,0.0
1763.220,176322,2,0.1,-4393968,6893,9255,0.0,0.0
1763.230,176323,2,0.1,-7750245,6893,9255,0.0,0.0
1763.240,176324,2,0.1,-5140596,6893,9255,0.0,0.0
1763.250,176325,2,0.1,3515992,6893,9255,0.0,0.0
1763.260,176326,2,0.1,20935720,6893,9255,0.0,0.0
1763.270,176327,2,0.1,10765067,6893,9255,0.0,0.0
1763.280,176328,2,0.1,493480,6893,9255,0.0,0.0
1763.290,176329,2,0.1,-20543271,6893,9255,0.0,0.0
1763.300,176330,2,0.1,24409623,6893,9255,0.0,0.0
1763.310,176331,2,0.1,-24588648,6893,9255,0.0,0.0
1763.320,176332,2,0.1,-13231100,6893,9255,0.0,0.0
1763.330,176333,2,0.1,-22689127,6893,9255,0.0,0.0
1763.340,176334,2,0.1,-10304320,6893,9255,0.0,0.0
1763.350,176335,2,0.1,-10098124,6893,9255,0.0,0.0
1763.360,176336,2,0.1,10859963,6893,9255,0.0,0.0
1763.370,176337,2,0.1,-7222769,6893,9255,0.0,0.0
1763.380,176338,2,0.1,19963494,6893,9255,0.0,0.0
1763.390,176339,2,0.1,30637983,6893,9255,0.0,0.0
1763.400,176340,2,0.1,-4499741,6893,9255,0.0,0.0
1763.410,176341,2,0.1,7902940,6893,9255,0.0,0.0
1763.420,176342,2,0.1,-18712139,6893,9255,0.0,0.0
1763.430,176343,2,0.1,-7896189,6893,9255,0.0,0.0
1763.440,176344,2,0.1,1962539,6893,9255,0.0,0.0
1763.450,176345,2,0.1,-3058794,6893,9255,0.0,0.0
1763.460,176346,2,0.1,27694358,6893,9255,0.0,0.0
1763.470,176347,2,0.1,1512272,6893,9255,0.0,0.0
1763.480,176348,2,0.1,-26172591,6893,9255,0.0,0.0
1763.490,176349,2,0.1,-32214,6893,9255,0.0,0.0
1763.500,176350,2,0.1,-25515022,6893,9255,0.0,0.0
1763.510,176351,2,0.1,-22544134,6893,9255,0.0,0.0
1763.520,176352,2,0.1,-17369159,6893,9255,0.0,0.0
1763.530,176353,2,0.1,6780547,6893,9255,0.0,0.0
1763.540,176354,2,0.1,-13343508,6893,9255,0.0,0.0
1763.550,176355,2,0.1,-3477587,6893,9255,0.0,0.0
1763.560,176356,2,0.1,20284454,6893,9255,0.0,0.0
1763.570,176357,2,0.1,-2353784,6893,9255,0.0,0.0
1763.580,176358,2,0.1,-26755612,6893,9255,0.0,0.0
1763.590,176359,2,0.1,-27000962,6893,9255,0.0,0.0
1763.600,176360,2,0.1,-15317309,6893,9255,0.0,0.0
1763.610,176361,2,0.1,-16951300,6893,9255,0.0,0.0
1763.620,176362,2,0.1,3932221,6893,9255,0.0,0.0
1763.630,176363,2,0.1,-17418857,6893,9255,0.0,0.0
1763.640,176364,2,0.1,-24513078,6893,9255,0.0,0.0
1763.650,176365,2,0.1,7056604,6893,9255,0.0,0.0
1763.660,176366,2,0.1,-15273927,6893,9255,0.0,0.0
1763.670,176367,2,0.1,10330590,6893,9255,0.0,0.0
1763.680,176368,2,0.1,17527523,6893,9255,0.0,0.0
1763.690,176369,2,0.1,1678447,6893,9255,0.0,0.0
1763.700,176370,2,0.1,4456370,6893,9255,0.0,0.0
1763.710,176371,2,0.1,10805828,6893,9255,0.0,0.0
1763.720,176372,2,0.1,-6079729,6893,9255,0.0,0.0
1763.730,176373,2,0.1,-5576535,6893,9255,0.0,0.0
1763.740,176374,2,0.1,-9560530,6893,9255,0.0,0.0
1763.750,176375,2,0.1,15407060,6893,9255,0.0,0.0
1763.760,176376,2,0.1,-20717315,6893,9255,0.0,0.0
1763.770,176377,2,0.1,10047521,6893,9255,0.0,0.0
1763.780,176378,2,0.1,25987995,6893,9255,0.0,0.0
1763.790,176379,2,0.1,15281971,6893,9255,0.0,0.0
1763.800,176380,2,0.1,1974191,6893,9255,0.0,0.0
1763.810,176381,2,0.1,13771620,6893,9255,0.0,0.0
1763.820,176382,2,0.1,-3831261,6893,9255,0.0,0.0
1763.830,176383,2,0.1,7874517,6893,9255,0.0,0.0
1763.840,176384,2,0.1,17399653,6893,9255,0.0,0.0
1763.850,176385,2,0.1,-937182,6893,9255,0.0,0.0
1763.860,176386,2,0.1,1688962,6893,9255,0.0,0.0
1763.870,176387,2,0.1,18286741,6893,9255,0.0,0.0
1763.880,176388,2,0.1,-9322883,6893,9255,0.0,0.0
1763.890,176389,2,0.1,8255966,6893,9255,0.0,0.0
1763.900,176390,2,0.1,18307805,6893,9255,0.0,0.0
1763.910,176391,2,0.1,9628805,6893,9255,0.0,0.0
1763.920,176392,2,0.1,-2062357,6893,9255,0.0,0.0
1763.930,176393,2,0.1,1238397,6893,9255,0.0,0.0
1763.940,176394,2,0.1,13167188,6893,9255,0.0,0.0
1763.950,176395,2,0.1,9879248,6893,9255,0.0,0.0
1763.960,176396,2,0.1,-7474611,6893,9255,0.0,0.0
1763.970,176397,2,0.1,-36686253,6893,9255,0.0,0.0
1763.980,176398,2,0.1,20266427,6893,9255,0.0,0.0
1763.990,176399,2,0.1,-24382539,6893,9255,0.0,0.0
1764.000,176400,2,0.1,227548,6893,9255,0.0,0.0
1764.010,176401,2,0.1,-16635489,6893,9255,0.0,0.0
1764.020,176402,2,0.1,1569764,6893,9255,0.0,0.0
1764.030,176403,2,0.1,6106069,6893,9255,0.0,0.0
1764.040,176404,2,0.1,-5188165,6893,9255,0.0,0.0
1764.050,176405,2,0.1,7016890,6893,9255,0.0,0.0
1764.060,176406,2,0.1,-10838445,6893,9255,0.0,0.0
1764.070,176407,2,0.1,-56881125,6893,9255,0.0,0.0
1764.080,176408,2,0.1,9711756,6893,9255,0.0,0.0
1764.090,176409,2,0.1,-19173663,6893,9255,0.0,0.0
1764.100,176410,2,0.1,-38472439,6893,9255,0.0,0.0
1764.110,176411,2,0.1,-15289695,6893,9255,0.0,0.0
1764.120,176412,2,0.1,-13620141,6893,9255,0.0,0.0
1764.130,176413,2,0.1,-33355639,6893,9255,0.0,0.0
1764.140,176414,2,0.1,19981073,6893,9255,0.0,0.0
1764.150,176415,2,0.1,-1633330,6893,9255,0.0,0.0
1764.160,176416,2,0.1,17868860,6893,9255,0.0,0.0
1764.170,176417,2,0.1,-2965698,6893,9255,0.0,0.0
1764.180,176418,2,0.1,27480089,6893,9255,0.0,0.0
1764.190,176419,2,0.1,35810871,6893,9255,0.0,0.0
1764.200,176420,2,0.1,5659463,6893,9255,0.0,0.0
1764.210,176421,2,0.1,15839328,6893,9255,0.0,0.0
1764.220,176422,2,0.1,-1849058,6893,9255,0.0,0.0
1764.230,176423,2,0.1,-2457999,6893,9255,0.0,0.0
1764.240,176424,2,0.1,-18593756,6893,9255,0.0,0.0
1764.250,176425,2,0.1,14667,6893,9255,0.0,0.0
1764.260,176426,2,0.1,-21693664,6893,9255,0.0,0.0
1764.270,176427,2,0.1,-27146221,6893,9255,0.0,0.0
1764.280,176428,2,0.1,-2588546,6893,9255,0.0,0.0
1764.290,176429,2,0.1,8297130,6893,9255,0.0,0.0
1764.300,176430,2,0.1,-4032484,6893,9255,0.0,0.0
1764.310,176431,2,0.1,-3603506,6893,9255,0.0,0.0
1764.320,176432,2,0.1,-4149667,6893,9255,0.0,0.0
1764.330,176433,2,0.1,-4693671,6893,9255,0.0,0.0
1764.340,176434,2,0.1,6171924,6893,9255,0.0,0.0
1764.350,176435,2,0.1,8356905,6893,9255,0.0,0.0
1764.360,176436,2,0.1,-23066992,6893,9255,0.0,0.0
1764.370,176437,2,0.1,6086144,6893,9255,0.0,0.0
1764.380,176438,2,0.1,-33878541,6893,9255,0.0,0.0
1764.390,176439,2,0.1,9143060,6893,9255,0.0,0.0
1764.400,176440,2,0.1,-4224502,6893,9255,0.0,0.0
1764.410,176441,2,0.1,10515659,6893,9255,0.0,0.0
1764.420,176442,2,0.1,-4844630,6893,9255,0.0,0.0
1764.430,176443,2,0.1,3227467,6893,9255,0.0,0.0
1764.440,176444,2,0.1,5959833,6893,9255,0.0,0.0
1764.450,176445,2,0.1,-15093496,6893,9255,0.0,0.0
1764.460,176446,2,0.1,-19370740,6893,9255,0.0,0.0
1764.470,176447,2,0.1,11960238,6893,9255,0.0,0.0
1764.480,176448,2,0.1,-542920,6893,9255,0.0,0.0
1764.490,176449,2,0.1,13657971,6893,9255,0.0,0.0
1764.500,176450,2,0.1,-24946430,6893,9255,0.0,0.0
1764.510,176451,2,0.1,-36092040,6893,9255,0.0,0.0
1764.520,176452,2,0.1,1055416,6893,9255,0.0,0.0
1764.530,176453,2,0.1,-12087458,6893,9255,0.0,0.0
1764.540,176454,2,0.1,6154310,6893,9255,0.0,0.0
1764.550,176455,2,0.1,-8393705,6893,9255,0.0,0.0
1764.560,176456,2,0.1,7495219,6893,9255,0.0,0.0
1764.570,176457,2,0.1,-15119092,6893,9255,0.0,0.0
1764.580,176458,2,0.1,-16478397,6893,9255,0.0,0.0
1764.590,176459,2,0.1,-872036,6893,9255,0.0,0.0
1764.600,176460,2,0.1,7293018,6893,9255,0.0,0.0
1764.610,176461,2,0.1,18504595,6893,9255,0.0,0.0
1764.620,176462,2,0.1,20139828,6893,9255,0.0,0.0
1764.630,176463,2,0.1,615153,6893,9255,0.0,0.0
1764.640,176464,2,0.1,8960497,6893,9255,0.0,0.0
1764.650,176465,2,0.1,-21089801,6893,9255,0.0,0.0
1764.660,176466,2,0.1,-3235919,6893,9255,0.0,0.0
1764.670,176467,2,0.1,-12679635,6893,9255,0.0,0.0
1764.680,176468,2,0.1,-38350979,6893,9255,0.0,0.0
1764.690,176469,2,0.1,-10353634,6893,9255,0.0,0.0
1764.700,176470,2,0.1,-20514560,6893,9255,0.0,0.0
1764.710,176471,2,0.1,26426259,6893,9255,0.0,0.0
1764.720,176472,2,0.1,-64641,6893,9255,0.0,0.0
1764.730,176473,2,0.1,13869687,6893,9255,0.0,0.0
1764.740,176474,2,0.1,5678719,6893,9255,0.0,0.0
1764.750,176475,2,0.1,13905749,6893,9255,0.0,0.0
1764.760,176476,2,0.1,13717444,6893,9255,0.0,0.0
1764.770,176477,2,0.1,699465,6893,9255,0.0,0.0
1764.780,176478,2,0.1,1192182,6893,9255,0.0,0.0
1764.790,176479,2,0.1,2999267,6893,9255,0.0,0.0
1764.800,176480,2,0.1,5285792,6893,9255,0.0,0.0
1764.810,176481,2,0.1,-14733417,6893,9255,0.0,0.0
1764.820,176482,2,0.1,-32533606,6893,9255,0.0,0.0
1764.830,176483,2,0.1,-14108660,6893,9255,0.0,0.0
1764.840,176484,2,0.1,-530542,6893,9255,0.0,0.0
1764.850,176485,2,0.1,10688421,6893,9255,0.0,0.0
1764.860,176486,2,0.1,3148212,6893,9255,0.0,0.0
1764.870,176487,2,0.1,9203028,6893,9255,0.0,0.0
1764.880,176488,2,0.1,-27063620,6893,9255,0.0,0.0
1764.890,176489,2,0.1,-8469690,6893,9255,0.0,0.0
1764.900,176490,2,0.1,12054884,6893,9255,0.0,0.0
1764.910,176491,2,0.1,6311885,6893,9255,0.0,0.0
1764.920,176492,2,0.1,-31544212,6893,9255,0.0,0.0
1764.930,176493,2,0.1,31102630,6893,9255,0.0,0.0
1764.940,176494,2,0.1,-16006551,6893,9255,0.0,0.0
1764.950,176495,2,0.1,3763629,6893,9255,0.0,0.0
1764.960,176496,2,0.1,9064861,6893,9255,0.0,0.0
1764.970,176497,2,0.1,-13730709,6893,9255,0.0,0.0
1764.980,176498,2,0.1,-14162547,6893,9255,0.0,0.0
1764.990,176499,2,0.1,-1105736,6893,9255,0.0,0.0
1765.000,176500,2,0.1,-21406817,6893,9255,0.0,0.0
1765.010,176501,2,0.1,-7524283,6893,9255,0.0,0.0
1765.020,176502,2,0.1,-1760282,6893,9255,0.0,0.0
1765.030,176503,2,0.1,-10889049,6893,9255,0.0,0.0
1765.040,176504,2,0.1,-31058205,6893,9255,0.0,0.0
1765.050,176505,2,0.1,24178859,6893,9255,0.0,0.0
1765.060,176506,2,0.1,-34644358,6893,9255,0.0,0.0
1765.070,176507,2,0.1,-24236784,6893,9255,0.0,0.0
1765.080,176508,2,0.1,-15335691,6893,9255,0.0,0.0
1765.090,176509,2,0.1,7237176,6893,9255,0.0,0.0
1765.100,176510,2,0.1,6057100,6893,9255,0.0,0.0
1765.110,176511,2,0.1,-12769021,6893,9255,0.0,0.0
1765.120,176512,2,0.1,-132880,6893,9255,0.0,0.0
1765.130,176513,2,0.1,19123668,6893,9255,0.0,0.0
1765.140,176514,2,0.1,11558335,6893,9255,0.0,0.0
1765.150,176515,2,0.1,2165612,6893,9255,0.0,0.0
1765.160,176516,2,0.1,-14720746,6893,9255,0.0,0.0
1765.170,176517,2,0.1,-24613976,6893,9255,0.0,0.0
1765.180,176518,2,0.1,6183104,6893,9255,0.0,0.0
1765.190,176519,2,0.1,18555549,6893,9255,0.0,0.0
1765.200,176520,2,0.1,17682606,6893,9255,0.0,0.0
1765.210,176521,2,0.1,-2238364,6893,9255,0.0,0.0
1765.220,176522,2,0.1,-28491201,6893,9255,0.0,0.0
1765.230,176523,2,0.1,2764543,6893,9255,0.0,0.0
1765.240,176524,2,0.1,-7854150,6893,9255,0.0,0.0
1765.250,176525,2,0.1,22487033,6893,9255,0.0,0.0
1765.260,176526,2,0.1,-344386,6893,9255,0.0,0.0
1765.270,176527,2,0.1,-7350899,6893,9255,0.0,0.0
1765.280,176528,2,0.1,4687839,6893,9255,0.0,0.0
1765.290,176529,2,0.1,-9813680,6893,9255,0.0,0.0
1765.300,176530,2,0.1,-296331,6893,9255,0.0,0.0
1765.310,176531,2,0.1,13889111,6893,9255,0.0,0.0
1765.320,176532,2,0.1,-37967081,6893,9255,0.0,0.0
1765.330,176533,2,0.1,-11932142,6893,9255,0.0,0.0
1765.340,176534,2,0.1,-17879694,6893,9255,0.0,0.0
1765.350,176535,2,0.1,-4101567,6893,9255,0.0,0.0
1765.360,176536,2,0.1,-14283702,6893,9255,0.0,0.0
1765.370,176537,2,0.1,7332456,6893,9255,0.0,0.0
1765.380,176538,2,0.1,-3840305,6893,9255,0.0,0.0
1765.390,176539,2,0.1,-2365720,6893,9255,0.0,0.0
1765.400,176540,2,0.1,20371765,6893,9255,0.0,0.0
1765.410,176541,2,0.1,-36328170,6893,9255,0.0,0.0
1765.420,176542,2,0.1,-10049337,6893,9255,0.0,0.0
1765.430,176543,2,0.1,-28548577,6893,9255,0.0,0.0
1765.440,176544,2,0.1,-16697796,6893,9255,0.0,0.0
1765.450,176545,2,0.1,-4267156,6893,9255,0.0,0.0
1765.460,176546,2,0.1,5820130,6893,9255,0.0,0.0
1765.470,176547,2,0.1,3438360,6893,9255,0.0,0.0
1765.480,176548,2,0.1,-5103642,6893,9255,0.0,0.0
1765.490,176549,2,0.1,-12141230,6893,9255,0.0,0.0
1765.500,176550,2,0.1,-17777280,6893,9255,0.0,0.0
1765.510,176551,2,0.1,-6373311,6893,9255,0.0,0.0
1765.520,176552,2,0.1,5401228,6893,9255,0.0,0.0
1765.530,176553,2,0.1,-639328,6893,9255,0.0,0.0
1765.540,176554,2,0.1,14899146,6893,9255,0.0,0.0
1765.550,176555,2,0.1,-7474879,6893,9255,0.0,0.0
1765.560,176556,2,0.1,-3880084,6893,9255,0.0,0.0
1765.570,176557,2,0.1,5431570,6893,9255,0.0,0.0
1765.580,176558,2,0.1,-1127182,6893,9255,0.0,0.0
1765.590,176559,2,0.1,-24737988,6893,9255,0.0,0.0
1765.600,176560,2,0.1,-22128054,6893,9255,0.0,0.0
1765.610,176561,2,0.1,-1028749,6893,9255,0.0,0.0
1765.620,176562,2,0.1,-4799685,6893,9255,0.0,0.0
1765.630,176563,2,0.1,-3592078,6893,9255,0.0,0.0
1765.640,176564,2,0.1,12436146,6893,9255,0.0,0.0
1765.650,176565,2,0.1,2707264,6893,9255,0.0,0.0
1765.660,176566,2,0.1,-2329391,6893,9255,0.0,0.0
1765.670,176567,2,0.1,15673531,6893,9255,0.0,0.0
1765.680,176568,2,0.1,-2737399,6893,9255,0.0,0.0
1765.690,176569,2,0.1,-35949060,6893,9255,0.0,0.0
1765.700,176570,2,0.1,8331484,6893,9255,0.0,0.0
1765.710,176571,2,0.1,26517752,6893,9255,0.0,0.0
1765.720,176572,2,0.1,18390582,6893,9255,0.0,0.0
1765.730,176573,2,0.1,10598618,6893,9255,0.0,0.0
1765.740,176574,2,0.1,6768481,6893,9255,0.0,0.0
1765.750,176575,2,0.1,14427539,6893,9255,0.0,0.0
1765.760,176576,2,0.1,-9050078,6893,9255,0.0,0.0
1765.770,176577,2,0.1,11373856,6893,9255,0.0,0.0
1765.780,176578,2,0.1,27665956,6893,9255,0.0,0.0
1765.790,176579,2,0.1,30914752,6893,9255,0.0,0.0
1765.800,176580,2,0.1,116229,6893,9255,0.0,0.0
1765.810,176581,2,0.1,-2776473,6893,9255,0.0,0.0
1765.820,176582,2,0.1,-13501784,6893,9255,0.0,0.0
1765.830,176583,2,0.1,-5380126,6893,9255,0.0,0.0
1765.840,176584,2,0.1,-16545996,6893,9255,0.0,0.0
1765.850,176585,2,0.1,23839003,6893,9255,0.0,0.0
1765.860,176586,2,0.1,-11553780,6893,9255,0.0,0.0
1765.870,176587,2,0.1,18646330,6893,9255,0.0,0.0
1765.880,176588,2,0.1,18800817,6893,9255,0.0,0.0
1765.890,176589,2,0.1,-1530552,6893,9255,0.0,0.0
1765.900,176590,2,0.1,-17114237,6893,9255,0.0,0.0
1765.910,176591,2,0.1,2843885,6893,9255,0.0,0.0
1765.920,176592,2,0.1,5405021,6893,9255,0.0,0.0
1765.930,176593,2,0.1,-26439631,6893,9255,0.0,0.0
1765.940,176594,2,0.1,12027539,6893,9255,0.0,0.0
1765.950,176595,2,0.1,-1734559,6893,9255,0.0,0.0
1765.960,176596,2,0.1,848169,6893,9255,0.0,0.0
1765.970,176597,2,0.1,1511830,6893,9255,0.0,0.0
1765.980,176598,2,0.1,-22361055,6893,9255,0.0,0.0
1765.990,176599,2,0.1,-23695827,6893,9255,0.0,0.0
1766.000,176600,2,0.1,9635890,6893,9255,0.0,0.0
1766.010,176601,2,0.1,-10891701,6893,9255,0.0,0.0
1766.020,176602,2,0.1,-22148514,6893,9255,0.0,0.0
1766.030,176603,2,0.1,-24569470,6893,9255,0.0,0.0
1766.040,176604,2,0.1,13007404,6893,9255,0.0,0.0
1766.050,176605,2,0.1,-21592592,6893,9255,0.0,0.0
1766.060,176606,2,0.1,-4326587,6893,9255,0.0,0.0
1766.070,176607,2,0.1,-30706162,6893,9255,0.0,0.0
1766.080,176608,2,0.1,11567234,6893,9255,0.0,0.0
1766.090,176609,2,0.1,-36217429,6893,9255,0.0,0.0
1766.100,176610,2,0.1,11607539,6893,9255,0.0,0.0
1766.110,176611,2,0.1,12729477,6893,9255,0.0,0.0
1766.120,176612,2,0.1,4186403,6893,9255,0.0,0.0
1766.130,176613,2,0.1,11357696,6893,9255,0.0,0.0
1766.140,176614,2,0.1,-6935851,6893,9255,0.0,0.0
1766.150,176615,2,0.1,3593170,6893,9255,0.0,0.0
1766.160,176616,2,0.1,3139511,6893,9255,0.0,0.0
1766.170,176617,2,0.1,-7672536,6893,9255,0.0,0.0
1766.180,176618,2,0.1,21544777,6893,9255,0.0,0.0
1766.190,176619,2,0.1,1906124,6893,9255,0.0,0.0
1766.200,176620,2,0.1,5562558,6893,9255,0.0,0.0
1766.210,176621,2,0.1,17149692,6893,9255,0.0,0.0
1766.220,176622,2,0.1,-27973788,6893,9255,0.0,0.0
1766.230,176623,2,0.1,4664091,6893,9255,0.0,0.0
1766.240,176624,2,0.1,15338701,6893,9255,0.0,0.0
1766.250,176625,2,0.1,12958157,6893,9255,0.0,0.0
1766.260,176626,2,0.1,-5727171,6893,9255,0.0,0.0
1766.270,176627,2,0.1,-14808863,6893,9255,0.0,0.0
1766.280,176628,2,0.1,21032969,6893,9255,0.0,0.0
1766.290,176629,2,0.1,29677603,6893,9255,0.0,0.0
1766.300,176630,2,0.1,-17671369,6893,9255,0.0,0.0
1766.310,176631,2,0.1,-10771845,6893,9255,0.0,0.0
1766.320,176632,2,0.1,25004761,6893,9255,0.0,0.0
1766.330,176633,2,0.1,-18098233,6893,9255,0.0,0.0
1766.340,176634,2,0.1,-14916355,6893,9255,0.0,0.0
1766.350,176635,2,0.1,12007012,6893,9255,0.0,0.0
1766.360,176636,2,0.1,19698012,6893,9255,0.0,0.0
1766.370,176637,2,0.1,-2520498,6893,9255,0.0,0.0
1766.380,176638,2,0.1,297394,6893,9255,0.0,0.0
1766.390,176639,2,0.1,-36267286,6893,9255,0.0,0.0
1766.400,176640,2,0.1,1159785,6893,9255,0.0,0.0
1766.410,176641,2,0.1,-17990842,6893,9255,0.0,0.0
1766.420,176642,2,0.1,-3962744,6893,9255,0.0,0.0
1766.430,176643,2,0.1,21946320,6893,9255,0.0,0.0
1766.440,176644,2,0.1,15388244,6893,9255,0.0,0.0
1766.450,176645,2,0.1,2055557,6893,9255,0.0,0.0
1766.460,176646,2,0.1,27018278,6893,9255,0.0,0.0
1766.470,176647,2,0.1,14192858,6893,9255,0.0,0.0
1766.480,176648,2,0.1,4241428,6893,9255,0.0,0.0
1766.490,176649,2,0.1,28926206,6893,9255,0.0,0.0
1766.500,176650,2,0.1,5329198,6893,9255,0.0,0.0
1766.510,176651,2,0.1,-4043913,6893,9255,0.0,0.0
1766.520,176652,2,0.1,-6013026,6893,9255,0.0,0.0
1766.530,176653,2,0.1,6635089,6893,9255,0.0,0.0
1766.540,176654,2,0.1,24051526,6893,9255,0.0,0.0
1766.550,176655,2,0.1,-7294809,6893,9255,0.0,0.0
1766.560,176656,2,0.1,10981288,6893,9255,0.0,0.0
1766.570,176657,2,0.1,-26066914,6893,9255,0.0,0.0
1766.580,176658,2,0.1,-10669974,6893,9255,0.0,0.0
1766.590,176659,2,0.1,8681260,6893,9255,0.0,0.0
1766.600,176660,2,0.1,-10099604,6893,9255,0.0,0.0
1766.610,176661,2,0.1,32495138,6893,9255,0.0,0.0
1766.620,176662,2,0.1,15095641,6893,9255,0.0,0.0
1766.630,176663,2,0.1,-32657381,6893,9255,0.0,0.0
1766.640,176664,2,0.1,15489967,6893,9255,0.0,0.0
1766.650,176665,2,0.1,-1839458,6893,9255,0.0,0.0
1766.660,176666,2,0.1,16642149,6893,9255,0.0,0.0
1766.670,176667,2,0.1,-12876683,6893,9255,0.0,0.0
1766.680,176668,2,0.1,-15384858,6893,9255,0.0,0.0
1766.690,176669,2,0.1,9952947,6893,9255,0.0,0.0
1766.700,176670,2,0.1,6943160,6893,9255,0.0,0.0
1766.710,176671,2,0.1,750068,6893,9255,0.0,0.0
1766.720,176672,2,0.1,22276760,6893,9255,0.0,0.0
1766.730,176673,2,0.1,17783631,6893,9255,0.0,0.0
1766.740,176674,2,0.1,3197440,6893,9255,0.0,0.0
1766.750,176675,2,0.1,-12779633,6893,9255,0.0,0.0
1766.760,176676,2,0.1,11627428,6893,9255,0.0,0.0
1766.770,176677,2,0.1,-851668,6893,9255,0.0,0.0
1766.780,176678,2,0.1,-14588718,6893,9255,0.0,0.0
1766.790,176679,2,0.1,-7985209,6893,9255,0.0,0.0
1766.800,176680,2,0.1,99760,6893,9255,0.0,0.0
1766.810,176681,2,0.1,8437657,6893,9255,0.0,0.0
1766.820,176682,2,0.1,-14215702,6893,9255,0.0,0.0
1766.830,176683,2,0.1,-19608627,6893,9255,0.0,0.0
1766.840,176684,2,0.1,9158039,6893,9255,0.0,0.0
1766.850,176685,2,0.1,29065041,6893,9255,0.0,0.0
1766.860,176686,2,0.1,1122870,6893,9255,0.0,0.0
1766.870,176687,2,0.1,923253,6893,9255,0.0,0.0
1766.880,176688,2,0.1,-3505469,6893,9255,0.0,0.0
1766.890,176689,2,0.1,-10479810,6893,9255,0.0,0.0
1766.900,176690,2,0.1,19400014,6893,9255,0.0,0.0
1766.910,176691,2,0.1,-31754719,6893,9255,0.0,0.0
1766.920,176692,2,0.1,12236057,6893,9255,0.0,0.0
1766.930,176693,2,0.1,-1146075,6893,9255,0.0,0.0
1766.940,176694,2,0.1,-3772615,6893,9255,0.0,0.0
1766.950,176695,2,0.1,36015500,6893,9255,0.0,0.0
1766.960,176696,2,0.1,16562429,6893,9255,0.0,0.0
1766.970,176697,2,0.1,-13458368,6893,9255,0.0,0.0
1766.980,176698,2,0.1,-29693113,6893,9255,0.0,0.0
1766.990,176699,2,0.1,8968215,6893,9255,0.0,0.0
1767.000,176700,2,0.1,-11217320,6893,9255,0.0,0.0
1767.010,176701,2,0.1,-8980428,6893,9255,0.0,0.0
1767.020,176702,2,0.1,-14246078,6893,9255,0.0,0.0
1767.030,176703,2,0.1,4657612,6893,9255,0.0,0.0
1767.040,176704,2,0.1,26000397,6893,9255,0.0,0.0
1767.050,176705,2,0.1,17122306,6893,9255,0.0,0.0
1767.060,176706,2,0.1,-25060715,6893,9255,0.0,0.0
1767.070,176707,2,0.1,-23432005,6893,9255,0.0,0.0
1767.080,176708,2,0.1,11761176,6893,9255,0.0,0.0
1767.090,176709,2,0.1,4570869,6893,9255,0.0,0.0
1767.100,176710,2,0.1,10573704,6893,9255,0.0,0.0
1767.110,176711,2,0.1,-6939592,6893,9255,0.0,0.0
1767.120,176712,2,0.1,-20257681,6893,9255,0.0,0.0
1767.130,176713,2,0.1,-3755521,6893,9255,0.0,0.0
1767.140,176714,2,0.1,3288605,6893,9255,0.0,0.0
1767.150,176715,2,0.1,2565167,6893,9255,0.0,0.0
1767.160,176716,2,0.1,-14193511,6893,9255,0.0,0.0
1767.170,176717,2,0.1,-30778484,6893,9255,0.0,0.0
1767.180,176718,2,0.1,684571,6893,9255,0.0,0.0
1767.190,176719,2,0.1,-12306812,6893,9255,0.0,0.0
1767.200,176720,2,0.1,16612966,6893,9255,0.0,0.0
1767.210,176721,2,0.1,4149987,6893,9255,0.0,0.0
1767.220,176722,2,0.1,8843739,6893,9255,0.0,0.0
1767.230,176723,2,0.1,-3966218,6893,9255,0.0,0.0
1767.240,176724,2,0.1,10639398,6893,9255,0.0,0.0
1767.250,176725,2,0.1,17233712,6893,9255,0.0,0.0
1767.260,176726,2,0.1,-6896309,6893,9255,0.0,0.0
1767.270,176727,2,0.1,24161600,6893,9255,0.0,0.0
1767.280,176728,2,0.1,-3292497,6893,9255,0.0,0.0
1767.290,176729,2,0.1,-11503700,6893,9255,0.0,0.0
1767.300,176730,2,0.1,-4454009,6893,9255,0.0,0.0
1767.310,176731,2,0.1,126069,6893,9255,0.0,0.0
1767.320,176732,2,0.1,-10900043,6893,9255,0.0,0.0
1767.330,176733,2,0.1,11148889,6893,9255,0.0,0.0
1767.340,176734,2,0.1,19140682,6893,9255,0.0,0.0
1767.350,176735,2,0.1,23860730,6893,9255,0.0,0.0
1767.360,176736,2,0.1,17377848,6893,9255,0.0,0.0
1767.370,176737,2,0.1,24483813,6893,9255,0.0,0.0
1767.380,176738,2,0.1,26893376,6893,9255,0.0,0.0
1767.390,176739,2,0.1,10825682,6893,9255,0.0,0.0
1767.400,176740,2,0.1,8691912,6893,9255,0.0,0.0
1767.410,176741,2,0.1,17908476,6893,9255,0.0,0.0
1767.420,176742,2,0.1,-38100,6893,9255,0.0,0.0
1767.430,176743,2,0.1,2834800,6893,9255,0.0,0.0
1767.440,176744,2,0.1,-18376330,6893,9255,0.0,0.0
1767.450,176745,2,0.1,-6205315,6893,9255,0.0,0.0
1767.460,176746,2,0.1,6256246,6893,9255,0.0,0.0
1767.470,176747,2,0.1,14200357,6893,9255,0.0,0.0
1767.480,176748,2,0.1,1132875,6893,9255,0.0,0.0
1767.490,176749,2,0.1,-3521099,6893,9255,0.0,0.0
1767.500,176750,2,0.1,5079799,6893,9255,0.0,0.0
1767.510,176751,2,0.1,870843,6893,9255,0.0,0.0
1767.520,176752,2,0.1,14055120,6893,9255,0.0,0.0
1767.530,176753,2,0.1,-12181679,6893,9255,0.0,0.0
1767.540,176754,2,0.1,-10037614,6893,9255,0.0,0.0
1767.550,176755,2,0.1,-1083230,6893,9255,0.0,0.0
1767.560,176756,2,0.1,-6536704,6893,9255,0.0,0.0
1767.570,176757,2,0.1,13551122,6893,9255,0.0,0.0
1767.580,176758,2,0.1,23407413,6893,9255,0.0,0.0
1767.590,176759,2,0.1,-13405107,6893,9255,0.0,0.0
1767.600,176760,2,0.1,-5443885,6893,9255,0.0,0.0
1767.610,176761,2,0.1,-5588636,6893,9255,0.0,0.0
1767.620,176762,2,0.1,-41099667,6893,9255,0.0,0.0
1767.630,176763,2,0.1,-5019632,6893,9255,0.0,0.0
1767.640,176764,2,0.1,-3419641,6893,9255,0.0,0.0
1767.650,176765,2,0.1,9986952,6893,9255,0.0,0.0
1767.660,176766,2,0.1,1185553,6893,9255,0.0,0.0
1767.670,176767,2,0.1,12800904,6893,9255,0.0,0.0
1767.680,176768,2,0.1,-7507165,6893,9255,0.0,0.0
1767.690,176769,2,0.1,-41410058,6893,9255,0.0,0.0
1767.700,176770,2,0.1,1987460,6893,9255,0.0,0.0
1767.710,176771,2,0.1,-4698777,6893,9255,0.0,0.0
1767.720,176772,2,0.1,4913617,6893,9255,0.0,0.0
1767.730,176773,2,0.1,-9348214,6893,9255,0.0,0.0
1767.740,176774,2,0.1,-9885732,6893,9255,0.0,0.0
1767.750,176775,2,0.1,-9098555,6893,9255,0.0,0.0
1767.760,176776,2,0.1,19782448,6893,9255,0.0,0.0
1767.770,176777,2,0.1,14183586,6893,9255,0.0,0.0
1767.780,176778,2,0.1,14882145,6893,9255,0.0,0.0
1767.790,176779,2,0.1,-7763681,6893,9255,0.0,0.0
1767.800,176780,2,0.1,11995342,6893,9255,0.0,0.0
1767.810,176781,2,0.1,1923665,6893,9255,0.0,0.0
1767.820,176782,2,0.1,-23809120,6893,9255,0.0,0.0
1767.830,176783,2,0.1,21051066,6893,9255,0.0,0.0
1767.840,176784,2,0.1,34701857,6893,9255,0.0,0.0
1767.850,176785,2,0.1,-21064892,6893,9255,0.0,0.0
1767.860,176786,2,0.1,10491718,6893,9255,0.0,0.0
1767.870,176787,2,0.1,23197792,6893,9255,0.0,0.0
1767.880,176788,2,0.1,-18533324,6893,9255,0.0,0.0
1767.890,176789,2,0.1,-25175352,6893,9255,0.0,0.0
1767.900,176790,2,0.1,1206577,6893,9255,0.0,0.0
1767.910,176791,2,0.1,13584409,6893,9255,0.0,0.0
1767.920,176792,2,0.1,33264750,6893,9255,0.0,0.0
1767.930,176793,2,0.1,2606796,6893,9255,0.0,0.0
1767.940,176794,2,0.1,23130677,6893,9255,0.0,0.0
1767.950,176795,2,0.1,16186857,6893,9255,0.0,0.0
1767.960,176796,2,0.1,-14524733,6893,9255,0.0,0.0
1767.970,176797,2,0.1,17389069,6893,9255,0.0,0.0
1767.980,176798,2,0.1,5975437,6893,9255,0.0,0.0
1767.990,176799,2,0.1,-7366557,6893,9255,0.0,0.0
1768.000,176800,2,0.1,-26837046,6893,9255,0.0,0.0
1768.010,176801,2,0.1,-2165869,6893,9255,0.0,0.0
1768.020,176802,2,0.1,10670878,6893,9255,0.0,0.0
1768.030,176803,2,0.1,-4967920,6893,9255,0.0,0.0
1768.040,176804,2,0.1,22146469,6893,9255,0.0,0.0
1768.050,176805,2,0.1,-1950878,6893,9255,0.0,0.0
1768.060,176806,2,0.1,9948002,6893,9255,0.0,0.0
1768.070,176807,2,0.1,-3094886,6893,9255,0.0,0.0
1768.080,176808,2,0.1,-7613697,6893,9255,0.0,0.0
1768.090,176809,2,0.1,2572702,6893,9255,0.0,0.0
1768.100,176810,2,0.1,-8630601,6893,9255,0.0,0.0
1768.110,176811,2,0.1,3978942,6893,9255,0.0,0.0
1768.120,176812,2,0.1,4541829,6893,9255,0.0,0.0
1768.130,176813,2,0.1,425245,6893,9255,0.0,0.0
1768.140,176814,2,0.1,6695446,6893,9255,0.0,0.0
1768.150,176815,2,0.1,25361737,6893,9255,0.0,0.0
1768.160,176816,2,0.1,15874929,6893,9255,0.0,0.0
1768.170,176817,2,0.1,-5673020,6893,9255,0.0,0.0
1768.180,176818,2,0.1,8777773,6893,9255,0.0,0.0
1768.190,176819,2,0.1,12884918,6893,9255,0.0,0.0
1768.200,176820,2,0.1,-4137530,6893,9255,0.0,0.0
1768.210,176821,2,0.1,8630916,6893,9255,0.0,0.0
1768.220,176822,2,0.1,3784425,6893,9255,0.0,0.0
1768.230,176823,2,0.1,-5076075,6893,9255,0.0,0.0
1768.240,176824,2,0.1,15002366,6893,9255,0.0,0.0
1768.250,176825,2,0.1,2158175,6893,9255,0.0,0.0
1768.260,176826,2,0.1,2983507,6893,9255,0.0,0.0
1768.270,176827,2,0.1,2824738,6893,9255,0.0,0.0
1768.280,176828,2,0.1,-19428222,6893,9255,0.0,0.0
1768.290,176829,2,0.1,13595659,6893,9255,0.0,0.0
1768.300,176830,2,0.1,-2585852,6893,9255,0.0,0.0
1768.310,176831,2,0.1,-2441465,6893,9255,0.0,0.0
1768.320,176832,2,0.1,-635811,6893,9255,0.0,0.0
1768.330,176833,2,0.1,15769907,6893,9255,0.0,0.0
1768.340,176834,2,0.1,-28424379,6893,9255,0.0,0.0
1768.350,176835,2,0.1,12836145,6893,9255,0.0,0.0
1768.360,176836,2,0.1,-26555448,6893,9255,0.0,0.0
1768.370,176837,2,0.1,-3509420,6893,9255,0.0,0.0
1768.380,176838,2,0.1,-26633934,6893,9255,0.0,0.0
1768.390,176839,2,0.1,-20440560,6893,9255,0.0,0.0
1768.400,176840,2,0.1,-13155953,6893,9255,0.0,0.0
1768.410,176841,2,0.1,6748391,6893,9255,0.0,0.0
1768.420,176842,2,0.1,-2749852,6893,9255,0.0,0.0
1768.430,176843,2,0.1,-6228974,6893,9255,0.0,0.0
1768.440,176844,2,0.1,-13020298,6893,9255,0.0,0.0
1768.450,176845,2,0.1,10277621,6893,9255,0.0,0.0
1768.460,176846,2,0.1,21023556,6893,9255,0.0,0.0
1768.470,176847,2,0.1,-196178,6893,9255,0.0,0.0
1768.480,176848,2,0.1,26053069,6893,9255,0.0,0.0
1768.490,176849,2,0.1,16396711,6893,9255,0.0,0.0
1768.500,176850,2,0.1,-7931076,6893,9255,0.0,0.0
1768.510,176851,2,0.1,5952987,6893,9255,0.0,0.0
1768.520,176852,2,0.1,-24689099,6893,9255,0.0,0.0
1768.530,176853,2,0.1,5054210,6893,9255,0.0,0.0
1768.540,176854,2,0.1,25859705,6893,9255,0.0,0.0
1768.550,176855,2,0.1,-29810033,6893,9255,0.0,0.0
1768.560,176856,2,0.1,-11966238,6893,9255,0.0,0.0
1768.570,176857,2,0.1,8428380,6893,9255,0.0,0.0
1768.580,176858,2,0.1,-12014454,6893,9255,0.0,0.0
1768.590,176859,2,0.1,1982083,6893,9255,0.0,0.0
1768.600,176860,2,0.1,-11230842,6893,9255,0.0,0.0
1768.610,176861,2,0.1,2219311,6893,9255,0.0,0.0
1768.620,176862,2,0.1,-25445749,6893,9255,0.0,0.0
1768.630,176863,2,0.1,8633241,6893,9255,0.0,0.0
1768.640,176864,2,0.1,-3233685,6893,9255,0.0,0.0
1768.650,176865,2,0.1,-29747804,6893,9255,0.0,0.0
1768.660,176866,2,0.1,-21217951,6893,9255,0.0,0.0
1768.670,176867,2,0.1,-12777947,6893,9255,0.0,0.0
1768.680,176868,2,0.1,-8887419,6893,9255,0.0,0.0
1768.690,176869,2,0.1,-19332150,6893,9255,0.0,0.0
1768.700,176870,2,0.1,-6964624,6893,9255,0.0,0.0
1768.710,176871,2,0.1,23754847,6893,9255,0.0,0.0
1768.720,176872,2,0.1,-9341287,6893,9255,0.0,0.0
1768.730,176873,2,0.1,-2196028,6893,9255,0.0,0.0
1768.740,176874,2,0.1,10737582,6893,9255,0.0,0.0
1768.750,176875,2,0.1,11746809,6893,9255,0.0,0.0
1768.760,176876,2,0.1,-10845504,6893,9255,0.0,0.0
1768.770,176877,2,0.1,-4526796,6893,9255,0.0,0.0
1768.780,176878,2,0.1,7764472,6893,9255,0.0,0.0
1768.790,176879,2,0.1,1742102,6893,9255,0.0,0.0
1768.800,176880,2,0.1,-2355254,6893,9255,0.0,0.0
1768.810,176881,2,0.1,-22589909,6893,9255,0.0,0.0
1768.820,176882,2,0.1,2203925,6893,9255,0.0,0.0
1768.830,176883,2,0.1,-3087834,6893,9255,0.0,0.0
1768.840,176884,2,0.1,14138281,6893,9255,0.0,0.0
1768.850,176885,2,0.1,-5282975,6893,9255,0.0,0.0
1768.860,176886,2,0.1,21249429,6893,9255,0.0,0.0
1768.870,176887,2,0.1,-14656461,6893,9255,0.0,0.0
1768.880,176888,2,0.1,-11108761,6893,9255,0.0,0.0
1768.890,176889,2,0.1,9727910,6893,9255,0.0,0.0
1768.900,176890,2,0.1,13108921,6893,9255,0.0,0.0
1768.910,176891,2,0.1,12130927,6893,9255,0.0,0.0
1768.920,176892,2,0.1,-29338926,6893,9255,0.0,0.0
1768.930,176893,2,0.1,-57983965,6893,9255,0.0,0.0
1768.940,176894,2,0.1,-20304792,6893,9255,0.0,0.0
1768.950,176895,2,0.1,-11751529,6893,9255,0.0,0.0
1768.960,176896,2,0.1,5202680,6893,9255,0.0,0.0
1768.970,176897,2,0.1,-3328343,6893,9255,0.0,0.0
1768.980,176898,2,0.1,-11038396,6893,9255,0.0,0.0
1768.990,176899,2,0.1,2249520,6893,9255,0.0,0.0
1769.000,176900,2,0.1,-13124229,6893,9255,0.0,0.0
1769.010,176901,2,0.1,2459851,6893,9255,0.0,0.0
1769.020,176902,2,0.1,-23500938,6893,9255,0.0,0.0
1769.030,176903,2,0.1,6033807,6893,9255,0.0,0.0
1769.040,176904,2,0.1,-29148340,6893,9255,0.0,0.0
1769.050,176905,2,0.1,-5654289,6893,9255,0.0,0.0
1769.060,176906,2,0.1,-15898795,6893,9255,0.0,0.0
1769.070,176907,2,0.1,5873419,6893,9255,0.0,0.0
1769.080,176908,2,0.1,10488348,6893,9255,0.0,0.0
1769.090,176909,2,0.1,6153531,6893,9255,0.0,0.0
1769.100,176910,2,0.1,12753371,6893,9255,0.0,0.0
1769.110,176911,2,0.1,-9091029,6893,9255,0.0,0.0
1769.120,176912,2,0.1,-10790880,6893,9255,0.0,0.0
1769.130,176913,2,0.1,-7685912,6893,9255,0.0,0.0
1769.140,176914,2,0.1,3926310,6893,9255,0.0,0.0
1769.150,176915,2,0.1,11180446,6893,9255,0.0,0.0
1769.160,176916,2,0.1,7550684,6893,9255,0.0,0.0
1769.170,176917,2,0.1,9123506,6893,9255,0.0,0.0
1769.180,176918,2,0.1,7457423,6893,9255,0.0,0.0
1769.190,176919,2,0.1,-5862258,6893,9255,0.0,0.0
1769.200,176920,2,0.1,18862237,6893,9255,0.0,0.0
1769.210,176921,2,0.1,-25217356,6893,9255,0.0,0.0
1769.220,176922,2,0.1,17196575,6893,9255,0.0,0.0
1769.230,176923,2,0.1,7311312,6893,9255,0.0,0.0
1769.240,176924,2,0.1,6880435,6893,9255,0.0,0.0
1769.250,176925,2,0.1,-8156835,6893,9255,0.0,0.0
1769.260,176926,2,0.1,3598239,6893,9255,0.0,0.0
1769.270,176927,2,0.1,14015356,6893,9255,0.0,0.0
1769.280,176928,2,0.1,-14433873,6893,9255,0.0,0.0
1769.290,176929,2,0.1,5965930,6893,9255,0.0,0.0
1769.300,176930,2,0.1,4046342,6893,9255,0.0,0.0
1769.310,176931,2,0.1,15668476,6893,9255,0.0,0.0
1769.320,176932,2,0.1,1544189,6893,9255,0.0,0.0
1769.330,176933,2,0.1,3424133,6893,9255,0.0,0.0
1769.340,176934,2,0.1,-6048810,6893,9255,0.0,0.0
1769.350,176935,2,0.1,1306587,6893,9255,0.0,0.0
1769.360,176936,2,0.1,-2007724,6893,9255,0.0,0.0
1769.370,176937,2,0.1,-20647972,6893,9255,0.0,0.0
1769.380,176938,2,0.1,491599,6893,9255,0.0,0.0
1769.390,176939,2,0.1,14606502,6893,9255,0.0,0.0
1769.400,176940,2,0.1,-38941515,6893,9255,0.0,0.0
1769.410,176941,2,0.1,748835,6893,9255,0.0,0.0
1769.420,176942,2,0.1,-24350919,6893,9255,0.0,0.0
1769.430,176943,2,0.1,-9287130,6893,9255,0.0,0.0
1769.440,176944,2,0.1,-6142309,6893,9255,0.0,0.0
1769.450,176945,2,0.1,-4255618,6893,9255,0.0,0.0
1769.460,176946,2,0.1,-5397872,6893,9255,0.0,0.0
1769.470,176947,2,0.1,11233881,6893,9255,0.0,0.0
1769.480,176948,2,0.1,-11122566,6893,9255,0.0,0.0
1769.490,176949,2,0.1,6306813,6893,9255,0.0,0.0
1769.500,176950,2,0.1,-8890131,6893,9255,0.0,0.0
1769.510,176951,2,0.1,8790488,6893,9255,0.0,0.0
1769.520,176952,2,0.1,12964443,6893,9255,0.0,0.0
1769.530,176953,2,0.1,15896040,6893,9255,0.0,0.0
1769.540,176954,2,0.1,9114880,6893,9255,0.0,0.0
1769.550,176955,2,0.1,11650546,6893,9255,0.0,0.0
1769.560,176956,2,0.1,6007724,6893,9255,0.0,0.0
1769.570,176957,2,0.1,-4903253,6893,9255,0.0,0.0
1769.580,176958,2,0.1,20704123,6893,9255,0.0,0.0
1769.590,176959,2,0.1,4500192,6893,9255,0.0,0.0
1769.600,176960,2,0.1,4520142,6893,9255,0.0,0.0
1769.610,176961,2,0.1,18935833,6893,9255,0.0,0.0
1769.620,176962,2,0.1,-13897273,6893,9255,0.0,0.0
1769.630,176963,2,0.1,3860045,6893,9255,0.0,0.0
1769.640,176964,2,0.1,1789698,6893,9255,0.0,0.0
1769.650,176965,2,0.1,-7751823,6893,9255,0.0,0.0
1769.660,176966,2,0.1,21992487,6893,9255,0.0,0.0
1769.670,176967,2,0.1,-570551,6893,9255,0.0,0.0
1769.680,176968,2,0.1,31072281,6893,9255,0.0,0.0
1769.690,176969,2,0.1,-30024541,6893,9255,0.0,0.0
1769.700,176970,2,0.1,-8000120,6893,9255,0.0,0.0
1769.710,176971,2,0.1,3818410,6893,9255,0.0,0.0
1769.720,176972,2,0.1,12209601,6893,9255,0.0,0.0
1769.730,176973,2,0.1,23089310,6893,9255,0.0,0.0
1769.740,176974,2,0.1,170856,6893,9255,0.0,0.0
1769.750,176975,2,0.1,105405,6893,9255,0.0,0.0
1769.760,176976,2,0.1,-19949162,6893,9255,0.0,0.0
1769.770,176977,2,0.1,-17134131,6893,9255,0.0,0.0
1769.780,176978,2,0.1,-3854272,6893,9255,0.0,0.0
1769.790,176979,2,0.1,7605160,6893,9255,0.0,0.0
1769.800,176980,2,0.1,-2753589,6893,9255,0.0,0.0
1769.810,176981,2,0.1,-32103227,6893,9255,0.0,0.0
1769.820,176982,2,0.1,18324767,6893,9255,0.0,0.0
1769.830,176983,2,0.1,26379212,6893,9255,0.0,0.0
1769.840,176984,2,0.1,-2995345,6893,9255,0.0,0.0
1769.850,176985,2,0.1,-9882721,6893,9255,0.0,0.0
1769.860,176986,2,0.1,-36432266,6893,9255,0.0,0.0
1769.870,176987,2,0.1,4753288,6893,9255,0.0,0.0
1769.880,176988,2,0.1,-25022217,6893,9255,0.0,0.0
1769.890,176989,2,0.1,19032872,6893,9255,0.0,0.0
1769.900,176990,2,0.1,-2012597,6893,9255,0.0,0.0
1769.910,176991,2,0.1,26247241,6893,9255,0.0,0.0
1769.920,176992,2,0.1,-12079020,6893,9255,0.0,0.0
1769.930,176993,2,0.1,1106848,6893,9255,0.0,0.0
1769.940,176994,2,0.1,23601231,6893,9255,0.0,0.0
1769.950,176995,2,0.1,-19432148,6893,9255,0.0,0.0
1769.960,176996,2,0.1,-23364186,6893,9255,0.0,0.0
1769.970,176997,2,0.1,11687423,6893,9255,0.0,0.0
1769.980,176998,2,0.1,-6028991,6893,9255,0.0,0.0
1769.990,176999,2,0.1,21103583,6893,9255,0.0,0.0
1770.000,177000,2,0.1,-12589219,6893,9255,0.0,0.0
1770.010,177001,2,0.1,-3154377,6893,9255,0.0,0.0
1770.020,177002,2,0.1,15623386,6893,9255,0.0,0.0
1770.030,177003,2,0.1,-14559976,6893,9255,0.0,0.0
1770.040,177004,2,0.1,6799037,6893,9255,0.0,0.0
1770.050,177005,2,0.1,-4934505,6893,9255,0.0,0.0
1770.060,177006,2,0.1,-8854620,6893,9255,0.0,0.0
1770.070,177007,2,0.1,10952514,6893,9255,0.0,0.0
1770.080,177008,2,0.1,8896294,6893,9255,0.0,0.0
1770.090,177009,2,0.1,12501551,6893,9255,0.0,0.0
1770.100,177010,2,0.1,-12145554,6893,9255,0.0,0.0
1770.110,177011,2,0.1,-19363125,6893,9255,0.0,0.0
1770.120,177012,2,0.1,7883235,6893,9255,0.0,0.0
1770.130,177013,2,0.1,2487282,6893,9255,0.0,0.0
1770.140,177014,2,0.1,-7910317,6893,9255,0.0,0.0
1770.150,177015,2,0.1,36876357,6893,9255,0.0,0.0
1770.160,177016,2,0.1,-25518881,6893,9255,0.0,0.0
1770.170,177017,2,0.1,7607031,6893,9255,0.0,0.0
1770.180,177018,2,0.1,5347553,6893,9255,0.0,0.0
1770.190,177019,2,0.1,-10464718,6893,9255,0.0,0.0
1770.200,177020,2,0.1,17029399,6893,9255,0.0,0.0
1770.210,177021,2,0.1,8776613,6893,9255,0.0,0.0
1770.220,177022,2,0.1,14839142,6893,9255,0.0,0.0
1770.230,177023,2,0.1,2099517,6893,9255,0.0,0.0
1770.240,177024,2,0.1,-567333,6893,9255,0.0,0.0
1770.250,177025,2,0.1,-6476580,6893,9255,0.0,0.0
1770.260,177026,2,0.1,-6834823,6893,9255,0.0,0.0
1770.270,177027,2,0.1,-14337483,6893,9255,0.0,0.0
1770.280,177028,2,0.1,-13845531,6893,9255,0.0,0.0
1770.290,177029,2,0.1,20921115,6893,9255,0.0,0.0
1770.300,177030,2,0.1,15814126,6893,9255,0.0,0.0
1770.310,177031,2,0.1,-729194,6893,9255,0.0,0.0
1770.320,177032,2,0.1,-20647010,6893,9255,0.0,0.0
1770.330,177033,2,0.1,9208529,6893,9255,0.0,0.0
1770.340,177034,2,0.1,-1889875,6893,9255,0.0,0.0
1770.350,177035,2,0.1,6738967,6893,9255,0.0,0.0
1770.360,177036,2,0.1,-21670723,6893,9255,0.0,0.0
1770.370,177037,2,0.1,36338211,6893,9255,0.0,0.0
1770.380,177038,2,0.1,36646318,6893,9255,0.0,0.0
1770.390,177039,2,0.1,13765423,6893,9255,0.0,0.0
1770.400,177040,2,0.1,5753435,6893,9255,0.0,0.0
1770.410,177041,2,0.1,21847182,6893,9255,0.0,0.0
1770.420,177042,2,0.1,5331322,6893,9255,0.0,0.0
1770.430,177043,2,0.1,-25729880,6893,9255,0.0,0.0
1770.440,177044,2,0.1,28163871,6893,9255,0.0,0.0
1770.450,177045,2,0.1,-5296957,6893,9255,0.0,0.0
1770.460,177046,2,0.1,13965828,6893,9255,0.0,0.0
1770.470,177047,2,0.1,8784730,6893,9255,0.0,0.0
1770.480,177048,2,0.1,-354415,6893,9255,0.0,0.0
1770.490,177049,2,0.1,26322142,6893,9255,0.0,0.0
1770.500,177050,2,0.1,-7982554,6893,9255,0.0,0.0
1770.510,177051,2,0.1,-13727587,6893,9255,0.0,0.0
1770.520,177052,2,0.1,-3361123,6893,9255,0.0,0.0
1770.530,177053,2,0.1,-11400461,6893,9255,0.0,0.0
1770.540,177054,2,0.1,4526175,6893,9255,0.0,0.0
1770.550,177055,2,0.1,-18888951,6893,9255,0.0,0.0
1770.560,177056,2,0.1,-13921393,6893,9255,0.0,0.0
1770.570,177057,2,0.1,-24083439,6893,9255,0.0,0.0
1770.580,177058,2,0.1,4833392,6893,9255,0.0,0.0
1770.590,177059,2,0.1,9893107,6893,9255,0.0,0.0
1770.600,177060,2,0.1,-19330855,6893,9255,0.0,0.0
1770.610,177061,2,0.1,-13929674,6893,9255,0.0,0.0
1770.620,177062,2,0.1,12592234,6893,9255,0.0,0.0
1770.630,177063,2,0.1,3945366,6893,9255,0.0,0.0
1770.640,177064,2,0.1,-31651078,6893,9255,0.0,0.0
1770.650,177065,2,0.1,46585659,6893,9255,0.0,0.0
1770.660,177066,2,0.1,-39770392,6893,9255,0.0,0.0
1770.670,177067,2,0.1,4941647,6893,9255,0.0,0.0
1770.680,177068,2,0.1,16236574,6893,9255,0.0,0.0
1770.690,177069,2,0.1,3656626,6893,9255,0.0,0.0
1770.700,177070,2,0.1,-17793626,6893,9255,0.0,0.0
1770.710,177071,2,0.1,30000120,6893,9255,0.0,0.0
1770.720,177072,2,0.1,7895285,6893,9255,0.0,0.0
1770.730,177073,2,0.1,-27474763,6893,9255,0.0,0.0
1770.740,177074,2,0.1,5452926,6893,9255,0.0,0.0
1770.750,177075,2,0.1,5692772,6893,9255,0.0,0.0
1770.760,177076,2,0.1,-485298,6893,9255,0.0,0.0
1770.770,177077,2,0.1,8766626,6893,9255,0.0,0.0
1770.780,177078,2,0.1,-1169236,6893,9255,0.0,0.0
1770.790,177079,2,0.1,-8255455,6893,9255,0.0,0.0
1770.800,177080,2,0.1,25875434,6893,9255,0.0,0.0
1770.810,177081,2,0.1,9953925,6893,9255,0.0,0.0
1770.820,177082,2,0.1,-2125527,6893,9255,0.0,0.0
1770.830,177083,2,0.1,-2313998,6893,9255,0.0,0.0
1770.840,177084,2,0.1,10438743,6893,9255,0.0,0.0
1770.850,177085,2,0.1,10036451,6893,9255,0.0,0.0
1770.860,177086,2,0.1,12977692,6893,9255,0.0,0.0
1770.870,177087,2,0.1,18648219,6893,9255,0.0,0.0
1770.880,177088,2,0.1,3571987,6893,9255,0.0,0.0
1770.890,177089,2,0.1,7496571,6893,9255,0.0,0.0
1770.900,177090,2,0.1,-17430318,6893,9255,0.0,0.0
1770.910,177091,2,0.1,625196,6893,9255,0.0,0.0
1770.920,177092,2,0.1,-39558104,6893,9255,0.0,0.0
1770.930,177093,2,0.1,8328856,6893,9255,0.0,0.0
1770.940,177094,2,0.1,2477462,6893,9255,0.0,0.0
1770.950,177095,2,0.1,25723736,6893,9255,0.0,0.0
1770.960,177096,2,0.1,-1347127,6893,9255,0.0,0.0
1770.970,177097,2,0.1,-6499767,6893,9255,0.0,0.0
1770.980,177098,2,0.1,-13713960,6893,9255,0.0,0.0
1770.990,177099,2,0.1,1820869,6893,9255,0.0,0.0
1771.000,177100,2,0.1,1430091,6893,9255,0.0,0.0
1771.010,177101,2,0.1,-6479538,6893,9255,0.0,0.0
1771.020,177102,2,0.1,4930498,6893,9255,0.0,0.0
1771.030,177103,2,0.1,8536570,6893,9255,0.0,0.0
1771.040,177104,2,0.1,20356577,6893,9255,0.0,0.0
1771.050,177105,2,0.1,34290598,6893,9255,0.0,0.0
1771.060,177106,2,0.1,-4935294,6893,9255,0.0,0.0
1771.070,177107,2,0.1,-2158023,6893,9255,0.0,0.0
1771.080,177108,2,0.1,-25383357,6893,9255,0.0,0.0
1771.090,177109,2,0.1,1174862,6893,9255,0.0,0.0
1771.100,177110,2,0.1,-13886145,6893,9255,0.0,0.0
1771.110,177111,2,0.1,-14748810,6893,9255,0.0,0.0
1771.120,177112,2,0.1,-22572688,6893,9255,0.0,0.0
1771.130,177113,2,0.1,13076900,6893,9255,0.0,0.0
1771.140,177114,2,0.1,17587708,6893,9255,0.0,0.0
1771.150,177115,2,0.1,14225566,6893,9255,0.0,0.0
1771.160,177116,2,0.1,22107437,6893,9255,0.0,0.0
1771.170,177117,2,0.1,17995211,6893,9255,0.0,0.0
1771.180,177118,2,0.1,-19903050,6893,9255,0.0,0.0
1771.190,177119,2,0.1,4297320,6893,9255,0.0,0.0
1771.200,177120,2,0.1,26305513,6893,9255,0.0,0.0
1771.210,177121,2,0.1,-16076089,6893,9255,0.0,0.0
1771.220,177122,2,0.1,7091262,6893,9255,0.0,0.0
1771.230,177123,2,0.1,-5777315,6893,9255,0.0,0.0
1771.240,177124,2,0.1,-10377528,6893,9255,0.0,0.0
1771.250,177125,2,0.1,-16850103,6893,9255,0.0,0.0
1771.260,177126,2,0.1,2566110,6893,9255,0.0,0.0
1771.270,177127,2,0.1,15181671,6893,9255,0.0,0.0
1771.280,177128,2,0.1,4851698,6893,9255,0.0,0.0
1771.290,177129,2,0.1,-3407818,6893,9255,0.0,0.0
1771.300,177130,2,0.1,-6876713,6893,9255,0.0,0.0
1771.310,177131,2,0.1,2441244,6893,9255,0.0,0.0
1771.320,177132,2,0.1,-13162082,6893,9255,0.0,0.0
1771.330,177133,2,0.1,5394604,6893,9255,0.0,0.0
1771.340,177134,2,0.1,6264540,6893,9255,0.0,0.0
1771.350,177135,2,0.1,2237797,6893,9255,0.0,0.0
1771.360,177136,2,0.1,-21873479,6893,9255,0.0,0.0
1771.370,177137,2,0.1,45460644,6893,9255,0.0,0.0
1771.380,177138,2,0.1,-535289,6893,9255,0.0,0.0
1771.390,177139,2,0.1,13965224,6893,9255,0.0,0.0
1771.400,177140,2,0.1,-5062086,6893,9255,0.0,0.0
1771.410,177141,2,0.1,3496573,6893,9255,0.0,0.0
1771.420,177142,2,0.1,1250868,6893,9255,0.0,0.0
1771.430,177143,2,0.1,-7818219,6893,9255,0.0,0.0
1771.440,177144,2,0.1,-7041043,6893,9255,0.0,0.0
1771.450,177145,2,0.1,2528114,6893,9255,0.0,0.0
1771.460,177146,2,0.1,5212998,6893,9255,0.0,0.0
1771.470,177147,2,0.1,-31833927,6893,9255,0.0,0.0
1771.480,177148,2,0.1,-14073489,6893,9255,0.0,0.0
1771.490,177149,2,0.1,18619915,6893,9255,0.0,0.0
1771.500,177150,2,0.1,4629872,6893,9255,0.0,0.0
1771.510,177151,2,0.1,-7912715,6893,9255,0.0,0.0
1771.520,177152,2,0.1,-28663166,6893,9255,0.0,0.0
1771.530,177153,2,0.1,15328830,6893,9255,0.0,0.0
1771.540,177154,2,0.1,7867283,6893,9255,0.0,0.0
1771.550,177155,2,0.1,-245486,6893,9255,0.0,0.0
1771.560,177156,2,0.1,-14443092,6893,9255,0.0,0.0
1771.570,177157,2,0.1,5146164,6893,9255,0.0,0.0
1771.580,177158,2,0.1,29744613,6893,9255,0.0,0.0
1771.590,177159,2,0.1,-1261676,6893,9255,0.0,0.0
1771.600,177160,2,0.1,-20225533,6893,9255,0.0,0.0
1771.610,177161,2,0.1,-11831219,6893,9255,0.0,0.0
1771.620,177162,2,0.1,-5273558,6893,9255,0.0,0.0
1771.630,177163,2,0.1,9124618,6893,9255,0.0,0.0
1771.640,177164,2,0.1,-2342659,6893,9255,0.0,0.0
1771.650,177165,2,0.1,-7991278,6893,9255,0.0,0.0
1771.660,177166,2,0.1,253483,6893,9255,0.0,0.0
1771.670,177167,2,0.1,-14679623,6893,9255,0.0,0.0
1771.680,177168,2,0.1,-19548082,6893,9255,0.0,0.0
1771.690,177169,2,0.1,15694533,6893,9255,0.0,0.0
1771.700,177170,2,0.1,25570139,6893,9255,0.0,0.0
1771.710,177171,2,0.1,-29589866,6893,9255,0.0,0.0
1771.720,177172,2,0.1,627514,6893,9255,0.0,0.0
1771.730,177173,2,0.1,-9522978,6893,9255,0.0,0.0
1771.740,177174,2,0.1,2782539,6893,9255,0.0,0.0
1771.750,177175,2,0.1,-16564062,6893,9255,0.0,0.0
1771.760,177176,2,0.1,13929000,6893,9255,0.0,0.0
1771.770,177177,2,0.1,31319645,6893,9255,0.0,0.0
1771.780,177178,2,0.1,-13073851,6893,9255,0.0,0.0
1771.790,177179,2,0.1,-30925021,6893,9255,0.0,0.0
1771.800,177180,2,0.1,-20970952,6893,9255,0.0,0.0
1771.810,177181,2,0.1,-17725282,6893,9255,0.0,0.0
1771.820,177182,2,0.1,5757923,6893,9255,0.0,0.0
1771.830,177183,2,0.1,-29766539,6893,9255,0.0,0.0
1771.840,177184,2,0.1,6493935,6893,9255,0.0,0.0
1771.850,177185,2,0.1,8522077,6893,9255,0.0,0.0
1771.860,177186,2,0.1,-16385334,6893,9255,0.0,0.0
1771.870,177187,2,0.1,-1163861,6893,9255,0.0,0.0
1771.880,177188,2,0.1,6593341,6893,9255,0.0,0.0
1771.890,177189,2,0.1,-10888620,6893,9255,0.0,0.0
1771.900,177190,2,0.1,-12390902,6893,9255,0.0,0.0
1771.910,177191,2,0.1,18070721,6893,9255,0.0,0.0
1771.920,177192,2,0.1,12094415,6893,9255,0.0,0.0
1771.930,177193,2,0.1,1081598,6893,9255,0.0,0.0
1771.940,177194,2,0.1,14009482,6893,9255,0.0,0.0
1771.950,177195,2,0.1,-12242316,6893,9255,0.0,0.0
1771.960,177196,2,0.1,-3553375,6893,9255,0.0,0.0
1771.970,177197,2,0.1,-22841756,6893,9255,0.0,0.0
1771.980,177198,2,0.1,-1722672,6893,9255,0.0,0.0
1771.990,177199,2,0.1,46765460,6893,9255,0.0,0.0
1772.000,177200,2,0.1,7836931,6893,9255,0.0,0.0
1772.010,177201,2,0.1,-3456068,6893,9255,0.0,0.0
1772.020,177202,2,0.1,-8249691,6893,9255,0.0,0.0
1772.030,177203,2,0.1,4035696,6893,9255,0.0,0.0
1772.040,177204,2,0.1,-12447688,6893,9255,0.0,0.0
1772.050,177205,2,0.1,-7173882,6893,9255,0.0,0.0
1772.060,177206,2,0.1,8234739,6893,9255,0.0,0.0
1772.070,177207,2,0.1,19219169,6893,9255,0.0,0.0
1772.080,177208,2,0.1,-10486334,6893,9255,0.0,0.0
1772.090,177209,2,0.1,-2578305,6893,9255,0.0,0.0
1772.100,177210,2,0.1,-19114436,6893,9255,0.0,0.0
1772.110,177211,2,0.1,-1846457,6893,9255,0.0,0.0
1772.120,177212,2,0.1,-12143046,6893,9255,0.0,0.0
1772.130,177213,2,0.1,4119188,6893,9255,0.0,0.0
1772.140,177214,2,0.1,16379608,6893,9255,0.0,0.0
1772.150,177215,2,0.1,-16958056,6893,9255,0.0,0.0
1772.160,177216,2,0.1,-16977798,6893,9255,0.0,0.0
1772.170,177217,2,0.1,-5614700,6893,9255,0.0,0.0
1772.180,177218,2,0.1,1172030,6893,9255,0.0,0.0
1772.190,177219,2,0.1,10687006,6893,9255,0.0,0.0
1772.200,177220,2,0.1,11133983,6893,9255,0.0,0.0
1772.210,177221,2,0.1,-16972092,6893,9255,0.0,0.0
1772.220,177222,2,0.1,6460129,6893,9255,0.0,0.0
1772.230,177223,2,0.1,12030657,6893,9255,0.0,0.0
1772.240,177224,2,0.1,14951870,6893,9255,0.0,0.0
1772.250,177225,2,0.1,4704423,6893,9255,0.0,0.0
1772.260,177226,2,0.1,20984963,6893,9255,0.0,0.0
1772.270,177227,2,0.1,-22356091,6893,9255,0.0,0.0
1772.280,177228,2,0.1,17120031,6893,9255,0.0,0.0
1772.290,177229,2,0.1,2506304,6893,9255,0.0,0.0
1772.300,177230,2,0.1,2838639,6893,9255,0.0,0.0
1772.310,177231,2,0.1,7932849,6893,9255,0.0,0.0
1772.320,177232,2,0.1,-11561979,6893,9255,0.0,0.0
1772.330,177233,2,0.1,-24884184,6893,9255,0.0,0.0
1772.340,177234,2,0.1,16624019,6893,9255,0.0,0.0
1772.350,177235,2,0.1,-20286447,6893,9255,0.0,0.0
1772.360,177236,2,0.1,5093588,6893,9255,0.0,0.0
1772.370,177237,2,0.1,-29616555,6893,9255,0.0,0.0
1772.380,177238,2,0.1,3393572,6893,9255,0.0,0.0
1772.390,177239,2,0.1,6537801,6893,9255,0.0,0.0
1772.400,177240,2,0.1,-15204432,6893,9255,0.0,0.0
1772.410,177241,2,0.1,-12223350,6893,9255,0.0,0.0
1772.420,177242,2,0.1,11165523,6893,9255,0.0,0.0
1772.430,177243,2,0.1,-479844,6893,9255,0.0,0.0
1772.440,177244,2,0.1,-17853976,6893,9255,0.0,0.0
1772.450,177245,2,0.1,-2358330,6893,9255,0.0,0.0
1772.460,177246,2,0.1,-3469618,6893,9255,0.0,0.0
1772.470,177247,2,0.1,-10681548,6893,9255,0.0,0.0
1772.480,177248,2,0.1,-10497787,6893,9255,0.0,0.0
1772.490,177249,2,0.1,-8883754,6893,9255,0.0,0.0
1772.500,177250,2,0.1,-3029845,6893,9255,0.0,0.0
1772.510,177251,2,0.1,11736900,6893,9255,0.0,0.0
1772.520,177252,2,0.1,-5203966,6893,9255,0.0,0.0
1772.530,177253,2,0.1,14672819,6893,9255,0.0,0.0
1772.540,177254,2,0.1,9576071,6893,9255,0.0,0.0
1772.550,177255,2,0.1,-17673461,6893,9255,0.0,0.0
1772.560,177256,2,0.1,9949441,6893,9255,0.0,0.0
1772.570,177257,2,0.1,9107245,6893,9255,0.0,0.0
1772.580,177258,2,0.1,13696759,6893,9255,0.0,0.0
1772.590,177259,2,0.1,9998634,6893,9255,0.0,0.0
1772.600,177260,2,0.1,-32495456,6893,9255,0.0,0.0
1772.610,177261,2,0.1,-1469999,6893,9255,0.0,0.0
1772.620,177262,2,0.1,-10044503,6893,9255,0.0,0.0
1772.630,177263,2,0.1,-14691223,6893,9255,0.0,0.0
1772.640,177264,2,0.1,-12241473,6893,9255,0.0,0.0
1772.650,177265,2,0.1,-7793109,6893,9255,0.0,0.0
1772.660,177266,2,0.1,-36240536,6893,9255,0.0,0.0
1772.670,177267,2,0.1,-9218651,6893,9255,0.0,0.0
1772.680,177268,2,0.1,-6020550,6893,9255,0.0,0.0
1772.690,177269,2,0.1,1154547,6893,9255,0.0,0.0
1772.700,177270,2,0.1,-8092073,6893,9255,0.0,0.0
1772.710,177271,2,0.1,-6829150,6893,9255,0.0,0.0
1772.720,177272,2,0.1,-21127684,6893,9255,0.0,0.0
1772.730,177273,2,0.1,-10359998,6893,9255,0.0,0.0
1772.740,177274,2,0.1,-15155197,6893,9255,0.0,0.0
1772.750,177275,2,0.1,-7012207,6893,9255,0.0,0.0
1772.760,177276,2,0.1,-15913151,6893,9255,0.0,0.0
1772.770,177277,2,0.1,22943189,6893,9255,0.0,0.0
1772.780,177278,2,0.1,1603662,6893,9255,0.0,0.0
1772.790,177279,2,0.1,16952543,6893,9255,0.0,0.0
1772.800,177280,2,0.1,14889282,6893,9255,0.0,0.0
1772.810,177281,2,0.1,-5517140,6893,9255,0.0,0.0
1772.820,177282,2,0.1,-12653525,6893,9255,0.0,0.0
1772.830,177283,2,0.1,-14684331,6893,9255,0.0,0.0
1772.840,177284,2,0.1,-20178655,6893,9255,0.0,0.0
1772.850,177285,2,0.1,-127740,6893,9255,0.0,0.0
1772.860,177286,2,0.1,-3893730,6893,9255,0.0,0.0
1772.870,177287,2,0.1,-19449655,6893,9255,0.0,0.0
1772.880,177288,2,0.1,-9278379,6893,9255,0.0,0.0
1772.890,177289,2,0.1,14651236,6893,9255,0.0,0.0
1772.900,177290,2,0.1,32510599,6893,9255,0.0,0.0
1772.910,177291,2,0.1,3805225,6893,9255,0.0,0.0
1772.920,177292,2,0.1,23456834,6893,9255,0.0,0.0
1772.930,177293,2,0.1,-6276396,6893,9255,0.0,0.0
1772.940,177294,2,0.1,17902918,6893,9255,0.0,0.0
1772.950,177295,2,0.1,15227597,6893,9255,0.0,0.0
1772.960,177296,2,0.1,56287,6893,9255,0.0,0.0
1772.970,177297,2,0.1,11899386,6893,9255,0.0,0.0
1772.980,177298,2,0.1,-7014212,6893,9255,0.0,0.0
1772.990,177299,2,0.1,14483329,6893,9255,0.0,0.0
1773.000,177300,2,0.1,-6001711,6893,9255,0.0,0.0
1773.010,177301,2,0.1,10910874,6893,9255,0.0,0.0
1773.020,177302,2,0.1,48442426,6893,9255,0.0,0.0
1773.030,177303,2,0.1,-9103598,6893,9255,0.0,0.0
1773.040,177304,2,0.1,-3299250,6893,9255,0.0,0.0
1773.050,177305,2,0.1,19050420,6893,9255,0.0,0.0
1773.060,177306,2,0.1,-29761695,6893,9255,0.0,0.0
1773.070,177307,2,0.1,-9183598,6893,9255,0.0,0.0
1773.080,177308,2,0.1,10440225,6893,9255,0.0,0.0
1773.090,177309,2,0.1,-5344415,6893,9255,0.0,0.0
1773.100,177310,2,0.1,-2729444,6893,9255,0.0,0.0
1773.110,177311,2,0.1,-11827088,6893,9255,0.0,0.0
1773.120,177312,2,0.1,6224524,6893,9255,0.0,0.0
1773.130,177313,2,0.1,20188845,6893,9255,0.0,0.0
1773.140,177314,2,0.1,-453484,6893,9255,0.0,0.0
1773.150,177315,2,0.1,-46923929,6893,9255,0.0,0.0
1773.160,177316,2,0.1,-10676055,6893,9255,0.0,0.0
1773.170,177317,2,0.1,-3931828,6893,9255,0.0,0.0
1773.180,177318,2,0.1,9515633,6893,9255,0.0,0.0
1773.190,177319,2,0.1,-8615540,6893,9255,0.0,0.0
1773.200,177320,2,0.1,7242486,6893,9255,0.0,0.0
1773.210,177321,2,0.1,-506052,6893,9255,0.0,0.0
1773.220,177322,2,0.1,19803718,6893,9255,0.0,0.0
1773.230,177323,2,0.1,6570833,6893,9255,0.0,0.0
1773.240,177324,2,0.1,2983363,6893,9255,0.0,0.0
1773.250,177325,2,0.1,-11737641,6893,9255,0.0,0.0
1773.260,177326,2,0.1,-11065778,6893,9255,0.0,0.0
1773.270,177327,2,0.1,15818564,6893,9255,0.0,0.0
1773.280,177328,2,0.1,-14518417,6893,9255,0.0,0.0
1773.290,177329,2,0.1,-7758726,6893,9255,0.0,0.0
1773.300,177330,2,0.1,15535933,6893,9255,0.0,0.0
1773.310,177331,2,0.1,-26155214,6893,9255,0.0,0.0
1773.320,177332,2,0.1,-20737693,6893,9255,0.0,0.0
1773.330,177333,2,0.1,-20311125,6893,9255,0.0,0.0
1773.340,177334,2,0.1,-4245214,6893,9255,0.0,0.0
1773.350,177335,2,0.1,-22320301,6893,9255,0.0,0.0
1773.360,177336,2,0.1,-11698800,6893,9255,0.0,0.0
1773.370,177337,2,0.1,-23000837,6893,9255,0.0,0.0
1773.380,177338,2,0.1,-3365001,6893,9255,0.0,0.0
1773.390,177339,2,0.1,9851729,6893,9255,0.0,0.0
1773.400,177340,2,0.1,-2575070,6893,9255,0.0,0.0
1773.410,177341,2,0.1,17264696,6893,9255,0.0,0.0
1773.420,177342,2,0.1,-20089058,6893,9255,0.0,0.0
1773.430,177343,2,0.1,-35682788,6893,9255,0.0,0.0
1773.440,177344,2,0.1,13233439,6893,9255,0.0,0.0
1773.450,177345,2,0.1,-25569553,6893,9255,0.0,0.0
1773.460,177346,2,0.1,-16575897,6893,9255,0.0,0.0
1773.470,177347,2,0.1,-16640408,6893,9255,0.0,0.0
1773.480,177348,2,0.1,20449165,6893,9255,0.0,0.0
1773.490,177349,2,0.1,11210709,6893,9255,0.0,0.0
1773.500,177350,2,0.1,-18637747,6893,9255,0.0,0.0
1773.510,177351,2,0.1,8947534,6893,9255,0.0,0.0
1773.520,177352,2,0.1,-17470039,6893,9255,0.0,0.0
1773.530,177353,2,0.1,6455005,6893,9255,0.0,0.0
1773.540,177354,2,0.1,-3143335,6893,9255,0.0,0.0
1773.550,177355,2,0.1,8966431,6893,9255,0.0,0.0
1773.560,177356,2,0.1,-12689749,6893,9255,0.0,0.0
1773.570,177357,2,0.1,1172140,6893,9255,0.0,0.0
1773.580,177358,2,0.1,388424,6893,9255,0.0,0.0
1773.590,177359,2,0.1,-9825439,6893,9255,0.0,0.0
1773.600,177360,2,0.1,-18702478,6893,9255,0.0,0.0
1773.610,177361,2,0.1,4308016,6893,9255,0.0,0.0
1773.620,177362,2,0.1,1417595,6893,9255,0.0,0.0
1773.630,177363,2,0.1,-20415462,6893,9255,0.0,0.0
1773.640,177364,2,0.1,-22487655,6893,9255,0.0,0.0
1773.650,177365,2,0.1,-9814208,6893,9255,0.0,0.0
1773.660,177366,2,0.1,-15648578,6893,9255,0.0,0.0
1773.670,177367,2,0.1,9611792,6893,9255,0.0,0.0
1773.680,177368,2,0.1,-3401405,6893,9255,0.0,0.0
1773.690,177369,2,0.1,7933961,6893,9255,0.0,0.0
1773.700,177370,2,0.1,-4154662,6893,9255,0.0,0.0
1773.710,177371,2,0.1,-5561291,6893,9255,0.0,0.0
1773.720,177372,2,0.1,20789433,6893,9255,0.0,0.0
1773.730,177373,2,0.1,-29004598,6893,9255,0.0,0.0
1773.740,177374,2,0.1,3554200,6893,9255,0.0,0.0
1773.750,177375,2,0.1,-7775707,6893,9255,0.0,0.0
1773.760,177376,2,0.1,24963463,6893,9255,0.0,0.0
1773.770,177377,2,0.1,20415561,6893,9255,0.0,0.0
1773.780,177378,2,0.1,2705652,6893,9255,0.0,0.0
1773.790,177379,2,0.1,-888236,6893,9255,0.0,0.0
1773.800,177380,2,0.1,-24910518,6893,9255,0.0,0.0
1773.810,177381,2,0.1,-1943982,6893,9255,0.0,0.0
1773.820,177382,2,0.1,-21974811,6893,9255,0.0,0.0
1773.830,177383,2,0.1,-36278082,6893,9255,0.0,0.0
1773.840,177384,2,0.1,-5306867,6893,9255,0.0,0.0
1773.850,177385,2,0.1,-14003568,6893,9255,0.0,0.0
1773.860,177386,2,0.1,-20409269,6893,9255,0.0,0.0
1773.870,177387,2,0.1,-3372875,6893,9255,0.0,0.0
1773.880,177388,2,0.1,-11273795,6893,9255,0.0,0.0
1773.890,177389,2,0.1,-1041700,6893,9255,0.0,0.0
1773.900,177390,2,0.1,2495532,6893,9255,0.0,0.0
1773.910,177391,2,0.1,-9651708,6893,9255,0.0,0.0
1773.920,177392,2,0.1,-5749918,6893,9255,0.0,0.0
1773.930,177393,2,0.1,-7393126,6893,9255,0.0,0.0
1773.940,177394,2,0.1,14641508,6893,9255,0.0,0.0
1773.950,177395,2,0.1,-4456047,6893,9255,0.0,0.0
1773.960,177396,2,0.1,-4345336,6893,9255,0.0,0.0
1773.970,177397,2,0.1,10044877,6893,9255,0.0,0.0
1773.980,177398,2,0.1,-26452636,6893,9255,0.0,0.0
1773.990,177399,2,0.1,-28104228,6893,9255,0.0,0.0
1774.000,177400,2,0.1,-18714119,6893,9255,0.0,0.0
1774.010,177401,2,0.1,-38115872,6893,9255,0.0,0.0
1774.020,177402,2,0.1,8213026,6893,9255,0.0,0.0
1774.030,177403,2,0.1,8997171,6893,9255,0.0,0.0
1774.040,177404,2,0.1,-11558998,6893,9255,0.0,0.0
1774.050,177405,2,0.1,-1797094,6893,9255,0.0,0.0
1774.060,177406,2,0.1,47405,6893,9255,0.0,0.0
1774.070,177407,2,0.1,-7155224,6893,9255,0.0,0.0
1774.080,177408,2,0.1,17589346,6893,9255,0.0,0.0
1774.090,177409,2,0.1,13028662,6893,9255,0.0,0.0
1774.100,177410,2,0.1,10788133,6893,9255,0.0,0.0
1774.110,177411,2,0.1,-14561330,6893,9255,0.0,0.0
1774.120,177412,2,0.1,-8873468,6893,9255,0.0,0.0
1774.130,177413,2,0.1,-21483829,6893,9255,0.0,0.0
1774.140,177414,2,0.1,2905115,6893,9255,0.0,0.0
1774.150,177415,2,0.1,6878098,6893,9255,0.0,0.0
1774.160,177416,2,0.1,664804,6893,9255,0.0,0.0
1774.170,177417,2,0.1,-3812423,6893,9255,0.0,0.0
1774.180,177418,2,0.1,5495719,6893,9255,0.0,0.0
1774.190,177419,2,0.1,11468239,6893,9255,0.0,0.0
1774.200,177420,2,0.1,-8536130,6893,9255,0.0,0.0
1774.210,177421,2,0.1,11242342,6893,9255,0.0,0.0
1774.220,177422,2,0.1,-1461443,6893,9255,0.0,0.0
1774.230,177423,2,0.1,-7133039,6893,9255,0.0,0.0
1774.240,177424,2,0.1,-16386518,6893,9255,0.0,0.0
1774.250,177425,2,0.1,4534989,6893,9255,0.0,0.0
1774.260,177426,2,0.1,8704806,6893,9255,0.0,0.0
1774.270,177427,2,0.1,-7338941,6893,9255,0.0,0.0
1774.280,177428,2,0.1,21662550,6893,9255,0.0,0.0
1774.290,177429,2,0.1,-25551491,6893,9255,0.0,0.0
1774.300,177430,2,0.1,-18403257,6893,9255,0.0,0.0
1774.310,177431,2,0.1,-10618217,6893,9255,0.0,0.0
1774.320,177432,2,0.1,-742264,6893,9255,0.0,0.0
1774.330,177433,2,0.1,18255720,6893,9255,0.0,0.0
1774.340,177434,2,0.1,23254605,6893,9255,0.0,0.0
1774.350,177435,2,0.1,-36123635,6893,9255,0.0,0.0
1774.360,177436,2,0.1,-557169,6893,9255,0.0,0.0
1774.370,177437,2,0.1,6482491,6893,9255,0.0,0.0
1774.380,177438,2,0.1,-11687010,6893,9255,0.0,0.0
1774.390,177439,2,0.1,-12528337,6893,9255,0.0,0.0
1774.400,177440,2,0.1,-21909010,6893,9255,0.0,0.0
1774.410,177441,2,0.1,-12412733,6893,9255,0.0,0.0
1774.420,177442,2,0.1,-18544671,6893,9255,0.0,0.0
1774.430,177443,2,0.1,-32933735,6893,9255,0.0,0.0
1774.440,177444,2,0.1,-7507330,6893,9255,0.0,0.0
1774.450,177445,2,0.1,-4155238,6893,9255,0.0,0.0
1774.460,177446,2,0.1,-2947111,6893,9255,0.0,0.0
1774.470,177447,2,0.1,-8253067,6893,9255,0.0,0.0
1774.480,177448,2,0.1,9618818,6893,9255,0.0,0.0
1774.490,177449,2,0.1,5122127,6893,9255,0.0,0.0
1774.500,177450,2,0.1,-18281650,6893,9255,0.0,0.0
1774.510,177451,2,0.1,8812716,6893,9255,0.0,0.0
1774.520,177452,2,0.1,-1114197,6893,9255,0.0,0.0
1774.530,177453,2,0.1,25895516,6893,9255,0.0,0.0
1774.540,177454,2,0.1,-26117746,6893,9255,0.0,0.0
1774.550,177455,2,0.1,-12746571,6893,9255,0.0,0.0
1774.560,177456,2,0.1,-752475,6893,9255,0.0,0.0
1774.570,177457,2,0.1,19569695,6893,9255,0.0,0.0
1774.580,177458,2,0.1,22703104,6893,9255,0.0,0.0
1774.590,177459,2,0.1,5693641,6893,9255,0.0,0.0
1774.600,177460,2,0.1,-1433712,6893,9255,0.0,0.0
1774.610,177461,2,0.1,5561237,6893,9255,0.0,0.0
1774.620,177462,2,0.1,-12700075,6893,9255,0.0,0.0
1774.630,177463,2,0.1,-12550586,6893,9255,0.0,0.0
1774.640,177464,2,0.1,-2196239,6893,9255,0.0,0.0
1774.650,177465,2,0.1,-20416854,6893,9255,0.0,0.0
1774.660,177466,2,0.1,19977353,6893,9255,0.0,0.0
1774.670,177467,2,0.1,6745470,6893,9255,0.0,0.0
1774.680,177468,2,0.1,-1865336,6893,9255,0.0,0.0
1774.690,177469,2,0.1,-12089381,6893,9255,0.0,0.0
1774.700,177470,2,0.1,9347447,6893,9255,0.0,0.0
1774.710,177471,2,0.1,-5838289,6893,9255,0.0,0.0
1774.720,177472,2,0.1,-20881651,6893,9255,0.0,0.0
1774.730,177473,2,0.1,-6599939,6893,9255,0.0,0.0
1774.740,177474,2,0.1,-17253511,6893,9255,0.0,0.0
1774.750,177475,2,0.1,14072720,6893,9255,0.0,0.0
1774.760,177476,2,0.1,-1896080,6893,9255,0.0,0.0
1774.770,177477,2,0.1,660274,6893,9255,0.0,0.0
1774.780,177478,2,0.1,-22952814,6893,9255,0.0,0.0
1774.790,177479,2,0.1,-17271545,6893,9255,0.0,0.0
1774.800,177480,2,0.1,1715233,6893,9255,0.0,0.0
1774.810,177481,2,0.1,2565361,6893,9255,0.0,0.0
1774.820,177482,2,0.1,-5906525,6893,9255,0.0,0.0
1774.830,177483,2,0.1,-29562650,6893,9255,0.0,0.0
1774.840,177484,2,0.1,8118340,6893,9255,0.0,0.0
1774.850,177485,2,0.1,13471415,6893,9255,0.0,0.0
1774.860,177486,2,0.1,-22547417,6893,9255,0.0,0.0
1774.870,177487,2,0.1,19393260,6893,9255,0.0,0.0
1774.880,177488,2,0.1,11140137,6893,9255,0.0,0.0
1774.890,177489,2,0.1,-38007271,6893,9255,0.0,0.0
1774.900,177490,2,0.1,2252179,6893,9255,0.0,0.0
1774.910,177491,2,0.1,1044219,6893,9255,0.0,0.0
1774.920,177492,2,0.1,2861007,6893,9255,0.0,0.0
1774.930,177493,2,0.1,-9883138,6893,9255,0.0,0.0
1774.940,177494,2,0.1,10721263,6893,9255,0.0,0.0
1774.950,177495,2,0.1,-32374592,6893,9255,0.0,0.0
1774.960,177496,2,0.1,1540613,6893,9255,0.0,0.0
1774.970,177497,2,0.1,47452829,6893,9255,0.0,0.0
1774.980,177498,2,0.1,-28012535,6893,9255,0.0,0.0
1774.990,177499,2,0.1,-8133771,6893,9255,0.0,0.0
1775.000,177500,2,0.1,13509520,6893,9255,0.0,0.0
1775.010,177501,2,0.1,-10276105,6893,9255,0.0,0.0
1775.020,177502,2,0.1,38963146,6893,9255,0.0,0.0
1775.030,177503,2,0.1,-10486996,6893,9255,0.0,0.0
1775.040,177504,2,0.1,8858013,6893,9255,0.0,0.0
1775.050,177505,2,0.1,-16579977,6893,9255,0.0,0.0
1775.060,177506,2,0.1,-18684717,6893,9255,0.0,0.0
1775.070,177507,2,0.1,4500195,6893,9255,0.0,0.0
1775.080,177508,2,0.1,1689945,6893,9255,0.0,0.0
1775.090,177509,2,0.1,8031605,6893,9255,0.0,0.0
1775.100,177510,2,0.1,9454469,6893,9255,0.0,0.0
1775.110,177511,2,0.1,-5457995,6893,9255,0.0,0.0
1775.120,177512,2,0.1,-6711930,6893,9255,0.0,0.0
1775.130,177513,2,0.1,-13262858,6893,9255,0.0,0.0
1775.140,177514,2,0.1,-20249157,6893,9255,0.0,0.0
1775.150,177515,2,0.1,-11458791,6893,9255,0.0,0.0
1775.160,177516,2,0.1,4453339,6893,9255,0.0,0.0
1775.170,177517,2,0.1,8209602,6893,9255,0.0,0.0
1775.180,177518,2,0.1,12297699,6893,9255,0.0,0.0
1775.190,177519,2,0.1,-18392100,6893,9255,0.0,0.0
1775.200,177520,2,0.1,-7761695,6893,9255,0.0,0.0
1775.210,177521,2,0.1,-30947533,6893,9255,0.0,0.0
1775.220,177522,2,0.1,-12658012,6893,9255,0.0,0.0
1775.230,177523,2,0.1,-42253286,6893,9255,0.0,0.0
1775.240,177524,2,0.1,7060090,6893,9255,0.0,0.0
1775.250,177525,2,0.1,-17688273,6893,9255,0.0,0.0
1775.260,177526,2,0.1,18642710,6893,9255,0.0,0.0
1775.270,177527,2,0.1,22485485,6893,9255,0.0,0.0
1775.280,177528,2,0.1,5401010,6893,9255,0.0,0.0
1775.290,177529,2,0.1,2267076,6893,9255,0.0,0.0
1775.300,177530,2,0.1,10702987,6893,9255,0.0,0.0
1775.310,177531,2,0.1,11589455,6893,9255,0.0,0.0
1775.320,177532,2,0.1,8539993,6893,9255,0.0,0.0
1775.330,177533,2,0.1,4654126,6893,9255,0.0,0.0
1775.340,177534,2,0.1,-20117904,6893,9255,0.0,0.0
1775.350,177535,2,0.1,-1140199,6893,9255,0.0,0.0
1775.360,177536,2,0.1,-9009686,6893,9255,0.0,0.0
1775.370,177537,2,0.1,-14742366,6893,9255,0.0,0.0
1775.380,177538,2,0.1,12618174,6893,9255,0.0,0.0
1775.390,177539,2,0.1,15123946,6893,9255,0.0,0.0
1775.400,177540,2,0.1,1455929,6893,9255,0.0,0.0
1775.410,177541,2,0.1,-1858586,6893,9255,0.0,0.0
1775.420,177542,2,0.1,4540941,6893,9255,0.0,0.0
1775.430,177543,2,0.1,-12097239,6893,9255,0.0,0.0
1775.440,177544,2,0.1,11629863,6893,9255,0.0,0.0
1775.450,177545,2,0.1,3307749,6893,9255,0.0,0.0
1775.460,177546,2,0.1,2957946,6893,9255,0.0,0.0
1775.470,177547,2,0.1,-10490829,6893,9255,0.0,0.0
1775.480,177548,2,0.1,-24562852,6893,9255,0.0,0.0
1775.490,177549,2,0.1,30381241,6893,9255,0.0,0.0
1775.500,177550,2,0.1,-3140479,6893,9255,0.0,0.0
1775.510,177551,2,0.1,3091951,6893,9255,0.0,0.0
1775.520,177552,2,0.1,11089530,6893,9255,0.0,0.0
1775.530,177553,2,0.1,-11219972,6893,9255,0.0,0.0
1775.540,177554,2,0.1,-13251550,6893,9255,0.0,0.0
1775.550,177555,2,0.1,264371,6893,9255,0.0,0.0
1775.560,177556,2,0.1,-912305,6893,9255,0.0,0.0
1775.570,177557,2,0.1,-21812903,6893,9255,0.0,0.0
1775.580,177558,2,0.1,-13331070,6893,9255,0.0,0.0
1775.590,177559,2,0.1,-18949451,6893,9255,0.0,0.0
1775.600,177560,2,0.1,25219837,6893,9255,0.0,0.0
1775.610,177561,2,0.1,12319108,6893,9255,0.0,0.0
1775.620,177562,2,0.1,-14628788,6893,9255,0.0,0.0
1775.630,177563,2,0.1,-40198075,6893,9255,0.0,0.0
1775.640,177564,2,0.1,-10783821,6893,9255,0.0,0.0
1775.650,177565,2,0.1,36695304,6893,9255,0.0,0.0
1775.660,177566,2,0.1,-14069137,6893,9255,0.0,0.0
1775.670,177567,2,0.1,10900440,6893,9255,0.0,0.0
1775.680,177568,2,0.1,-10120386,6893,9255,0.0,0.0
1775.690,177569,2,0.1,14365297,6893,9255,0.0,0.0
1775.700,177570,2,0.1,11913938,6893,9255,0.0,0.0
1775.710,177571,2,0.1,-3875230,6893,9255,0.0,0.0
1775.720,177572,2,0.1,-17720468,6893,9255,0.0,0.0
1775.730,177573,2,0.1,-12164096,6893,9255,0.0,0.0
1775.740,177574,2,0.1,58749,6893,9255,0.0,0.0
1775.750,177575,2,0.1,-14084253,6893,9255,0.0,0.0
1775.760,177576,2,0.1,31251826,6893,9255,0.0,0.0
1775.770,177577,2,0.1,18814032,6893,9255,0.0,0.0
1775.780,177578,2,0.1,-28038965,6893,9255,0.0,0.0
1775.790,177579,2,0.1,17319717,6893,9255,0.0,0.0
1775.800,177580,2,0.1,-12956051,6893,9255,0.0,0.0
1775.810,177581,2,0.1,-4952403,6893,9255,0.0,0.0
1775.820,177582,2,0.1,-9097643,6893,9255,0.0,0.0
1775.830,177583,2,0.1,11387261,6893,9255,0.0,0.0
1775.840,177584,2,0.1,4701876,6893,9255,0.0,0.0
1775.850,177585,2,0.1,14818851,6893,9255,0.0,0.0
1775.860,177586,2,0.1,-7442947,6893,9255,0.0,0.0
1775.870,177587,2,0.1,-38503110,6893,9255,0.0,0.0
1775.880,177588,2,0.1,18860228,6893,9255,0.0,0.0
1775.890,177589,2,0.1,-10273456,6893,9255,0.0,0.0
1775.900,177590,2,0.1,-13919576,6893,9255,0.0,0.0
1775.910,177591,2,0.1,16425428,6893,9255,0.0,0.0
1775.920,177592,2,0.1,-20118524,6893,9255,0.0,0.0
1775.930,177593,2,0.1,-24184702,6893,9255,0.0,0.0
1775.940,177594,2,0.1,9932149,6893,9255,0.0,0.0
1775.950,177595,2,0.1,-23140535,6893,9255,0.0,0.0
1775.960,177596,2,0.1,13863268,6893,9255,0.0,0.0
1775.970,177597,2,0.1,-6694207,6893,9255,0.0,0.0
1775.980,177598,2,0.1,15089729,6893,9255,0.0,0.0
1775.990,177599,2,0.1,3519308,6893,9255,0.0,0.0
1776.000,177600,2,0.1,-24575457,6893,9255,0.0,0.0
1776.010,177601,2,0.1,6060241,6893,9255,0.0,0.0
1776.020,177602,2,0.1,-12761762,6893,9255,0.0,0.0
1776.030,177603,2,0.1,16598011,6893,9255,0.0,0.0
1776.040,177604,2,0.1,-3822038,6893,9255,0.0,0.0
1776.050,177605,2,0.1,-12934569,6893,9255,0.0,0.0
1776.060,177606,2,0.1,15983298,6893,9255,0.0,0.0
1776.070,177607,2,0.1,9348320,6893,9255,0.0,0.0
1776.080,177608,2,0.1,-13254960,6893,9255,0.0,0.0
1776.090,177609,2,0.1,-8084087,6893,9255,0.0,0.0
1776.100,177610,2,0.1,3050399,6893,9255,0.0,0.0
1776.110,177611,2,0.1,14287293,6893,9255,0.0,0.0
1776.120,177612,2,0.1,-7948738,6893,9255,0.0,0.0
1776.130,177613,2,0.1,-645073,6893,9255,0.0,0.0
1776.140,177614,2,0.1,7419546,6893,9255,0.0,0.0
1776.150,177615,2,0.1,-6814669,6893,9255,0.0,0.0
1776.160,177616,2,0.1,12286610,6893,9255,0.0,0.0
1776.170,177617,2,0.1,2259093,6893,9255,0.0,0.0
1776.180,177618,2,0.1,-26672222,6893,9255,0.0,0.0
1776.190,177619,2,0.1,25810938,6893,9255,0.0,0.0
1776.200,177620,2,0.1,28731773,6893,9255,0.0,0.0
1776.210,177621,2,0.1,-13464520,6893,9255,0.0,0.0
1776.220,177622,2,0.1,10823501,6893,9255,0.0,0.0
1776.230,177623,2,0.1,11390394,6893,9255,0.0,0.0
1776.240,177624,2,0.1,2722673,6893,9255,0.0,0.0
1776.250,177625,2,0.1,-11168304,6893,9255,0.0,0.0
1776.260,177626,2,0.1,-16310097,6893,9255,0.0,0.0
1776.270,177627,2,0.1,21724386,6893,9255,0.0,0.0
1776.280,177628,2,0.1,8631706,6893,9255,0.0,0.0
1776.290,177629,2,0.1,-15851909,6893,9255,0.0,0.0
1776.300,177630,2,0.1,-11436162,6893,9255,0.0,0.0
1776.310,177631,2,0.1,-6452585,6893,9255,0.0,0.0
1776.320,177632,2,0.1,-12432602,6893,9255,0.0,0.0
1776.330,177633,2,0.1,-7674739,6893,9255,0.0,0.0
1776.340,177634,2,0.1,28750366,6893,9255,0.0,0.0
1776.350,177635,2,0.1,9347810,6893,9255,0.0,0.0
1776.360,177636,2,0.1,22220512,6893,9255,0.0,0.0
1776.370,177637,2,0.1,-10266021,6893,9255,0.0,0.0
1776.380,177638,2,0.1,-288320,6893,9255,0.0,0.0
1776.390,177639,2,0.1,12028768,6893,9255,0.0,0.0
1776.400,177640,2,0.1,-7350969,6893,9255,0.0,0.0
1776.410,177641,2,0.1,6121993,6893,9255,0.0,0.0
1776.420,177642,2,0.1,-5788737,6893,9255,0.0,0.0
1776.430,177643,2,0.1,-15386982,6893,9255,0.0,0.0
1776.440,177644,2,0.1,7373257,6893,9255,0.0,0.0
1776.450,177645,2,0.1,-53342,6893,9255,0.0,0.0
1776.460,177646,2,0.1,29983982,6893,9255,0.0,0.0
1776.470,177647,2,0.1,16812707,6893,9255,0.0,0.0
1776.480,177648,2,0.1,-52907753,6893,9255,0.0,0.0
1776.490,177649,2,0.1,-3279818,6893,9255,0.0,0.0
1776.500,177650,2,0.1,796278,6893,9255,0.0,0.0
1776.510,177651,2,0.1,23635941,6893,9255,0.0,0.0
1776.520,177652,2,0.1,10637401,6893,9255,0.0,0.0
1776.530,177653,2,0.1,34167209,6893,9255,0.0,0.0
1776.540,177654,2,0.1,-12904554,6893,9255,0.0,0.0
1776.550,177655,2,0.1,7516374,6893,9255,0.0,0.0
1776.560,177656,2,0.1,10788385,6893,9255,0.0,0.0
1776.570,177657,2,0.1,-15613097,6893,9255,0.0,0.0
1776.580,177658,2,0.1,19066841,6893,9255,0.0,0.0
1776.590,177659,2,0.1,10786159,6893,9255,0.0,0.0
1776.600,177660,2,0.1,8669360,6893,9255,0.0,0.0
1776.610,177661,2,0.1,-31251679,6893,9255,0.0,0.0
1776.620,177662,2,0.1,-11566525,6893,9255,0.0,0.0
1776.630,177663,2,0.1,1530864,6893,9255,0.0,0.0
1776.640,177664,2,0.1,-14352939,6893,9255,0.0,0.0
1776.650,177665,2,0.1,-9550831,6893,9255,0.0,0.0
1776.660,177666,2,0.1,-26251908,6893,9255,0.0,0.0
1776.670,177667,2,0.1,-27420012,6893,9255,0.0,0.0
1776.680,177668,2,0.1,-12867388,6893,9255,0.0,0.0
1776.690,177669,2,0.1,-5641646,6893,9255,0.0,0.0
1776.700,177670,2,0.1,-35040594,6893,9255,0.0,0.0
1776.710,177671,2,0.1,20183471,6893,9255,0.0,0.0
1776.720,177672,2,0.1,6007238,6893,9255,0.0,0.0
1776.730,177673,2,0.1,-17539439,6893,9255,0.0,0.0
1776.740,177674,2,0.1,20386257,6893,9255,0.0,0.0
1776.750,177675,2,0.1,-5738706,6893,9255,0.0,0.0
1776.760,177676,2,0.1,3449503,6893,9255,0.0,0.0
1776.770,177677,2,0.1,-10829272,6893,9255,0.0,0.0
1776.780,177678,2,0.1,6224698,6893,9255,0.0,0.0
1776.790,177679,2,0.1,-2464012,6893,9255,0.0,0.0
1776.800,177680,2,0.1,-36923788,6893,9255,0.0,0.0
1776.810,177681,2,0.1,4065566,6893,9255,0.0,0.0
1776.820,177682,2,0.1,-10520097,6893,9255,0.0,0.0
1776.830,177683,2,0.1,-13747353,6893,9255,0.0,0.0
1776.840,177684,2,0.1,5588220,6893,9255,0.0,0.0
1776.850,177685,2,0.1,-5098719,6893,9255,0.0,0.0
1776.860,177686,2,0.1,41278380,6893,9255,0.0,0.0
1776.870,177687,2,0.1,-17645353,6893,9255,0.0,0.0
1776.880,177688,2,0.1,-13878320,6893,9255,0.0,0.0
1776.890,177689,2,0.1,12791402,6893,9255,0.0,0.0
1776.900,177690,2,0.1,12900772,6893,9255,0.0,0.0
1776.910,177691,2,0.1,-8826625,6893,9255,0.0,0.0
1776.920,177692,2,0.1,8291551,6893,9255,0.0,0.0
1776.930,177693,2,0.1,3331241,6893,9255,0.0,0.0
1776.940,177694,2,0.1,4984230,6893,9255,0.0,0.0
1776.950,177695,2,0.1,-35579257,6893,9255,0.0,0.0
1776.960,177696,2,0.1,7492021,6893,9255,0.0,0.0
1776.970,177697,2,0.1,-7195531,6893,9255,0.0,0.0
1776.980,177698,2,0.1,33775990,6893,9255,0.0,0.0
1776.990,177699,2,0.1,-13853245,6893,9255,0.0,0.0
1777.000,177700,2,0.1,-13289373,6893,9255,0.0,0.0
1777.010,177701,2,0.1,9797261,6893,9255,0.0,0.0
1777.020,177702,2,0.1,-9835776,6893,9255,0.0,0.0
1777.030,177703,2,0.1,-30095075,6893,9255,0.0,0.0
1777.040,177704,2,0.1,-5328093,6893,9255,0.0,0.0
1777.050,177705,2,0.1,-3012912,6893,9255,0.0,0.0
1777.060,177706,2,0.1,-118396,6893,9255,0.0,0.0
1777.070,177707,2,0.1,5959776,6893,9255,0.0,0.0
1777.080,177708,2,0.1,-15553858,6893,9255,0.0,0.0
1777.090,177709,2,0.1,-3753676,6893,9255,0.0,0.0
1777.100,177710,2,0.1,-14598280,6893,9255,0.0,0.0
1777.110,177711,2,0.1,-6642413,6893,9255,0.0,0.0
1777.120,177712,2,0.1,-7710662,6893,9255,0.0,0.0
1777.130,177713,2,0.1,-12095765,6893,9255,0.0,0.0
1777.140,177714,2,0.1,-13338492,6893,9255,0.0,0.0
1777.150,177715,2,0.1,1074328,6893,9255,0.0,0.0
1777.160,177716,2,0.1,22220507,6893,9255,0.0,0.0
1777.170,177717,2,0.1,-3649030,6893,9255,0.0,0.0
1777.180,177718,2,0.1,-16407291,6893,9255,0.0,0.0
1777.190,177719,2,0.1,-4438744,6893,9255,0.0,0.0
1777.200,177720,2,0.1,2642844,6893,9255,0.0,0.0
1777.210,177721,2,0.1,-10750847,6893,9255,0.0,0.0
1777.220,177722,2,0.1,-21665602,6893,9255,0.0,0.0
1777.230,177723,2,0.1,-70303,6893,9255,0.0,0.0
1777.240,177724,2,0.1,20473674,6893,9255,0.0,0.0
1777.250,177725,2,0.1,31836187,6893,9255,0.0,0.0
1777.260,177726,2,0.1,22656822,6893,9255,0.0,0.0
1777.270,177727,2,0.1,12656289,6893,9255,0.0,0.0
1777.280,177728,2,0.1,-16651386,6893,9255,0.0,0.0
1777.290,177729,2,0.1,-4351141,6893,9255,0.0,0.0
1777.300,177730,2,0.1,13391167,6893,9255,0.0,0.0
1777.310,177731,2,0.1,-11387043,6893,9255,0.0,0.0
1777.320,177732,2,0.1,9566020,6893,9255,0.0,0.0
1777.330,177733,2,0.1,13488863,6893,9255,0.0,0.0
1777.340,177734,2,0.1,-30044235,6893,9255,0.0,0.0
1777.350,177735,2,0.1,-13700798,6893,9255,0.0,0.0
1777.360,177736,2,0.1,711874,6893,9255,0.0,0.0
1777.370,177737,2,0.1,-9513286,6893,9255,0.0,0.0
1777.380,177738,2,0.1,-11709421,6893,9255,0.0,0.0
1777.390,177739,2,0.1,10000811,6893,9255,0.0,0.0
1777.400,177740,2,0.1,8644665,6893,9255,0.0,0.0
1777.410,177741,2,0.1,-423624,6893,9255,0.0,0.0
1777.420,177742,2,0.1,-2991212,6893,9255,0.0,0.0
1777.430,177743,2,0.1,-26222156,6893,9255,0.0,0.0
1777.440,177744,2,0.1,20644574,6893,9255,0.0,0.0
1777.450,177745,2,0.1,-8992213,6893,9255,0.0,0.0
1777.460,177746,2,0.0,9725062,6893,9255,0.0,0.0
1777.470,177747,2,0.0,6669704,6893,9255,0.0,0.0
1777.480,177748,2,0.0,-4033307,6893,9255,0.0,0.0
1777.490,177749,2,0.0,11488810,6893,9255,0.0,0.0
1777.500,177750,2,0.0,-10240973,6893,9255,0.0,0.0
1777.510,177751,2,0.0,-12243054,6893,9255,0.0,0.0
1777.520,177752,2,0.0,-28266603,6893,9255,0.0,0.0
1777.530,177753,2,0.0,-11444609,6893,9255,0.0,0.0
1777.540,177754,2,0.0,-12367393,6893,9255,0.0,0.0
1777.550,177755,2,0.0,15198434,6893,9255,0.0,0.0
1777.560,177756,2,0.0,4368525,6893,9255,0.0,0.0
1777.570,177757,2,0.0,-21582386,6893,9255,0.0,0.0
1777.580,177758,2,0.0,12786778,6893,9255,0.0,0.0
1777.590,177759,2,0.0,-10307957,6893,9255,0.0,0.0
1777.600,177760,2,0.0,-3389717,6893,9255,0.0,0.0
1777.610,177761,2,0.0,9367880,6893,9255,0.0,0.0
1777.620,177762,2,0.0,18302201,6893,9255,0.0,0.0
1777.630,177763,2,0.0,-3791189,6893,9255,0.0,0.0
1777.640,177764,2,0.0,679278,6893,9255,0.0,0.0
1777.650,177765,2,0.0,-17459071,6893,9255,0.0,0.0
1777.660,177766,2,0.0,17925465,6893,9255,0.0,0.0
1777.670,177767,2,0.0,8846820,6893,9255,0.0,0.0
1777.680,177768,2,0.0,-21153411,6893,9255,0.0,0.0
1777.690,177769,2,0.0,7693351,6893,9255,0.0,0.0
1777.700,177770,2,0.0,-2765385,6893,9255,0.0,0.0
1777.710,177771,2,0.0,-8404636,6893,9255,0.0,0.0
1777.720,177772,2,0.0,-14975846,6893,9255,0.0,0.0
1777.730,177773,2,0.0,14857097,6893,9255,0.0,0.0
1777.740,177774,2,0.0,-19488617,6893,9255,0.0,0.0
1777.750,177775,2,0.0,22474011,6893,9255,0.0,0.0
1777.760,177776,2,0.0,16772218,6893,9255,0.0,0.0
1777.770,177777,2,0.0,-12069313,6893,9255,0.0,0.0
1777.780,177778,2,0.0,13956590,6893,9255,0.0,0.0
1777.790,177779,2,0.0,23877648,6893,9255,0.0,0.0
1777.800,177780,2,0.0,10333313,6893,9255,0.0,0.0
1777.810,177781,2,0.0,-11610418,6893,9255,0.0,0.0
1777.820,177782,2,0.0,34431940,6893,9255,0.0,0.0
1777.830,177783,2,0.0,-5494162,6893,9255,0.0,0.0
1777.840,177784,2,0.0,-27755325,6893,9255,0.0,0.0
1777.850,177785,2,0.0,17055943,6893,9255,0.0,0.0
1777.860,177786,2,0.0,-31628383,6893,9255,0.0,0.0
1777.870,177787,2,0.0,-18212602,6893,9255,0.0,0.0
1777.880,177788,2,0.0,-13789867,6893,9255,0.0,0.0
1777.890,177789,2,0.0,-14260834,6893,9255,0.0,0.0
1777.900,177790,2,0.0,-9745291,6893,9255,0.0,0.0
1777.910,177791,2,0.0,2428635,6893,9255,0.0,0.0
1777.920,177792,2,0.0,8625482,6893,9255,0.0,0.0
1777.930,177793,2,0.0,-9616135,6893,9255,0.0,0.0
1777.940,177794,2,0.0,11566530,6893,9255,0.0,0.0
1777.950,177795,2,0.0,-11250567,6893,9255,0.0,0.0
1777.960,177796,2,0.0,-14876041,6893,9255,0.0,0.0
1777.970,177797,2,0.0,3784910,6893,9255,0.0,0.0
1777.980,177798,2,0.0,-16648114,6893,9255,0.0,0.0
1777.990,177799,2,0.0,7845403,6893,9255,0.0,0.0
1778.000,177800,2,0.0,-17915137,6893,9255,0.0,0.0
1778.010,177801,2,0.0,6690712,6893,9255,0.0,0.0
1778.020,177802,2,0.0,-22174350,6893,9255,0.0,0.0
1778.030,177803,2,0.0,10383122,6893,9255,0.0,0.0
1778.040,177804,2,0.0,-117254,6893,9255,0.0,0.0
1778.050,177805,2,0.0,-1934030,6893,9255,0.0,0.0
1778.060,177806,2,0.0,-18000125,6893,9255,0.0,0.0
1778.070,177807,2,0.0,4423543,6893,9255,0.0,0.0
1778.080,177808,2,0.0,-10912419,6893,9255,0.0,0.0
1778.090,177809,2,0.0,16842150,6893,9255,0.0,0.0
1778.100,177810,2,0.0,-2890886,6893,9255,0.0,0.0
1778.110,177811,2,0.0,-8317503,6893,9255,0.0,0.0
1778.120,177812,2,0.0,-16332932,6893,9255,0.0,0.0
1778.130,177813,2,0.0,26454456,6893,9255,0.0,0.0
1778.140,177814,2,0.0,12138342,6893,9255,0.0,0.0
1778.150,177815,2,0.0,8534083,6893,9255,0.0,0.0
1778.160,177816,2,0.0,-544241,6893,9255,0.0,0.0
1778.170,177817,2,0.0,18828275,6893,9255,0.0,0.0
1778.180,177818,2,0.0,28920681,6893,9255,0.0,0.0
1778.190,177819,2,0.0,12746089,6893,9255,0.0,0.0
1778.200,177820,2,0.0,-10331009,6893,9255,0.0,0.0
1778.210,177821,2,0.0,8255256,6893,9255,0.0,0.0
1778.220,177822,2,0.0,-15736549,6893,9255,0.0,0.0
1778.230,177823,2,0.0,-10435590,6893,9255,0.0,0.0
1778.240,177824,2,0.0,-11105703,6893,9255,0.0,0.0
