Time,SerialNumber,DataType,Bias,Current,MotorPos,PiezoPos,+ep,-ep
1644.180,164418,2,0.0,-85535300,6893,9195,0.0,0.0
1644.190,164419,2,0.0,-23775674,6893,9195,0.0,0.0
1644.200,164420,2,0.0,-39016665,6893,9195,0.0,0.0
1644.210,164421,2,0.0,-2877677,6893,9195,0.0,0.0
1644.220,164422,2,0.0,-19577126,6893,9195,0.0,0.0
1644.230,164423,2,0.0,-19972847,6893,9195,0.0,0.0
1644.240,164424,2,0.0,-4317435,6893,9195,0.0,0.0
1644.250,164425,2,0.0,-6106500,6893,9195,0.0,0.0
1644.260,164426,2,0.0,-5902916,6893,9195,0.0,0.0
1644.270,164427,2,0.0,-7997775,6893,9195,0.0,0.0
1644.280,164428,2,0.0,-21343223,6893,9195,0.0,0.0
1644.290,164429,2,0.0,826621,6893,9195,0.0,0.0
1644.300,164430,2,0.0,-1873927,6893,9195,0.0,0.0
1644.310,164431,2,0.0,-28646567,6893,9195,0.0,0.0
1644.320,164432,2,0.0,-42256791,6893,9195,0.0,0.0
1644.330,164433,2,0.0,-14091342,6893,9195,0.0,0.0
1644.340,164434,2,0.0,-1073357,6893,9195,0.0,0.0
1644.350,164435,2,0.0,-17548080,6893,9195,0.0,0.0
1644.360,164436,2,0.0,-18828698,6893,9195,0.0,0.0
1644.370,164437,2,0.0,-20289644,6893,9195,0.0,0.0
1644.380,164438,2,0.0,-39501670,6893,9195,0.0,0.0
1644.390,164439,2,0.0,-19439264,6893,9195,0.0,0.0
1644.400,164440,2,0.0,12672380,6893,9195,0.0,0.0
1644.410,164441,2,0.0,-11709124,6893,9195,0.0,0.0
1644.420,164442,2,0.0,7397351,6893,9195,0.0,0.0
1644.430,164443,2,0.0,18862530,6893,9195,0.0,0.0
1644.440,164444,2,0.0,5726097,6893,9195,0.0,0.0
1644.450,164445,2,0.0,-3372963,6893,9195,0.0,0.0
1644.460,164446,2,0.0,25512623,6893,9195,0.0,0.0
1644.470,164447,2,0.0,-13454718,6893,9195,0.0,0.0
1644.480,164448,2,0.0,-37086395,6893,9195,0.0,0.0
1644.490,164449,2,0.0,16455812,6893,9195,0.0,0.0
1644.500,164450,2,0.0,-15211056,6893,9195,0.0,0.0
1644.510,164451,2,0.0,7099706,6893,9195,0.0,0.0
1644.520,164452,2,0.0,-9684331,6893,9195,0.0,0.0
1644.530,164453,2,0.0,12942034,6893,9195,0.0,0.0
1644.540,164454,2,0.0,-11766302,6893,9195,0.0,0.0
1644.550,164455,2,0.0,-9648323,6893,9195,0.0,0.0
1644.560,164456,2,0.0,-6928689,6893,9195,0.0,0.0
1644.570,164457,2,0.0,10356001,6893,9195,0.0,0.0
1644.580,164458,2,0.0,-18749048,6893,9195,0.0,0.0
1644.590,164459,2,0.0,209557,6893,9195,0.0,0.0
1644.600,164460,2,0.0,15254269,6893,9195,0.0,0.0
1644.610,164461,2,0.0,10647036,6893,9195,0.0,0.0
1644.620,164462,2,0.0,3642987,6893,9195,0.0,0.0
1644.630,164463,2,0.0,-6344006,6893,9195,0.0,0.0
1644.640,164464,2,0.0,-17720530,6893,9195,0.0,0.0
1644.650,164465,2,0.0,-8895481,6893,9195,0.0,0.0
1644.660,164466,2,0.0,-15310904,6893,9195,0.0,0.0
1644.670,164467,2,0.0,-37298279,6893,9195,0.0,0.0
1644.680,164468,2,0.0,-167199,6893,9195,0.0,0.0
1644.690,164469,2,0.0,3789960,6893,9195,0.0,0.0
1644.700,164470,2,0.0,14465553,6893,9195,0.0,0.0
1644.710,164471,2,0.0,-23519648,6893,9195,0.0,0.0
1644.720,164472,2,0.0,-31600049,6893,9195,0.0,0.0
1644.730,164473,2,0.0,-31942118,6893,9195,0.0,0.0
1644.740,164474,2,0.0,-5875488,6893,9195,0.0,0.0
1644.750,164475,2,0.0,-23213367,6893,9195,0.0,0.0
1644.760,164476,2,0.0,33372358,6893,9195,0.0,0.0
1644.770,164477,2,0.0,-8172557,6893,9195,0.0,0.0
1644.780,164478,2,0.0,8249288,6893,9195,0.0,0.0
1644.790,164479,2,0.0,3204212,6893,9195,0.0,0.0
1644.800,164480,2,0.0,10741915,6893,9195,0.0,0.0
1644.810,164481,2,0.0,-18096381,6893,9195,0.0,0.0
1644.820,164482,2,0.0,-2882678,6893,9195,0.0,0.0
1644.830,164483,2,0.0,1987583,6893,9195,0.0,0.0
1644.840,164484,2,0.0,-4278204,6893,9195,0.0,0.0
1644.850,164485,2,0.0,-21190590,6893,9195,0.0,0.0
1644.860,164486,2,0.0,-6307914,6893,9195,0.0,0.0
1644.870,164487,2,0.0,-5520741,6893,9195,0.0,0.0
1644.880,164488,2,0.0,-16102473,6893,9195,0.0,0.0
1644.890,164489,2,0.0,-43177583,6893,9195,0.0,0.0
1644.900,164490,2,0.0,3464026,6893,9195,0.0,0.0
1644.910,164491,2,0.0,12362966,6893,9195,0.0,0.0
1644.920,164492,2,0.0,-5816109,6893,9195,0.0,0.0
1644.930,164493,2,0.0,-11514671,6893,9195,0.0,0.0
1644.940,164494,2,0.0,-7785588,6893,9195,0.0,0.0
1644.950,164495,2,0.0,3522935,6893,9195,0.0,0.0
1644.960,164496,2,0.0,-29688225,6893,9195,0.0,0.0
1644.970,164497,2,0.0,-15213130,6893,9195,0.0,0.0
1644.980,164498,2,0.0,553764,6893,9195,0.0,0.0
1644.990,164499,2,0.0,-1424061,6893,9195,0.0,0.0
1645.000,164500,2,0.0,-8629098,6893,9195,0.0,0.0
1645.010,164501,2,0.0,-11919704,6893,9195,0.0,0.0
1645.020,164502,2,0.0,-3079886,6893,9195,0.0,0.0
1645.030,164503,2,0.0,-15816325,6893,9195,0.0,0.0
1645.040,164504,2,0.0,-45245394,6893,9195,0.0,0.0
1645.050,164505,2,0.0,2907007,6893,9195,0.0,0.0
1645.060,164506,2,0.0,-13215775,6893,9195,0.0,0.0
1645.070,164507,2,0.0,-11210340,6893,9195,0.0,0.0
1645.080,164508,2,0.0,-984434,6893,9195,0.0,0.0
1645.090,164509,2,0.0,546359,6893,9195,0.0,0.0
1645.100,164510,2,0.0,-6177233,6893,9195,0.0,0.0
1645.110,164511,2,0.0,-14029781,6893,9195,0.0,0.0
1645.120,164512,2,0.0,-12194507,6893,9195,0.0,0.0
1645.130,164513,2,0.0,5787664,6893,9195,0.0,0.0
1645.140,164514,2,0.0,-11388548,6893,9195,0.0,0.0
1645.150,164515,2,0.0,9565505,6893,9195,0.0,0.0
1645.160,164516,2,0.0,-14349045,6893,9195,0.0,0.0
1645.170,164517,2,0.0,4921380,6893,9195,0.0,0.0
1645.180,164518,2,0.0,-1330788,6893,9195,0.0,0.0
1645.190,164519,2,0.0,-17029796,6893,9195,0.0,0.0
1645.200,164520,2,0.0,1128357,6893,9195,0.0,0.0
1645.210,164521,2,0.0,-7577319,6893,9195,0.0,0.0
1645.220,164522,2,0.0,-35502166,6893,9195,0.0,0.0
1645.230,164523,2,0.0,-18292359,6893,9195,0.0,0.0
1645.240,164524,2,0.0,-9022900,6893,9195,0.0,0.0
1645.250,164525,2,0.0,-10338618,6893,9195,0.0,0.0
1645.260,164526,2,0.0,-16835023,6893,9195,0.0,0.0
1645.270,164527,2,0.0,-19292686,6893,9195,0.0,0.0
1645.280,164528,2,0.0,-5866580,6893,9195,0.0,0.0
1645.290,164529,2,0.0,4476020,6893,9195,0.0,0.0
1645.300,164530,2,0.0,4055718,6893,9195,0.0,0.0
1645.310,164531,2,0.0,11689973,6893,9195,0.0,0.0
1645.320,164532,2,0.0,2040848,6893,9195,0.0,0.0
1645.330,164533,2,0.0,4716730,6893,9195,0.0,0.0
1645.340,164534,2,0.0,18760907,6893,9195,0.0,0.0
1645.350,164535,2,0.0,12825049,6893,9195,0.0,0.0
1645.360,164536,2,0.0,-6184399,6893,9195,0.0,0.0
1645.370,164537,2,0.0,8819901,6893,9195,0.0,0.0
1645.380,164538,2,0.0,7413176,6893,9195,0.0,0.0
1645.390,164539,2,0.0,14137914,6893,9195,0.0,0.0
1645.400,164540,2,0.0,-10374093,6893,9195,0.0,0.0
1645.410,164541,2,0.0,-3968935,6893,9195,0.0,0.0
1645.420,164542,2,0.0,-4469133,6893,9195,0.0,0.0
1645.430,164543,2,0.0,-660944,6893,9195,0.0,0.0
1645.440,164544,2,0.0,7966874,6893,9195,0.0,0.0
1645.450,164545,2,0.0,-12330436,6893,9195,0.0,0.0
1645.460,164546,2,0.0,-7623411,6893,9195,0.0,0.0
1645.470,164547,2,0.0,-11609956,6893,9195,0.0,0.0
1645.480,164548,2,0.0,-26275058,6893,9195,0.0,0.0
1645.490,164549,2,0.0,-16893082,6893,9195,0.0,0.0
1645.500,164550,2,0.0,35499168,6893,9195,0.0,0.0
1645.510,164551,2,0.0,-9866931,6893,9195,0.0,0.0
1645.520,164552,2,0.0,-27131769,6893,9195,0.0,0.0
1645.530,164553,2,0.0,4426292,6893,9195,0.0,0.0
1645.540,164554,2,0.0,6880593,6893,9195,0.0,0.0
1645.550,164555,2,0.0,-22047634,6893,9195,0.0,0.0
1645.560,164556,2,0.0,22103138,6893,9195,0.0,0.0
1645.570,164557,2,0.0,-30681882,6893,9195,0.0,0.0
1645.580,164558,2,0.0,-3344191,6893,9195,0.0,0.0
1645.590,164559,2,0.0,11361921,6893,9195,0.0,0.0
1645.600,164560,2,0.0,-7904295,6893,9195,0.0,0.0
1645.610,164561,2,0.0,-3179486,6893,9195,0.0,0.0
1645.620,164562,2,0.0,-14000139,6893,9195,0.0,0.0
1645.630,164563,2,0.0,2896126,6893,9195,0.0,0.0
1645.640,164564,2,0.0,2920926,6893,9195,0.0,0.0
1645.650,164565,2,0.0,3126646,6893,9195,0.0,0.0
1645.660,164566,2,0.0,-10697913,6893,9195,0.0,0.0
1645.670,164567,2,0.0,-487209,6893,9195,0.0,0.0
1645.680,164568,2,0.0,-14687813,6893,9195,0.0,0.0
1645.690,164569,2,0.0,5075929,6893,9195,0.0,0.0
1645.700,164570,2,0.0,8942350,6893,9195,0.0,0.0
1645.710,164571,2,0.0,1816232,6893,9195,0.0,0.0
1645.720,164572,2,0.0,750507,6893,9195,0.0,0.0
1645.730,164573,2,0.0,-19345537,6893,9195,0.0,0.0
1645.740,164574,2,0.0,4213042,6893,9195,0.0,0.0
1645.750,164575,2,0.0,-4300164,6893,9195,0.0,0.0
1645.760,164576,2,0.0,-11541098,6893,9195,0.0,0.0
1645.770,164577,2,0.0,-16647659,6893,9195,0.0,0.0
1645.780,164578,2,0.0,-11756087,6893,9195,0.0,0.0
1645.790,164579,2,0.0,-5118080,6893,9195,0.0,0.0
1645.800,164580,2,0.0,-18975043,6893,9195,0.0,0.0
1645.810,164581,2,0.0,2247899,6893,9195,0.0,0.0
1645.820,164582,2,0.0,-11162805,6893,9195,0.0,0.0
1645.830,164583,2,0.0,24114947,6893,9195,0.0,0.0
1645.840,164584,2,0.0,19127355,6893,9195,0.0,0.0
1645.850,164585,2,0.0,-9819271,6893,9195,0.0,0.0
1645.860,164586,2,0.0,2327039,6893,9195,0.0,0.0
1645.870,164587,2,0.0,-4195425,6893,9195,0.0,0.0
1645.880,164588,2,0.0,10813550,6893,9195,0.0,0.0
1645.890,164589,2,0.0,8378832,6893,9195,0.0,0.0
1645.900,164590,2,0.0,7601826,6893,9195,0.0,0.0
1645.910,164591,2,0.0,-14401722,6893,9195,0.0,0.0
1645.920,164592,2,0.0,-7157693,6893,9195,0.0,0.0
1645.930,164593,2,0.0,-14179591,6893,9195,0.0,0.0
1645.940,164594,2,0.0,973182,6893,9195,0.0,0.0
1645.950,164595,2,0.0,25095,6893,9195,0.0,0.0
1645.960,164596,2,0.0,-17416763,6893,9195,0.0,0.0
1645.970,164597,2,0.0,-20292108,6893,9195,0.0,0.0
1645.980,164598,2,0.0,923555,6893,9195,0.0,0.0
1645.990,164599,2,0.0,-28761641,6893,9195,0.0,0.0
1646.000,164600,2,0.0,11941433,6893,9195,0.0,0.0
1646.010,164601,2,0.0,-14127176,6893,9195,0.0,0.0
1646.020,164602,2,0.0,-30698194,6893,9195,0.0,0.0
1646.030,164603,2,0.0,31993198,6893,9195,0.0,0.0
1646.040,164604,2,0.0,6651464,6893,9195,0.0,0.0
1646.050,164605,2,0.0,2200858,6893,9195,0.0,0.0
1646.060,164606,2,0.0,10900410,6893,9195,0.0,0.0
1646.070,164607,2,0.0,6497122,6893,9195,0.0,0.0
1646.080,164608,2,0.0,13088872,6893,9195,0.0,0.0
1646.090,164609,2,0.0,6275366,6893,9195,0.0,0.0
1646.100,164610,2,0.0,5189342,6893,9195,0.0,0.0
1646.110,164611,2,0.0,-15758547,6893,9195,0.0,0.0
1646.120,164612,2,0.0,3284733,6893,9195,0.0,0.0
1646.130,164613,2,0.0,-15127878,6893,9195,0.0,0.0
1646.140,164614,2,0.0,-20426769,6893,9195,0.0,0.0
1646.150,164615,2,0.0,13874782,6893,9195,0.0,0.0
1646.160,164616,2,0.0,16608028,6893,9195,0.0,0.0
1646.170,164617,2,0.0,-18679866,6893,9195,0.0,0.0
1646.180,164618,2,0.0,-7434521,6893,9195,0.0,0.0
1646.190,164619,2,0.0,-14143649,6893,9195,0.0,0.0
1646.200,164620,2,0.0,-16658456,6893,9195,0.0,0.0
1646.210,164621,2,0.0,6931717,6893,9195,0.0,0.0
1646.220,164622,2,0.0,7206016,6893,9195,0.0,0.0
1646.230,164623,2,0.0,-7392344,6893,9195,0.0,0.0
1646.240,164624,2,0.0,-7683668,6893,9195,0.0,0.0
1646.250,164625,2,0.0,3921803,6893,9195,0.0,0.0
1646.260,164626,2,0.0,-8143705,6893,9195,0.0,0.0
1646.270,164627,2,0.0,7674032,6893,9195,0.0,0.0
1646.280,164628,2,0.0,1754642,6893,9195,0.0,0.0
1646.290,164629,2,0.0,-35031254,6893,9195,0.0,0.0
1646.300,164630,2,0.0,-19944980,6893,9195,0.0,0.0
1646.310,164631,2,0.0,-17470405,6893,9195,0.0,0.0
1646.320,164632,2,0.0,-9909770,6893,9195,0.0,0.0
1646.330,164633,2,0.0,-6615845,6893,9195,0.0,0.0
1646.340,164634,2,0.0,30062964,6893,9195,0.0,0.0
1646.350,164635,2,0.0,-26948849,6893,9195,0.0,0.0
1646.360,164636,2,0.0,-15906600,6893,9195,0.0,0.0
1646.370,164637,2,0.0,12854844,6893,9195,0.0,0.0
1646.380,164638,2,0.0,12453137,6893,9195,0.0,0.0
1646.390,164639,2,0.0,752069,6893,9195,0.0,0.0
1646.400,164640,2,0.0,13639599,6893,9195,0.0,0.0
1646.410,164641,2,0.0,-25568942,6893,9195,0.0,0.0
1646.420,164642,2,0.0,1988208,6893,9195,0.0,0.0
1646.430,164643,2,0.0,-25006287,6893,9195,0.0,0.0
1646.440,164644,2,0.0,-31061096,6893,9195,0.0,0.0
1646.450,164645,2,0.0,-28835211,6893,9195,0.0,0.0
1646.460,164646,2,0.0,3695508,6893,9195,0.0,0.0
1646.470,164647,2,0.0,2201636,6893,9195,0.0,0.0
1646.480,164648,2,0.0,15645100,6893,9195,0.0,0.0
1646.490,164649,2,0.0,8562157,6893,9195,0.0,0.0
1646.500,164650,2,0.0,-22021284,6893,9195,0.0,0.0
1646.510,164651,2,0.0,-6853708,6893,9195,0.0,0.0
1646.520,164652,2,0.0,11108044,6893,9195,0.0,0.0
1646.530,164653,2,0.0,-5750536,6893,9195,0.0,0.0
1646.540,164654,2,0.0,1199792,6893,9195,0.0,0.0
1646.550,164655,2,0.0,8160102,6893,9195,0.0,0.0
1646.560,164656,2,0.0,9791195,6893,9195,0.0,0.0
1646.570,164657,2,0.0,-892486,6893,9195,0.0,0.0
1646.580,164658,2,0.0,7999696,6893,9195,0.0,0.0
1646.590,164659,2,0.0,-7456623,6893,9195,0.0,0.0
1646.600,164660,2,0.0,12519431,6893,9195,0.0,0.0
1646.610,164661,2,0.0,977369,6893,9195,0.0,0.0
1646.620,164662,2,0.0,-8778368,6893,9195,0.0,0.0
1646.630,164663,2,0.0,-43530040,6893,9195,0.0,0.0
1646.640,164664,2,0.0,-14541546,6893,9195,0.0,0.0
1646.650,164665,2,0.0,-11075767,6893,9195,0.0,0.0
1646.660,164666,2,0.0,-12030161,6893,9195,0.0,0.0
1646.670,164667,2,0.0,-12218575,6893,9195,0.0,0.0
1646.680,164668,2,0.0,4486311,6893,9195,0.0,0.0
1646.690,164669,2,0.0,5009361,6893,9195,0.0,0.0
1646.700,164670,2,0.0,8694421,6893,9195,0.0,0.0
1646.710,164671,2,0.0,-16486218,6893,9195,0.0,0.0
1646.720,164672,2,0.0,-18711633,6893,9195,0.0,0.0
1646.730,164673,2,0.0,-10533880,6893,9195,0.0,0.0
1646.740,164674,2,0.0,2815382,6893,9195,0.0,0.0
1646.750,164675,2,0.0,-17625159,6893,9195,0.0,0.0
1646.760,164676,2,0.0,-5133690,6893,9195,0.0,0.0
1646.770,164677,2,0.0,12394589,6893,9195,0.0,0.0
1646.780,164678,2,0.0,1190712,6893,9195,0.0,0.0
1646.790,164679,2,0.0,-31106162,6893,9195,0.0,0.0
1646.800,164680,2,0.0,758770,6893,9195,0.0,0.0
1646.810,164681,2,0.0,17683962,6893,9195,0.0,0.0
1646.820,164682,2,0.0,-19780073,6893,9195,0.0,0.0
1646.830,164683,2,0.0,6700634,6893,9195,0.0,0.0
1646.840,164684,2,0.0,-33257311,6893,9195,0.0,0.0
1646.850,164685,2,0.0,22662484,6893,9195,0.0,0.0
1646.860,164686,2,0.0,-23978768,6893,9195,0.0,0.0
1646.870,164687,2,0.0,8569663,6893,9195,0.0,0.0
1646.880,164688,2,0.0,-5493176,6893,9195,0.0,0.0
1646.890,164689,2,0.0,-31953279,6893,9195,0.0,0.0
1646.900,164690,2,0.0,23893930,6893,9195,0.0,0.0
1646.910,164691,2,0.0,3843392,6893,9195,0.0,0.0
1646.920,164692,2,0.0,13563833,6893,9195,0.0,0.0
1646.930,164693,2,0.0,30294648,6893,9195,0.0,0.0
1646.940,164694,2,0.0,7273012,6893,9195,0.0,0.0
1646.950,164695,2,0.0,17196538,6893,9195,0.0,0.0
1646.960,164696,2,0.0,-7117080,6893,9195,0.0,0.0
1646.970,164697,2,0.0,-19690237,6893,9195,0.0,0.0
1646.980,164698,2,0.0,585742,6893,9195,0.0,0.0
1646.990,164699,2,0.0,18968881,6893,9195,0.0,0.0
1647.000,164700,2,0.0,7692518,6893,9195,0.0,0.0
1647.010,164701,2,0.0,-3533818,6893,9195,0.0,0.0
1647.020,164702,2,0.0,-3315204,6893,9195,0.0,0.0
1647.030,164703,2,0.0,34135069,6893,9195,0.0,0.0
1647.040,164704,2,0.0,11175981,6893,9195,0.0,0.0
1647.050,164705,2,0.0,2880514,6893,9195,0.0,0.0
1647.060,164706,2,0.0,22644048,6893,9195,0.0,0.0
1647.070,164707,2,0.0,4037186,6893,9195,0.0,0.0
1647.080,164708,2,0.0,-13295128,6893,9195,0.0,0.0
1647.090,164709,2,0.0,12245821,6893,9195,0.0,0.0
1647.100,164710,2,0.0,-13584721,6893,9195,0.0,0.0
1647.110,164711,2,0.0,17757298,6893,9195,0.0,0.0
1647.120,164712,2,0.0,-6249468,6893,9195,0.0,0.0
1647.130,164713,2,0.0,18523027,6893,9195,0.0,0.0
1647.140,164714,2,0.0,3203163,6893,9195,0.0,0.0
1647.150,164715,2,0.0,8998641,6893,9195,0.0,0.0
1647.160,164716,2,0.0,19027365,6893,9195,0.0,0.0
1647.170,164717,2,0.0,12824642,6893,9195,0.0,0.0
1647.180,164718,2,0.0,1582343,6893,9195,0.0,0.0
1647.190,164719,2,0.0,-12606719,6893,9195,0.0,0.0
1647.200,164720,2,0.0,-5432729,6893,9195,0.0,0.0
1647.210,164721,2,0.0,-10704556,6893,9195,0.0,0.0
1647.220,164722,2,0.0,20106119,6893,9195,0.0,0.0
1647.230,164723,2,0.0,-16849227,6893,9195,0.0,0.0
1647.240,164724,2,0.0,-10567098,6893,9195,0.0,0.0
1647.250,164725,2,0.0,-2966807,6893,9195,0.0,0.0
1647.260,164726,2,0.0,-10854766,6893,9195,0.0,0.0
1647.270,164727,2,0.0,-12338694,6893,9195,0.0,0.0
1647.280,164728,2,0.0,-14441141,6893,9195,0.0,0.0
1647.290,164729,2,0.0,-468053,6893,9195,0.0,0.0
1647.300,164730,2,0.0,-31523393,6893,9195,0.0,0.0
1647.310,164731,2,0.0,-3240951,6893,9195,0.0,0.0
1647.320,164732,2,0.0,2564712,6893,9195,0.0,0.0
1647.330,164733,2,0.0,-13825971,6893,9195,0.0,0.0
1647.340,164734,2,0.0,11186585,6893,9195,0.0,0.0
1647.350,164735,2,0.0,802588,6893,9195,0.0,0.0
1647.360,164736,2,0.0,-12821485,6893,9195,0.0,0.0
1647.370,164737,2,0.0,-24651311,6893,9195,0.0,0.0
1647.380,164738,2,0.0,8643214,6893,9195,0.0,0.0
1647.390,164739,2,0.0,31541516,6893,9195,0.0,0.0
1647.400,164740,2,0.0,807177,6893,9195,0.0,0.0
1647.410,164741,2,0.0,-35808744,6893,9195,0.0,0.0
1647.420,164742,2,0.0,-3079414,6893,9195,0.0,0.0
1647.430,164743,2,0.0,18440510,6893,9195,0.0,0.0
1647.440,164744,2,0.0,-25533265,6893,9195,0.0,0.0
1647.450,164745,2,0.0,-12423686,6893,9195,0.0,0.0
1647.460,164746,2,0.0,-6138951,6893,9195,0.0,0.0
1647.470,164747,2,0.0,-2148059,6893,9195,0.0,0.0
1647.480,164748,2,0.0,-56602922,6893,9195,0.0,0.0
1647.490,164749,2,0.0,-25912593,6893,9195,0.0,0.0
1647.500,164750,2,0.0,-4706395,6893,9195,0.0,0.0
1647.510,164751,2,0.0,1881371,6893,9195,0.0,0.0
1647.520,164752,2,0.0,-23217533,6893,9195,0.0,0.0
1647.530,164753,2,0.0,16599980,6893,9195,0.0,0.0
1647.540,164754,2,0.0,-1972238,6893,9195,0.0,0.0
1647.550,164755,2,0.0,8438585,6893,9195,0.0,0.0
1647.560,164756,2,0.0,-33155921,6893,9195,0.0,0.0
1647.570,164757,2,0.0,-24697114,6893,9195,0.0,0.0
1647.580,164758,2,0.0,16736194,6893,9195,0.0,0.0
1647.590,164759,2,0.0,13409421,6893,9195,0.0,0.0
1647.600,164760,2,0.0,-5290146,6893,9195,0.0,0.0
1647.610,164761,2,0.0,-3423880,6893,9195,0.0,0.0
1647.620,164762,2,0.0,9255327,6893,9195,0.0,0.0
1647.630,164763,2,0.0,-15634729,6893,9195,0.0,0.0
1647.640,164764,2,0.0,-27720738,6893,9195,0.0,0.0
1647.650,164765,2,0.0,6147634,6893,9195,0.0,0.0
1647.660,164766,2,0.0,1882364,6893,9195,0.0,0.0
1647.670,164767,2,0.0,-16822757,6893,9195,0.0,0.0
1647.680,164768,2,0.0,-5936426,6893,9195,0.0,0.0
1647.690,164769,2,0.0,-35469603,6893,9195,0.0,0.0
1647.700,164770,2,0.0,-5931326,6893,9195,0.0,0.0
1647.710,164771,2,0.0,-2272917,6893,9195,0.0,0.0
1647.720,164772,2,0.0,23214500,6893,9195,0.0,0.0
1647.730,164773,2,0.0,23457756,6893,9195,0.0,0.0
1647.740,164774,2,0.0,-15070274,6893,9195,0.0,0.0
1647.750,164775,2,0.0,-18733319,6893,9195,0.0,0.0
1647.760,164776,2,0.0,-9535993,6893,9195,0.0,0.0
1647.770,164777,2,0.0,-1446168,6893,9195,0.0,0.0
1647.780,164778,2,0.0,-31765054,6893,9195,0.0,0.0
1647.790,164779,2,0.0,5844933,6893,9195,0.0,0.0
1647.800,164780,2,0.0,-6466836,6893,9195,0.0,0.0
1647.810,164781,2,0.0,-2699072,6893,9195,0.0,0.0
1647.820,164782,2,0.0,-12676394,6893,9195,0.0,0.0
1647.830,164783,2,0.0,7848315,6893,9195,0.0,0.0
1647.840,164784,2,0.0,-32391646,6893,9195,0.0,0.0
1647.850,164785,2,0.0,-25856557,6893,9195,0.0,0.0
1647.860,164786,2,0.0,-14190510,6893,9195,0.0,0.0
1647.870,164787,2,0.0,1581264,6893,9195,0.0,0.0
1647.880,164788,2,0.0,7573404,6893,9195,0.0,0.0
1647.890,164789,2,0.0,-16848950,6893,9195,0.0,0.0
1647.900,164790,2,0.0,-24946160,6893,9195,0.0,0.0
1647.910,164791,2,0.0,236907,6893,9195,0.0,0.0
1647.920,164792,2,0.0,-6863627,6893,9195,0.0,0.0
1647.930,164793,2,0.0,10998870,6893,9195,0.0,0.0
1647.940,164794,2,0.0,-11739323,6893,9195,0.0,0.0
1647.950,164795,2,0.0,-14846586,6893,9195,0.0,0.0
1647.960,164796,2,0.0,-6573152,6893,9195,0.0,0.0
1647.970,164797,2,0.0,-415407,6893,9195,0.0,0.0
1647.980,164798,2,0.0,14803135,6893,9195,0.0,0.0
1647.990,164799,2,0.0,5786254,6893,9195,0.0,0.0
1648.000,164800,2,0.0,-12723468,6893,9195,0.0,0.0
1648.010,164801,2,0.0,2257957,6893,9195,0.0,0.0
1648.020,164802,2,0.0,13847734,6893,9195,0.0,0.0
1648.030,164803,2,0.0,-40426847,6893,9195,0.0,0.0
1648.040,164804,2,0.0,15635817,6893,9195,0.0,0.0
1648.050,164805,2,0.0,5858431,6893,9195,0.0,0.0
1648.060,164806,2,0.0,14462798,6893,9195,0.0,0.0
1648.070,164807,2,0.0,-38145932,6893,9195,0.0,0.0
1648.080,164808,2,0.0,-12680278,6893,9195,0.0,0.0
1648.090,164809,2,0.0,20151406,6893,9195,0.0,0.0
1648.100,164810,2,0.0,-27653342,6893,9195,0.0,0.0
1648.110,164811,2,0.0,-22638294,6893,9195,0.0,0.0
1648.120,164812,2,0.0,4281624,6893,9195,0.0,0.0
1648.130,164813,2,0.0,-471348,6893,9195,0.0,0.0
1648.140,164814,2,0.0,-28392582,6893,9195,0.0,0.0
1648.150,164815,2,0.0,-16051087,6893,9195,0.0,0.0
1648.160,164816,2,0.0,1397328,6893,9195,0.0,0.0
1648.170,164817,2,0.0,-15335863,6893,9195,0.0,0.0
1648.180,164818,2,0.0,2425244,6893,9195,0.0,0.0
1648.190,164819,2,0.0,13247455,6893,9195,0.0,0.0
1648.200,164820,2,0.0,7983694,6893,9195,0.0,0.0
1648.210,164821,2,0.0,-27758451,6893,9195,0.0,0.0
1648.220,164822,2,0.0,-5239356,6893,9195,0.0,0.0
1648.230,164823,2,0.0,9541579,6893,9195,0.0,0.0
1648.240,164824,2,0.0,11897811,6893,9195,0.0,0.0
1648.250,164825,2,0.0,-13547530,6893,9195,0.0,0.0
1648.260,164826,2,0.0,-8116243,6893,9195,0.0,0.0
1648.270,164827,2,0.0,-19051484,6893,9195,0.0,0.0
1648.280,164828,2,0.0,-9435671,6893,9195,0.0,0.0
1648.290,164829,2,0.0,6053631,6893,9195,0.0,0.0
1648.300,164830,2,0.0,-12336156,6893,9195,0.0,0.0
1648.310,164831,2,0.0,-32255523,6893,9195,0.0,0.0
1648.320,164832,2,0.0,1789312,6893,9195,0.0,0.0
1648.330,164833,2,0.0,-34252357,6893,9195,0.0,0.0
1648.340,164834,2,0.0,-9698630,6893,9195,0.0,0.0
1648.350,164835,2,0.0,-16846780,6893,9195,0.0,0.0
1648.360,164836,2,0.0,-271963,6893,9195,0.0,0.0
1648.370,164837,2,0.0,1335082,6893,9195,0.0,0.0
1648.380,164838,2,0.0,2598383,6893,9195,0.0,0.0
1648.390,164839,2,0.0,360113,6893,9195,0.0,0.0
1648.400,164840,2,0.0,10975304,6893,9195,0.0,0.0
1648.410,164841,2,0.0,-23564003,6893,9195,0.0,0.0
1648.420,164842,2,0.0,27192686,6893,9195,0.0,0.0
1648.430,164843,2,0.0,9063957,6893,9195,0.0,0.0
1648.440,164844,2,0.0,24651844,6893,9195,0.0,0.0
1648.450,164845,2,0.0,-19320407,6893,9195,0.0,0.0
1648.460,164846,2,0.1,-8711987,6893,9195,0.0,0.0
1648.470,164847,2,0.1,-1405307,6893,9195,0.0,0.0
1648.480,164848,2,0.1,6215832,6893,9195,0.0,0.0
1648.490,164849,2,0.1,-18639276,6893,9195,0.0,0.0
1648.500,164850,2,0.1,16125609,6893,9195,0.0,0.0
1648.510,164851,2,0.1,-6355452,6893,9195,0.0,0.0
1648.520,164852,2,0.1,8695751,6893,9195,0.0,0.0
1648.530,164853,2,0.1,-25887961,6893,9195,0.0,0.0
1648.540,164854,2,0.1,4795440,6893,9195,0.0,0.0
1648.550,164855,2,0.1,4812427,6893,9195,0.0,0.0
1648.560,164856,2,0.1,-20234149,6893,9195,0.0,0.0
1648.570,164857,2,0.1,10550984,6893,9195,0.0,0.0
1648.580,164858,2,0.1,9775120,6893,9195,0.0,0.0
1648.590,164859,2,0.1,9001352,6893,9195,0.0,0.0
1648.600,164860,2,0.1,-21061972,6893,9195,0.0,0.0
1648.610,164861,2,0.1,1803567,6893,9195,0.0,0.0
1648.620,164862,2,0.1,-21362757,6893,9195,0.0,0.0
1648.630,164863,2,0.1,-12743903,6893,9195,0.0,0.0
1648.640,164864,2,0.1,6579955,6893,9195,0.0,0.0
1648.650,164865,2,0.1,-13363838,6893,9195,0.0,0.0
1648.660,164866,2,0.1,-4084929,6893,9195,0.0,0.0
1648.670,164867,2,0.1,22680079,6893,9195,0.0,0.0
1648.680,164868,2,0.1,-28510749,6893,9195,0.0,0.0
1648.690,164869,2,0.1,9254525,6893,9195,0.0,0.0
1648.700,164870,2,0.1,-7665281,6893,9195,0.0,0.0
1648.710,164871,2,0.1,9242146,6893,9195,0.0,0.0
1648.720,164872,2,0.1,-6738250,6893,9195,0.0,0.0
1648.730,164873,2,0.1,2654386,6893,9195,0.0,0.0
1648.740,164874,2,0.1,2985455,6893,9195,0.0,0.0
1648.750,164875,2,0.1,-5426806,6893,9195,0.0,0.0
1648.760,164876,2,0.1,5528888,6893,9195,0.0,0.0
1648.770,164877,2,0.1,-6924565,6893,9195,0.0,0.0
1648.780,164878,2,0.1,-85294,6893,9195,0.0,0.0
1648.790,164879,2,0.1,10210870,6893,9195,0.0,0.0
1648.800,164880,2,0.1,-4446629,6893,9195,0.0,0.0
1648.810,164881,2,0.1,8282401,6893,9195,0.0,0.0
1648.820,164882,2,0.1,-18303650,6893,9195,0.0,0.0
1648.830,164883,2,0.1,23871246,6893,9195,0.0,0.0
1648.840,164884,2,0.1,-15532295,6893,9195,0.0,0.0
1648.850,164885,2,0.1,17316389,6893,9195,0.0,0.0
1648.860,164886,2,0.1,30691992,6893,9195,0.0,0.0
1648.870,164887,2,0.1,2938886,6893,9195,0.0,0.0
1648.880,164888,2,0.1,3601387,6893,9195,0.0,0.0
1648.890,164889,2,0.1,-4898034,6893,9195,0.0,0.0
1648.900,164890,2,0.1,-30131842,6893,9195,0.0,0.0
1648.910,164891,2,0.1,1364682,6893,9195,0.0,0.0
1648.920,164892,2,0.1,-24636458,6893,9195,0.0,0.0
1648.930,164893,2,0.1,6751425,6893,9195,0.0,0.0
1648.940,164894,2,0.1,-11572603,6893,9195,0.0,0.0
1648.950,164895,2,0.1,-16956890,6893,9195,0.0,0.0
1648.960,164896,2,0.1,-5411729,6893,9195,0.0,0.0
1648.970,164897,2,0.1,-8027224,6893,9195,0.0,0.0
1648.980,164898,2,0.1,19721480,6893,9195,0.0,0.0
1648.990,164899,2,0.1,-29509133,6893,9195,0.0,0.0
1649.000,164900,2,0.1,15217217,6893,9195,0.0,0.0
1649.010,164901,2,0.1,-730052,6893,9195,0.0,0.0
1649.020,164902,2,0.1,10955466,6893,9195,0.0,0.0
1649.030,164903,2,0.1,-29004558,6893,9195,0.0,0.0
1649.040,164904,2,0.1,-24224226,6893,9195,0.0,0.0
1649.050,164905,2,0.1,-20957786,6893,9195,0.0,0.0
1649.060,164906,2,0.1,8266948,6893,9195,0.0,0.0
1649.070,164907,2,0.1,19200083,6893,9195,0.0,0.0
1649.080,164908,2,0.1,-9468496,6893,9195,0.0,0.0
1649.090,164909,2,0.1,-27151476,6893,9195,0.0,0.0
1649.100,164910,2,0.1,1022120,6893,9195,0.0,0.0
1649.110,164911,2,0.1,-12273023,6893,9195,0.0,0.0
1649.120,164912,2,0.1,-14896951,6893,9195,0.0,0.0
1649.130,164913,2,0.1,4787588,6893,9195,0.0,0.0
1649.140,164914,2,0.1,-23781684,6893,9195,0.0,0.0
1649.150,164915,2,0.1,-16038023,6893,9195,0.0,0.0
1649.160,164916,2,0.1,-7013853,6893,9195,0.0,0.0
1649.170,164917,2,0.1,-2732315,6893,9195,0.0,0.0
1649.180,164918,2,0.1,18290334,6893,9195,0.0,0.0
1649.190,164919,2,0.1,-5589377,6893,9195,0.0,0.0
1649.200,164920,2,0.1,-11969557,6893,9195,0.0,0.0
1649.210,164921,2,0.1,-3877786,6893,9195,0.0,0.0
1649.220,164922,2,0.1,17331441,6893,9195,0.0,0.0
1649.230,164923,2,0.1,15709046,6893,9195,0.0,0.0
1649.240,164924,2,0.1,5598482,6893,9195,0.0,0.0
1649.250,164925,2,0.1,15530434,6893,9195,0.0,0.0
1649.260,164926,2,0.1,-6612427,6893,9195,0.0,0.0
1649.270,164927,2,0.1,5612991,6893,9195,0.0,0.0
1649.280,164928,2,0.1,-14170129,6893,9195,0.0,0.0
1649.290,164929,2,0.1,-21838393,6893,9195,0.0,0.0
1649.300,164930,2,0.1,-25242771,6893,9195,0.0,0.0
1649.310,164931,2,0.1,-10483431,6893,9195,0.0,0.0
1649.320,164932,2,0.1,-2948066,6893,9195,0.0,0.0
1649.330,164933,2,0.1,12273473,6893,9195,0.0,0.0
1649.340,164934,2,0.1,-10471666,6893,9195,0.0,0.0
1649.350,164935,2,0.1,-17748141,6893,9195,0.0,0.0
1649.360,164936,2,0.1,564418,6893,9195,0.0,0.0
1649.370,164937,2,0.1,-20342072,6893,9195,0.0,0.0
1649.380,164938,2,0.1,15397529,6893,9195,0.0,0.0
1649.390,164939,2,0.1,-26176906,6893,9195,0.0,0.0
1649.400,164940,2,0.1,12873789,6893,9195,0.0,0.0
1649.410,164941,2,0.1,-11197227,6893,9195,0.0,0.0
1649.420,164942,2,0.1,-12682070,6893,9195,0.0,0.0
1649.430,164943,2,0.1,704198,6893,9195,0.0,0.0
1649.440,164944,2,0.1,2422169,6893,9195,0.0,0.0
1649.450,164945,2,0.1,6506633,6893,9195,0.0,0.0
1649.460,164946,2,0.1,2982888,6893,9195,0.0,0.0
1649.470,164947,2,0.1,-18664713,6893,9195,0.0,0.0
1649.480,164948,2,0.1,-4514222,6893,9195,0.0,0.0
1649.490,164949,2,0.1,-5041972,6893,9195,0.0,0.0
1649.500,164950,2,0.1,29939911,6893,9195,0.0,0.0
1649.510,164951,2,0.1,-15439446,6893,9195,0.0,0.0
1649.520,164952,2,0.1,-10022088,6893,9195,0.0,0.0
1649.530,164953,2,0.1,9425941,6893,9195,0.0,0.0
1649.540,164954,2,0.1,1188277,6893,9195,0.0,0.0
1649.550,164955,2,0.1,-4557230,6893,9195,0.0,0.0
1649.560,164956,2,0.1,7807513,6893,9195,0.0,0.0
1649.570,164957,2,0.1,3007506,6893,9195,0.0,0.0
1649.580,164958,2,0.1,-10539774,6893,9195,0.0,0.0
1649.590,164959,2,0.1,12348200,6893,9195,0.0,0.0
1649.600,164960,2,0.1,14491535,6893,9195,0.0,0.0
1649.610,164961,2,0.1,-18747292,6893,9195,0.0,0.0
1649.620,164962,2,0.1,5829504,6893,9195,0.0,0.0
1649.630,164963,2,0.1,-6075239,6893,9195,0.0,0.0
1649.640,164964,2,0.1,-5777209,6893,9195,0.0,0.0
1649.650,164965,2,0.1,-12513821,6893,9195,0.0,0.0
1649.660,164966,2,0.1,-7255440,6893,9195,0.0,0.0
1649.670,164967,2,0.1,2139513,6893,9195,0.0,0.0
1649.680,164968,2,0.1,-11105778,6893,9195,0.0,0.0
1649.690,164969,2,0.1,-22720301,6893,9195,0.0,0.0
1649.700,164970,2,0.1,-18918280,6893,9195,0.0,0.0
1649.710,164971,2,0.1,15669519,6893,9195,0.0,0.0
1649.720,164972,2,0.1,484928,6893,9195,0.0,0.0
1649.730,164973,2,0.1,-10159818,6893,9195,0.0,0.0
1649.740,164974,2,0.1,-15518647,6893,9195,0.0,0.0
1649.750,164975,2,0.1,-1528176,6893,9195,0.0,0.0
1649.760,164976,2,0.1,-23901687,6893,9195,0.0,0.0
1649.770,164977,2,0.1,-2642813,6893,9195,0.0,0.0
1649.780,164978,2,0.1,8697494,6893,9195,0.0,0.0
1649.790,164979,2,0.1,640252,6893,9195,0.0,0.0
1649.800,164980,2,0.1,6367828,6893,9195,0.0,0.0
1649.810,164981,2,0.1,-2084285,6893,9195,0.0,0.0
1649.820,164982,2,0.1,-3190999,6893,9195,0.0,0.0
1649.830,164983,2,0.1,-4429946,6893,9195,0.0,0.0
1649.840,164984,2,0.1,-25719418,6893,9195,0.0,0.0
1649.850,164985,2,0.1,25581885,6893,9195,0.0,0.0
1649.860,164986,2,0.1,33993730,6893,9195,0.0,0.0
1649.870,164987,2,0.1,3521046,6893,9195,0.0,0.0
1649.880,164988,2,0.1,16746812,6893,9195,0.0,0.0
1649.890,164989,2,0.1,18282368,6893,9195,0.0,0.0
1649.900,164990,2,0.1,-22191063,6893,9195,0.0,0.0
1649.910,164991,2,0.1,1439667,6893,9195,0.0,0.0
1649.920,164992,2,0.1,-19296913,6893,9195,0.0,0.0
1649.930,164993,2,0.1,-18647245,6893,9195,0.0,0.0
1649.940,164994,2,0.1,-20083999,6893,9195,0.0,0.0
1649.950,164995,2,0.1,5864484,6893,9195,0.0,0.0
1649.960,164996,2,0.1,-7995261,6893,9195,0.0,0.0
1649.970,164997,2,0.1,19722063,6893,9195,0.0,0.0
1649.980,164998,2,0.1,11745428,6893,9195,0.0,0.0
1649.990,164999,2,0.1,26338304,6893,9195,0.0,0.0
1650.000,165000,2,0.1,2370168,6893,9195,0.0,0.0
1650.010,165001,2,0.1,170567,6893,9195,0.0,0.0
1650.020,165002,2,0.1,29706494,6893,9195,0.0,0.0
1650.030,165003,2,0.1,-593574,6893,9195,0.0,0.0
1650.040,165004,2,0.1,-38499509,6893,9195,0.0,0.0
1650.050,165005,2,0.1,-15319675,6893,9195,0.0,0.0
1650.060,165006,2,0.1,7423972,6893,9195,0.0,0.0
1650.070,165007,2,0.1,15838748,6893,9195,0.0,0.0
1650.080,165008,2,0.1,-7934501,6893,9195,0.0,0.0
1650.090,165009,2,0.1,661750,6893,9195,0.0,0.0
1650.100,165010,2,0.1,30087716,6893,9195,0.0,0.0
1650.110,165011,2,0.1,15969020,6893,9195,0.0,0.0
1650.120,165012,2,0.1,3653865,6893,9195,0.0,0.0
1650.130,165013,2,0.1,14466618,6893,9195,0.0,0.0
1650.140,165014,2,0.1,-9713537,6893,9195,0.0,0.0
1650.150,165015,2,0.1,-1022459,6893,9195,0.0,0.0
1650.160,165016,2,0.1,-14840797,6893,9195,0.0,0.0
1650.170,165017,2,0.1,5399411,6893,9195,0.0,0.0
1650.180,165018,2,0.1,19875128,6893,9195,0.0,0.0
1650.190,165019,2,0.1,16263929,6893,9195,0.0,0.0
1650.200,165020,2,0.1,-18934472,6893,9195,0.0,0.0
1650.210,165021,2,0.1,14511463,6893,9195,0.0,0.0
1650.220,165022,2,0.1,-11226685,6893,9195,0.0,0.0
1650.230,165023,2,0.1,5407815,6893,9195,0.0,0.0
1650.240,165024,2,0.1,-19342613,6893,9195,0.0,0.0
1650.250,165025,2,0.1,-20455982,6893,9195,0.0,0.0
1650.260,165026,2,0.1,2189544,6893,9195,0.0,0.0
1650.270,165027,2,0.1,6213473,6893,9195,0.0,0.0
1650.280,165028,2,0.1,-19003930,6893,9195,0.0,0.0
1650.290,165029,2,0.1,-7883145,6893,9195,0.0,0.0
1650.300,165030,2,0.1,29594211,6893,9195,0.0,0.0
1650.310,165031,2,0.1,-21822400,6893,9195,0.0,0.0
1650.320,165032,2,0.1,4421417,6893,9195,0.0,0.0
1650.330,165033,2,0.1,576477,6893,9195,0.0,0.0
1650.340,165034,2,0.1,4303719,6893,9195,0.0,0.0
1650.350,165035,2,0.1,-23577302,6893,9195,0.0,0.0
1650.360,165036,2,0.1,23691202,6893,9195,0.0,0.0
1650.370,165037,2,0.1,-19267268,6893,9195,0.0,0.0
1650.380,165038,2,0.1,2836265,6893,9195,0.0,0.0
1650.390,165039,2,0.1,-7967806,6893,9195,0.0,0.0
1650.400,165040,2,0.1,11937193,6893,9195,0.0,0.0
1650.410,165041,2,0.1,-26042887,6893,9195,0.0,0.0
1650.420,165042,2,0.1,-8629240,6893,9195,0.0,0.0
1650.430,165043,2,0.1,-28115025,6893,9195,0.0,0.0
1650.440,165044,2,0.1,10544402,6893,9195,0.0,0.0
1650.450,165045,2,0.1,29486657,6893,9195,0.0,0.0
1650.460,165046,2,0.1,-4072028,6893,9195,0.0,0.0
1650.470,165047,2,0.1,8787834,6893,9195,0.0,0.0
1650.480,165048,2,0.1,-12440539,6893,9195,0.0,0.0
1650.490,165049,2,0.1,12418260,6893,9195,0.0,0.0
1650.500,165050,2,0.1,-17903998,6893,9195,0.0,0.0
1650.510,165051,2,0.1,-12565418,6893,9195,0.0,0.0
1650.520,165052,2,0.1,-44018,6893,9195,0.0,0.0
1650.530,165053,2,0.1,17621632,6893,9195,0.0,0.0
1650.540,165054,2,0.1,5526243,6893,9195,0.0,0.0
1650.550,165055,2,0.1,-3102913,6893,9195,0.0,0.0
1650.560,165056,2,0.1,26564675,6893,9195,0.0,0.0
1650.570,165057,2,0.1,-4958511,6893,9195,0.0,0.0
1650.580,165058,2,0.1,-15174856,6893,9195,0.0,0.0
1650.590,165059,2,0.1,-3534655,6893,9195,0.0,0.0
1650.600,165060,2,0.1,5068448,6893,9195,0.0,0.0
1650.610,165061,2,0.1,-24056052,6893,9195,0.0,0.0
1650.620,165062,2,0.1,-28970165,6893,9195,0.0,0.0
1650.630,165063,2,0.1,9429138,6893,9195,0.0,0.0
1650.640,165064,2,0.1,-38798202,6893,9195,0.0,0.0
1650.650,165065,2,0.1,-6239022,6893,9195,0.0,0.0
1650.660,165066,2,0.1,-27737883,6893,9195,0.0,0.0
1650.670,165067,2,0.1,27858372,6893,9195,0.0,0.0
1650.680,165068,2,0.1,-3173388,6893,9195,0.0,0.0
1650.690,165069,2,0.1,20199524,6893,9195,0.0,0.0
1650.700,165070,2,0.1,-10182427,6893,9195,0.0,0.0
1650.710,165071,2,0.1,7276380,6893,9195,0.0,0.0
1650.720,165072,2,0.1,-8589877,6893,9195,0.0,0.0
1650.730,165073,2,0.1,16204592,6893,9195,0.0,0.0
1650.740,165074,2,0.1,18656146,6893,9195,0.0,0.0
1650.750,165075,2,0.1,24168093,6893,9195,0.0,0.0
1650.760,165076,2,0.1,-3896303,6893,9195,0.0,0.0
1650.770,165077,2,0.1,-195813,6893,9195,0.0,0.0
1650.780,165078,2,0.1,-11566505,6893,9195,0.0,0.0
1650.790,165079,2,0.1,25484496,6893,9195,0.0,0.0
1650.800,165080,2,0.1,19988742,6893,9195,0.0,0.0
1650.810,165081,2,0.1,2484403,6893,9195,0.0,0.0
1650.820,165082,2,0.1,673285,6893,9195,0.0,0.0
1650.830,165083,2,0.1,-2486399,6893,9195,0.0,0.0
1650.840,165084,2,0.1,-4521318,6893,9195,0.0,0.0
1650.850,165085,2,0.1,-25092768,6893,9195,0.0,0.0
1650.860,165086,2,0.1,-7379350,6893,9195,0.0,0.0
1650.870,165087,2,0.1,3052218,6893,9195,0.0,0.0
1650.880,165088,2,0.1,15379404,6893,9195,0.0,0.0
1650.890,165089,2,0.1,-5849726,6893,9195,0.0,0.0
1650.900,165090,2,0.1,-12268655,6893,9195,0.0,0.0
1650.910,165091,2,0.1,-842821,6893,9195,0.0,0.0
1650.920,165092,2,0.1,24104980,6893,9195,0.0,0.0
1650.930,165093,2,0.1,5161201,6893,9195,0.0,0.0
1650.940,165094,2,0.1,-19069056,6893,9195,0.0,0.0
1650.950,165095,2,0.1,3957171,6893,9195,0.0,0.0
1650.960,165096,2,0.1,15346541,6893,9195,0.0,0.0
1650.970,165097,2,0.1,-3377113,6893,9195,0.0,0.0
1650.980,165098,2,0.1,7842728,6893,9195,0.0,0.0
1650.990,165099,2,0.1,5365973,6893,9195,0.0,0.0
1651.000,165100,2,0.1,-374947,6893,9195,0.0,0.0
1651.010,165101,2,0.1,-9441888,6893,9195,0.0,0.0
1651.020,165102,2,0.1,-8270859,6893,9195,0.0,0.0
1651.030,165103,2,0.1,5041026,6893,9195,0.0,0.0
1651.040,165104,2,0.1,13021278,6893,9195,0.0,0.0
1651.050,165105,2,0.1,-28185436,6893,9195,0.0,0.0
1651.060,165106,2,0.1,-5843027,6893,9195,0.0,0.0
1651.070,165107,2,0.1,6769349,6893,9195,0.0,0.0
1651.080,165108,2,0.1,-12970069,6893,9195,0.0,0.0
1651.090,165109,2,0.1,24978953,6893,9195,0.0,0.0
1651.100,165110,2,0.1,-14869159,6893,9195,0.0,0.0
1651.110,165111,2,0.1,16157517,6893,9195,0.0,0.0
1651.120,165112,2,0.1,1700443,6893,9195,0.0,0.0
1651.130,165113,2,0.1,6909818,6893,9195,0.0,0.0
1651.140,165114,2,0.1,15797961,6893,9195,0.0,0.0
1651.150,165115,2,0.1,-11143747,6893,9195,0.0,0.0
1651.160,165116,2,0.1,7002607,6893,9195,0.0,0.0
1651.170,165117,2,0.1,-2629198,6893,9195,0.0,0.0
1651.180,165118,2,0.1,-1810863,6893,9195,0.0,0.0
1651.190,165119,2,0.1,-4396872,6893,9195,0.0,0.0
1651.200,165120,2,0.1,-10381416,6893,9195,0.0,0.0
1651.210,165121,2,0.1,-9300170,6893,9195,0.0,0.0
1651.220,165122,2,0.1,-3169217,6893,9195,0.0,0.0
1651.230,165123,2,0.1,-8092318,6893,9195,0.0,0.0
1651.240,165124,2,0.1,19684471,6893,9195,0.0,0.0
1651.250,165125,2,0.1,546860,6893,9195,0.0,0.0
1651.260,165126,2,0.1,-7257236,6893,9195,0.0,0.0
1651.270,165127,2,0.1,1441510,6893,9195,0.0,0.0
1651.280,165128,2,0.1,1542696,6893,9195,0.0,0.0
1651.290,165129,2,0.1,2589332,6893,9195,0.0,0.0
1651.300,165130,2,0.1,31087226,6893,9195,0.0,0.0
1651.310,165131,2,0.1,-18671815,6893,9195,0.0,0.0
1651.320,165132,2,0.1,15384518,6893,9195,0.0,0.0
1651.330,165133,2,0.1,-5142057,6893,9195,0.0,0.0
1651.340,165134,2,0.1,6095343,6893,9195,0.0,0.0
1651.350,165135,2,0.1,2717444,6893,9195,0.0,0.0
1651.360,165136,2,0.1,-18622402,6893,9190,0.0,0.0
1651.370,165137,2,0.1,-5010704,6893,9190,0.0,0.0
1651.380,165138,2,0.1,28440525,6893,9190,0.0,0.0
1651.390,165139,2,0.1,30642092,6893,9190,0.0,0.0
1651.400,165140,2,0.1,3198287,6893,9190,0.0,0.0
1651.410,165141,2,0.1,2688036,6893,9185,0.0,0.0
1651.420,165142,2,0.1,18236245,6893,9185,0.0,0.0
1651.430,165143,2,0.1,14125027,6893,9185,0.0,0.0
1651.440,165144,2,0.1,-10760054,6893,9185,0.0,0.0
1651.450,165145,2,0.1,-3719228,6893,9185,0.0,0.0
1651.460,165146,2,0.1,-15226194,6893,9190,0.0,0.0
1651.470,165147,2,0.1,6241348,6893,9190,0.0,0.0
1651.480,165148,2,0.1,-29260579,6893,9190,0.0,0.0
1651.490,165149,2,0.1,-3698667,6893,9190,0.0,0.0
1651.500,165150,2,0.1,-1709751,6893,9190,0.0,0.0
1651.510,165151,2,0.1,-8674764,6893,9185,0.0,0.0
1651.520,165152,2,0.1,-1487328,6893,9185,0.0,0.0
1651.530,165153,2,0.1,18327582,6893,9185,0.0,0.0
1651.540,165154,2,0.1,-4825182,6893,9185,0.0,0.0
1651.550,165155,2,0.1,-20070228,6893,9185,0.0,0.0
1651.560,165156,2,0.1,-11825983,6893,9190,0.0,0.0
1651.570,165157,2,0.1,-5788704,6893,9190,0.0,0.0
1651.580,165158,2,0.1,8129867,6893,9190,0.0,0.0
1651.590,165159,2,0.1,20800838,6893,9190,0.0,0.0
1651.600,165160,2,0.1,21049781,6893,9190,0.0,0.0
1651.610,165161,2,0.1,1910093,6893,9195,0.0,0.0
1651.620,165162,2,0.1,-3730002,6893,9195,0.0,0.0
1651.630,165163,2,0.1,10000772,6893,9195,0.0,0.0
1651.640,165164,2,0.1,-2804009,6893,9195,0.0,0.0
1651.650,165165,2,0.1,6414560,6893,9195,0.0,0.0
1651.660,165166,2,0.1,-7257536,6893,9190,0.0,0.0
1651.670,165167,2,0.1,1284166,6893,9190,0.0,0.0
1651.680,165168,2,0.1,10932243,6893,9190,0.0,0.0
1651.690,165169,2,0.1,-5855358,6893,9190,0.0,0.0
1651.700,165170,2,0.1,6070271,6893,9190,0.0,0.0
1651.710,165171,2,0.1,22450599,6893,9185,0.0,0.0
1651.720,165172,2,0.1,24944500,6893,9185,0.0,0.0
1651.730,165173,2,0.1,-2196071,6893,9185,0.0,0.0
1651.740,165174,2,0.1,9067167,6893,9185,0.0,0.0
1651.750,165175,2,0.1,-14624002,6893,9185,0.0,0.0
1651.760,165176,2,0.1,-17982960,6893,9190,0.0,0.0
1651.770,165177,2,0.1,-20688650,6893,9190,0.0,0.0
1651.780,165178,2,0.1,23849245,6893,9190,0.0,0.0
1651.790,165179,2,0.1,-19656496,6893,9190,0.0,0.0
1651.800,165180,2,0.1,10897127,6893,9190,0.0,0.0
1651.810,165181,2,0.1,441280,6893,9195,0.0,0.0
1651.820,165182,2,0.1,2376430,6893,9195,0.0,0.0
1651.830,165183,2,0.1,-10973719,6893,9195,0.0,0.0
1651.840,165184,2,0.1,7414885,6893,9195,0.0,0.0
1651.850,165185,2,0.1,-15162164,6893,9195,0.0,0.0
1651.860,165186,2,0.1,-6066853,6893,9200,0.0,0.0
1651.870,165187,2,0.1,-1112949,6893,9200,0.0,0.0
1651.880,165188,2,0.1,14849690,6893,9200,0.0,0.0
1651.890,165189,2,0.1,15839802,6893,9200,0.0,0.0
1651.900,165190,2,0.1,-6504021,6893,9200,0.0,0.0
1651.910,165191,2,0.1,-15060923,6893,9195,0.0,0.0
1651.920,165192,2,0.1,-21404997,6893,9195,0.0,0.0
1651.930,165193,2,0.1,-5266177,6893,9195,0.0,0.0
1651.940,165194,2,0.1,-28177069,6893,9195,0.0,0.0
1651.950,165195,2,0.1,26009271,6893,9195,0.0,0.0
1651.960,165196,2,0.1,-2839418,6893,9190,0.0,0.0
1651.970,165197,2,0.1,19838153,6893,9190,0.0,0.0
1651.980,165198,2,0.1,42208873,6893,9190,0.0,0.0
1651.990,165199,2,0.1,25395065,6893,9190,0.0,0.0
1652.000,165200,2,0.1,9806817,6893,9190,0.0,0.0
1652.010,165201,2,0.1,-5297990,6893,9185,0.0,0.0
1652.020,165202,2,0.1,13123011,6893,9185,0.0,0.0
1652.030,165203,2,0.1,4265449,6893,9185,0.0,0.0
1652.040,165204,2,0.1,-14461541,6893,9185,0.0,0.0
1652.050,165205,2,0.1,-6831707,6893,9185,0.0,0.0
1652.060,165206,2,0.1,-4594930,6893,9180,0.0,0.0
1652.070,165207,2,0.1,-14988804,6893,9180,0.0,0.0
1652.080,165208,2,0.1,-27522441,6893,9180,0.0,0.0
1652.090,165209,2,0.1,33386993,6893,9180,0.0,0.0
1652.100,165210,2,0.1,-8298480,6893,9180,0.0,0.0
1652.110,165211,2,0.1,-14914366,6893,9185,0.0,0.0
1652.120,165212,2,0.1,-8361593,6893,9185,0.0,0.0
1652.130,165213,2,0.1,43612274,6893,9185,0.0,0.0
1652.140,165214,2,0.1,-1318965,6893,9185,0.0,0.0
1652.150,165215,2,0.1,-10376012,6893,9185,0.0,0.0
1652.160,165216,2,0.1,7104340,6893,9190,0.0,0.0
1652.170,165217,2,0.1,309032,6893,9190,0.0,0.0
1652.180,165218,2,0.1,6964767,6893,9190,0.0,0.0
1652.190,165219,2,0.1,-7083879,6893,9190,0.0,0.0
1652.200,165220,2,0.1,-6949237,6893,9190,0.0,0.0
1652.210,165221,2,0.1,-27331781,6893,9195,0.0,0.0
1652.220,165222,2,0.1,-21148236,6893,9195,0.0,0.0
1652.230,165223,2,0.1,-23792027,6893,9195,0.0,0.0
1652.240,165224,2,0.1,24175669,6893,9195,0.0,0.0
1652.250,165225,2,0.1,5875537,6893,9195,0.0,0.0
1652.260,165226,2,0.1,3603736,6893,9200,0.0,0.0
1652.270,165227,2,0.1,-32774402,6893,9200,0.0,0.0
1652.280,165228,2,0.1,-16612595,6893,9200,0.0,0.0
1652.290,165229,2,0.1,20025051,6893,9200,0.0,0.0
1652.300,165230,2,0.1,-21700353,6893,9200,0.0,0.0
1652.310,165231,2,0.1,16839538,6893,9195,0.0,0.0
1652.320,165232,2,0.1,-3381171,6893,9195,0.0,0.0
1652.330,165233,2,0.1,-7715436,6893,9195,0.0,0.0
1652.340,165234,2,0.1,8182542,6893,9195,0.0,0.0
1652.350,165235,2,0.1,-5052727,6893,9195,0.0,0.0
1652.360,165236,2,0.1,-5375688,6893,9200,0.0,0.0
1652.370,165237,2,0.1,12749976,6893,9200,0.0,0.0
1652.380,165238,2,0.1,2311666,6893,9200,0.0,0.0
1652.390,165239,2,0.1,7117795,6893,9200,0.0,0.0
1652.400,165240,2,0.1,-13676775,6893,9200,0.0,0.0
1652.410,165241,2,0.1,2747130,6893,9195,0.0,0.0
1652.420,165242,2,0.1,20984709,6893,9195,0.0,0.0
1652.430,165243,2,0.1,3262192,6893,9195,0.0,0.0
1652.440,165244,2,0.1,-10520514,6893,9195,0.0,0.0
1652.450,165245,2,0.1,-7683459,6893,9195,0.0,0.0
1652.460,165246,2,0.1,1966350,6893,9190,0.0,0.0
1652.470,165247,2,0.1,-3291829,6893,9190,0.0,0.0
1652.480,165248,2,0.1,7448565,6893,9190,0.0,0.0
1652.490,165249,2,0.1,-16063244,6893,9190,0.0,0.0
1652.500,165250,2,0.1,11584449,6893,9190,0.0,0.0
1652.510,165251,2,0.1,19001000,6893,9185,0.0,0.0
1652.520,165252,2,0.1,-11942013,6893,9185,0.0,0.0
1652.530,165253,2,0.1,2609265,6893,9185,0.0,0.0
1652.540,165254,2,0.1,7792923,6893,9185,0.0,0.0
1652.550,165255,2,0.1,13412628,6893,9185,0.0,0.0
1652.560,165256,2,0.1,25941563,6893,9180,0.0,0.0
1652.570,165257,2,0.1,18700191,6893,9180,0.0,0.0
1652.580,165258,2,0.1,-973848,6893,9180,0.0,0.0
1652.590,165259,2,0.1,-888380,6893,9180,0.0,0.0
1652.600,165260,2,0.1,-10405042,6893,9180,0.0,0.0
1652.610,165261,2,0.1,29827758,6893,9175,0.0,0.0
1652.620,165262,2,0.1,-17318469,6893,9175,0.0,0.0
1652.630,165263,2,0.1,25407950,6893,9175,0.0,0.0
1652.640,165264,2,0.1,-23566187,6893,9175,0.0,0.0
1652.650,165265,2,0.1,-11813747,6893,9175,0.0,0.0
1652.660,165266,2,0.1,29582021,6893,9180,0.0,0.0
1652.670,165267,2,0.1,5424953,6893,9180,0.0,0.0
1652.680,165268,2,0.1,7539648,6893,9180,0.0,0.0
1652.690,165269,2,0.1,6696690,6893,9180,0.0,0.0
1652.700,165270,2,0.1,5641907,6893,9180,0.0,0.0
1652.710,165271,2,0.1,8539261,6893,9175,0.0,0.0
1652.720,165272,2,0.1,26284449,6893,9175,0.0,0.0
1652.730,165273,2,0.1,6453767,6893,9175,0.0,0.0
1652.740,165274,2,0.1,16165040,6893,9175,0.0,0.0
1652.750,165275,2,0.1,-575322,6893,9175,0.0,0.0
1652.760,165276,2,0.1,17566556,6893,9170,0.0,0.0
1652.770,165277,2,0.1,-29886017,6893,9170,0.0,0.0
1652.780,165278,2,0.1,6542057,6893,9170,0.0,0.0
1652.790,165279,2,0.1,-3595178,6893,9170,0.0,0.0
1652.800,165280,2,0.1,22547788,6893,9170,0.0,0.0
1652.810,165281,2,0.1,12121826,6893,9175,0.0,0.0
1652.820,165282,2,0.1,-2995576,6893,9175,0.0,0.0
1652.830,165283,2,0.1,179425,6893,9175,0.0,0.0
1652.840,165284,2,0.1,9635298,6893,9175,0.0,0.0
1652.850,165285,2,0.1,-6787890,6893,9175,0.0,0.0
1652.860,165286,2,0.1,11276645,6893,9170,0.0,0.0
1652.870,165287,2,0.1,22830217,6893,9170,0.0,0.0
1652.880,165288,2,0.1,8976079,6893,9170,0.0,0.0
1652.890,165289,2,0.1,1347876,6893,9170,0.0,0.0
1652.900,165290,2,0.1,-26279535,6893,9170,0.0,0.0
1652.910,165291,2,0.1,16095476,6893,9165,0.0,0.0
1652.920,165292,2,0.1,-36431666,6893,9165,0.0,0.0
1652.930,165293,2,0.1,25100846,6893,9165,0.0,0.0
1652.940,165294,2,0.1,19427645,6893,9165,0.0,0.0
1652.950,165295,2,0.1,-15168187,6893,9165,0.0,0.0
1652.960,165296,2,0.1,9101858,6893,9160,0.0,0.0
1652.970,165297,2,0.1,-21852494,6893,9160,0.0,0.0
1652.980,165298,2,0.1,18999246,6893,9160,0.0,0.0
1652.990,165299,2,0.1,-40119514,6893,9160,0.0,0.0
1653.000,165300,2,0.1,-18492747,6893,9160,0.0,0.0
1653.010,165301,2,0.1,-6694303,6893,9155,0.0,0.0
1653.020,165302,2,0.1,-18740622,6893,9155,0.0,0.0
1653.030,165303,2,0.1,325435,6893,9155,0.0,0.0
1653.040,165304,2,0.1,-822366,6893,9155,0.0,0.0
1653.050,165305,2,0.1,-8312578,6893,9155,0.0,0.0
1653.060,165306,2,0.1,19211188,6893,9160,0.0,0.0
1653.070,165307,2,0.1,4460021,6893,9160,0.0,0.0
1653.080,165308,2,0.1,-5549802,6893,9160,0.0,0.0
1653.090,165309,2,0.1,-9344922,6893,9160,0.0,0.0
1653.100,165310,2,0.1,-11395903,6893,9160,0.0,0.0
1653.110,165311,2,0.1,-10530816,6893,9165,0.0,0.0
1653.120,165312,2,0.1,16327524,6893,9165,0.0,0.0
1653.130,165313,2,0.1,4155116,6893,9165,0.0,0.0
1653.140,165314,2,0.1,-1195541,6893,9165,0.0,0.0
1653.150,165315,2,0.1,916578,6893,9165,0.0,0.0
1653.160,165316,2,0.1,12749198,6893,9170,0.0,0.0
1653.170,165317,2,0.1,-19684848,6893,9170,0.0,0.0
1653.180,165318,2,0.1,8220107,6893,9170,0.0,0.0
1653.190,165319,2,0.1,16337626,6893,9170,0.0,0.0
1653.200,165320,2,0.1,34422325,6893,9170,0.0,0.0
1653.210,165321,2,0.1,-17483453,6893,9165,0.0,0.0
1653.220,165322,2,0.1,-8500133,6893,9165,0.0,0.0
1653.230,165323,2,0.1,12443689,6893,9165,0.0,0.0
1653.240,165324,2,0.1,33704354,6893,9165,0.0,0.0
1653.250,165325,2,0.1,7471099,6893,9165,0.0,0.0
1653.260,165326,2,0.1,-12657472,6893,9170,0.0,0.0
1653.270,165327,2,0.1,13781478,6893,9170,0.0,0.0
1653.280,165328,2,0.1,27313107,6893,9170,0.0,0.0
1653.290,165329,2,0.1,-5262704,6893,9170,0.0,0.0
1653.300,165330,2,0.1,-20218178,6893,9170,0.0,0.0
1653.310,165331,2,0.1,7677360,6893,9175,0.0,0.0
1653.320,165332,2,0.1,19656789,6893,9175,0.0,0.0
1653.330,165333,2,0.1,-27369054,6893,9175,0.0,0.0
1653.340,165334,2,0.1,15849919,6893,9175,0.0,0.0
1653.350,165335,2,0.1,-27114171,6893,9175,0.0,0.0
1653.360,165336,2,0.1,-13627553,6893,9180,0.0,0.0
1653.370,165337,2,0.1,-12255338,6893,9180,0.0,0.0
1653.380,165338,2,0.1,-25919756,6893,9180,0.0,0.0
1653.390,165339,2,0.1,-13780796,6893,9180,0.0,0.0
1653.400,165340,2,0.1,-144103,6893,9180,0.0,0.0
1653.410,165341,2,0.1,-7749620,6893,9185,0.0,0.0
1653.420,165342,2,0.1,4884143,6893,9185,0.0,0.0
1653.430,165343,2,0.1,-35787652,6893,9185,0.0,0.0
1653.440,165344,2,0.1,-17381878,6893,9185,0.0,0.0
1653.450,165345,2,0.1,-21236125,6893,9185,0.0,0.0
1653.460,165346,2,0.1,-23610631,6893,9190,0.0,0.0
1653.470,165347,2,0.1,-27567247,6893,9190,0.0,0.0
1653.480,165348,2,0.1,136030,6893,9190,0.0,0.0
1653.490,165349,2,0.1,-5440041,6893,9190,0.0,0.0
1653.500,165350,2,0.1,-14930625,6893,9190,0.0,0.0
1653.510,165351,2,0.1,5290165,6893,9195,0.0,0.0
1653.520,165352,2,0.1,2303257,6893,9195,0.0,0.0
1653.530,165353,2,0.1,8577754,6893,9195,0.0,0.0
1653.540,165354,2,0.1,10651174,6893,9195,0.0,0.0
1653.550,165355,2,0.1,-13143274,6893,9195,0.0,0.0
1653.560,165356,2,0.1,18517621,6893,9200,0.0,0.0
1653.570,165357,2,0.1,-18859649,6893,9200,0.0,0.0
1653.580,165358,2,0.1,5102487,6893,9200,0.0,0.0
1653.590,165359,2,0.1,-17225927,6893,9200,0.0,0.0
1653.600,165360,2,0.1,-19068470,6893,9200,0.0,0.0
1653.610,165361,2,0.1,-15078260,6893,9195,0.0,0.0
1653.620,165362,2,0.1,-13902973,6893,9195,0.0,0.0
1653.630,165363,2,0.1,12896020,6893,9195,0.0,0.0
1653.640,165364,2,0.1,9928715,6893,9195,0.0,0.0
1653.650,165365,2,0.1,5628057,6893,9195,0.0,0.0
1653.660,165366,2,0.1,17491403,6893,9200,0.0,0.0
1653.670,165367,2,0.1,-14772840,6893,9200,0.0,0.0
1653.680,165368,2,0.1,-17570879,6893,9200,0.0,0.0
1653.690,165369,2,0.1,-1595690,6893,9200,0.0,0.0
1653.700,165370,2,0.1,-22823816,6893,9200,0.0,0.0
1653.710,165371,2,0.1,19736248,6893,9200,0.0,0.0
1653.720,165372,2,0.1,-3967685,6893,9200,0.0,0.0
1653.730,165373,2,0.1,-14240979,6893,9200,0.0,0.0
1653.740,165374,2,0.1,-17125133,6893,9200,0.0,0.0
1653.750,165375,2,0.1,-19120611,6893,9200,0.0,0.0
1653.760,165376,2,0.1,-21176825,6893,9200,0.0,0.0
1653.770,165377,2,0.1,19016640,6893,9200,0.0,0.0
1653.780,165378,2,0.1,-2675412,6893,9200,0.0,0.0
1653.790,165379,2,0.1,5530348,6893,9200,0.0,0.0
1653.800,165380,2,0.1,-9307893,6893,9200,0.0,0.0
1653.810,165381,2,0.1,-16086414,6893,9200,0.0,0.0
1653.820,165382,2,0.1,-8593661,6893,9200,0.0,0.0
1653.830,165383,2,0.1,-11962854,6893,9200,0.0,0.0
1653.840,165384,2,0.1,4756589,6893,9200,0.0,0.0
1653.850,165385,2,0.1,3195973,6893,9200,0.0,0.0
1653.860,165386,2,0.1,-5546707,6893,9200,0.0,0.0
1653.870,165387,2,0.1,-4987980,6893,9200,0.0,0.0
1653.880,165388,2,0.1,-19605941,6893,9200,0.0,0.0
1653.890,165389,2,0.1,-7862092,6893,9200,0.0,0.0
1653.900,165390,2,0.1,-4672491,6893,9200,0.0,0.0
1653.910,165391,2,0.1,3676372,6893,9200,0.0,0.0
1653.920,165392,2,0.1,25989030,6893,9200,0.0,0.0
1653.930,165393,2,0.1,-11187825,6893,9200,0.0,0.0
1653.940,165394,2,0.1,-24620944,6893,9200,0.0,0.0
1653.950,165395,2,0.1,21755348,6893,9200,0.0,0.0
1653.960,165396,2,0.1,26195082,6893,9200,0.0,0.0
1653.970,165397,2,0.1,-10642855,6893,9200,0.0,0.0
1653.980,165398,2,0.1,-17921700,6893,9200,0.0,0.0
1653.990,165399,2,0.1,-16240656,6893,9200,0.0,0.0
1654.000,165400,2,0.1,2771341,6893,9200,0.0,0.0
1654.010,165401,2,0.1,1496078,6893,9200,0.0,0.0
1654.020,165402,2,0.1,-14913173,6893,9200,0.0,0.0
1654.030,165403,2,0.1,25228794,6893,9200,0.0,0.0
1654.040,165404,2,0.1,5066380,6893,9200,0.0,0.0
1654.050,165405,2,0.1,-4820589,6893,9200,0.0,0.0
1654.060,165406,2,0.1,-1676275,6893,9200,0.0,0.0
1654.070,165407,2,0.1,10642521,6893,9200,0.0,0.0
1654.080,165408,2,0.1,-16566302,6893,9200,0.0,0.0
1654.090,165409,2,0.1,-35805932,6893,9200,0.0,0.0
1654.100,165410,2,0.1,-12839587,6893,9200,0.0,0.0
1654.110,165411,2,0.1,286855,6893,9200,0.0,0.0
1654.120,165412,2,0.1,-9222119,6893,9200,0.0,0.0
1654.130,165413,2,0.1,-3080371,6893,9200,0.0,0.0
1654.140,165414,2,0.1,-5585476,6893,9200,0.0,0.0
1654.150,165415,2,0.1,5634504,6893,9200,0.0,0.0
1654.160,165416,2,0.1,16457045,6893,9200,0.0,0.0
1654.170,165417,2,0.1,-20749699,6893,9200,0.0,0.0
1654.180,165418,2,0.1,-5978191,6893,9200,0.0,0.0
1654.190,165419,2,0.1,6282500,6893,9200,0.0,0.0
1654.200,165420,2,0.1,-27010707,6893,9200,0.0,0.0
1654.210,165421,2,0.1,-25033363,6893,9200,0.0,0.0
1654.220,165422,2,0.1,1098437,6893,9200,0.0,0.0
1654.230,165423,2,0.1,3898635,6893,9200,0.0,0.0
1654.240,165424,2,0.1,-5043255,6893,9200,0.0,0.0
1654.250,165425,2,0.1,-4763523,6893,9200,0.0,0.0
1654.260,165426,2,0.1,909846,6893,9200,0.0,0.0
1654.270,165427,2,0.1,-2757999,6893,9200,0.0,0.0
1654.280,165428,2,0.1,-11416156,6893,9200,0.0,0.0
1654.290,165429,2,0.1,886829,6893,9200,0.0,0.0
1654.300,165430,2,0.1,-16962124,6893,9200,0.0,0.0
1654.310,165431,2,0.1,-3233630,6893,9200,0.0,0.0
1654.320,165432,2,0.1,17124762,6893,9200,0.0,0.0
1654.330,165433,2,0.1,-22068964,6893,9200,0.0,0.0
1654.340,165434,2,0.1,-11596015,6893,9200,0.0,0.0
1654.350,165435,2,0.1,-14918280,6893,9200,0.0,0.0
1654.360,165436,2,0.1,19337444,6893,9200,0.0,0.0
1654.370,165437,2,0.1,-874339,6893,9200,0.0,0.0
1654.380,165438,2,0.1,23115406,6893,9200,0.0,0.0
1654.390,165439,2,0.1,60994,6893,9200,0.0,0.0
1654.400,165440,2,0.1,4606250,6893,9200,0.0,0.0
1654.410,165441,2,0.1,35200537,6893,9200,0.0,0.0
1654.420,165442,2,0.1,-23149860,6893,9200,0.0,0.0
1654.430,165443,2,0.1,20374142,6893,9200,0.0,0.0
1654.440,165444,2,0.1,6505797,6893,9200,0.0,0.0
1654.450,165445,2,0.1,-12837004,6893,9200,0.0,0.0
1654.460,165446,2,0.1,3072122,6893,9200,0.0,0.0
1654.470,165447,2,0.1,-6099496,6893,9200,0.0,0.0
1654.480,165448,2,0.1,3084005,6893,9200,0.0,0.0
1654.490,165449,2,0.1,-24336892,6893,9200,0.0,0.0
1654.500,165450,2,0.1,-6590538,6893,9200,0.0,0.0
1654.510,165451,2,0.1,-11763616,6893,9200,0.0,0.0
1654.520,165452,2,0.1,-21193492,6893,9200,0.0,0.0
1654.530,165453,2,0.1,32591753,6893,9200,0.0,0.0
1654.540,165454,2,0.1,-6318096,6893,9200,0.0,0.0
1654.550,165455,2,0.1,-43299551,6893,9200,0.0,0.0
1654.560,165456,2,0.1,7862540,6893,9200,0.0,0.0
1654.570,165457,2,0.1,-28454032,6893,9200,0.0,0.0
1654.580,165458,2,0.1,-38306343,6893,9200,0.0,0.0
1654.590,165459,2,0.1,7867532,6893,9200,0.0,0.0
1654.600,165460,2,0.1,-11930705,6893,9200,0.0,0.0
1654.610,165461,2,0.1,-19989448,6893,9200,0.0,0.0
1654.620,165462,2,0.1,-24693518,6893,9200,0.0,0.0
1654.630,165463,2,0.1,-743828,6893,9200,0.0,0.0
1654.640,165464,2,0.1,-31412659,6893,9200,0.0,0.0
1654.650,165465,2,0.1,10235936,6893,9200,0.0,0.0
1654.660,165466,2,0.1,-12851223,6893,9200,0.0,0.0
1654.670,165467,2,0.1,-20382154,6893,9200,0.0,0.0
1654.680,165468,2,0.1,11928672,6893,9200,0.0,0.0
1654.690,165469,2,0.1,-2099374,6893,9200,0.0,0.0
1654.700,165470,2,0.1,-7837708,6893,9200,0.0,0.0
1654.710,165471,2,0.1,22084043,6893,9200,0.0,0.0
1654.720,165472,2,0.1,17250698,6893,9200,0.0,0.0
1654.730,165473,2,0.1,8508173,6893,9200,0.0,0.0
1654.740,165474,2,0.1,-9086960,6893,9200,0.0,0.0
1654.750,165475,2,0.1,6987162,6893,9200,0.0,0.0
1654.760,165476,2,0.1,21104828,6893,9200,0.0,0.0
1654.770,165477,2,0.1,1190627,6893,9200,0.0,0.0
1654.780,165478,2,0.1,-5585716,6893,9200,0.0,0.0
1654.790,165479,2,0.1,-17983463,6893,9200,0.0,0.0
1654.800,165480,2,0.1,-16854706,6893,9200,0.0,0.0
1654.810,165481,2,0.1,22573314,6893,9200,0.0,0.0
1654.820,165482,2,0.1,4814309,6893,9200,0.0,0.0
1654.830,165483,2,0.1,6127266,6893,9200,0.0,0.0
1654.840,165484,2,0.1,-17041061,6893,9200,0.0,0.0
1654.850,165485,2,0.1,-10780358,6893,9200,0.0,0.0
1654.860,165486,2,0.1,-13499903,6893,9200,0.0,0.0
1654.870,165487,2,0.1,5046431,6893,9200,0.0,0.0
1654.880,165488,2,0.1,-25976431,6893,9200,0.0,0.0
1654.890,165489,2,0.1,-16828712,6893,9200,0.0,0.0
1654.900,165490,2,0.1,-14573363,6893,9200,0.0,0.0
1654.910,165491,2,0.1,-29191345,6893,9200,0.0,0.0
1654.920,165492,2,0.1,-13378789,6893,9200,0.0,0.0
1654.930,165493,2,0.1,1650478,6893,9200,0.0,0.0
1654.940,165494,2,0.1,-14694028,6893,9200,0.0,0.0
1654.950,165495,2,0.1,12785581,6893,9200,0.0,0.0
1654.960,165496,2,0.1,-20059998,6893,9200,0.0,0.0
1654.970,165497,2,0.1,-2099803,6893,9200,0.0,0.0
1654.980,165498,2,0.1,2079889,6893,9200,0.0,0.0
1654.990,165499,2,0.1,1457603,6893,9200,0.0,0.0
1655.000,165500,2,0.1,-14736221,6893,9200,0.0,0.0
1655.010,165501,2,0.1,17974458,6893,9200,0.0,0.0
1655.020,165502,2,0.1,-531954,6893,9200,0.0,0.0
1655.030,165503,2,0.1,-14231782,6893,9200,0.0,0.0
1655.040,165504,2,0.1,984083,6893,9200,0.0,0.0
1655.050,165505,2,0.1,-16407963,6893,9200,0.0,0.0
1655.060,165506,2,0.1,-4199178,6893,9200,0.0,0.0
1655.070,165507,2,0.1,-7218792,6893,9200,0.0,0.0
1655.080,165508,2,0.1,-1506440,6893,9200,0.0,0.0
1655.090,165509,2,0.1,-21869908,6893,9200,0.0,0.0
1655.100,165510,2,0.1,-11832581,6893,9200,0.0,0.0
1655.110,165511,2,0.1,440583,6893,9200,0.0,0.0
1655.120,165512,2,0.1,16897222,6893,9200,0.0,0.0
1655.130,165513,2,0.1,17888884,6893,9200,0.0,0.0
1655.140,165514,2,0.1,-13910035,6893,9200,0.0,0.0
1655.150,165515,2,0.1,-35696997,6893,9200,0.0,0.0
1655.160,165516,2,0.1,9824621,6893,9200,0.0,0.0
1655.170,165517,2,0.1,8316342,6893,9200,0.0,0.0
1655.180,165518,2,0.1,-22846223,6893,9200,0.0,0.0
1655.190,165519,2,0.1,15346102,6893,9200,0.0,0.0
1655.200,165520,2,0.1,34541032,6893,9200,0.0,0.0
1655.210,165521,2,0.1,14328414,6893,9200,0.0,0.0
1655.220,165522,2,0.1,-10687746,6893,9200,0.0,0.0
1655.230,165523,2,0.1,21967284,6893,9200,0.0,0.0
1655.240,165524,2,0.1,-11016789,6893,9200,0.0,0.0
1655.250,165525,2,0.1,-6343786,6893,9200,0.0,0.0
1655.260,165526,2,0.1,-7252526,6893,9200,0.0,0.0
1655.270,165527,2,0.1,17174297,6893,9200,0.0,0.0
1655.280,165528,2,0.1,1604906,6893,9200,0.0,0.0
1655.290,165529,2,0.1,-12994454,6893,9200,0.0,0.0
1655.300,165530,2,0.1,-1978865,6893,9200,0.0,0.0
1655.310,165531,2,0.1,27525098,6893,9200,0.0,0.0
1655.320,165532,2,0.1,-4485948,6893,9200,0.0,0.0
1655.330,165533,2,0.1,862879,6893,9200,0.0,0.0
1655.340,165534,2,0.1,35295760,6893,9200,0.0,0.0
1655.350,165535,2,0.1,3798029,6893,9200,0.0,0.0
1655.360,165536,2,0.1,6996789,6893,9200,0.0,0.0
1655.370,165537,2,0.1,-21008494,6893,9200,0.0,0.0
1655.380,165538,2,0.1,-16535632,6893,9200,0.0,0.0
1655.390,165539,2,0.1,-6273118,6893,9200,0.0,0.0
1655.400,165540,2,0.1,9591239,6893,9200,0.0,0.0
1655.410,165541,2,0.1,5459227,6893,9200,0.0,0.0
1655.420,165542,2,0.1,-9129218,6893,9200,0.0,0.0
1655.430,165543,2,0.1,-8656452,6893,9200,0.0,0.0
1655.440,165544,2,0.1,-10008749,6893,9200,0.0,0.0
1655.450,165545,2,0.1,2596132,6893,9200,0.0,0.0
1655.460,165546,2,0.1,10271428,6893,9200,0.0,0.0
1655.470,165547,2,0.1,14290685,6893,9200,0.0,0.0
1655.480,165548,2,0.1,-28975375,6893,9200,0.0,0.0
1655.490,165549,2,0.1,15446470,6893,9200,0.0,0.0
1655.500,165550,2,0.1,-9123679,6893,9200,0.0,0.0
1655.510,165551,2,0.1,-7821884,6893,9200,0.0,0.0
1655.520,165552,2,0.1,6544489,6893,9200,0.0,0.0
1655.530,165553,2,0.1,13443542,6893,9200,0.0,0.0
1655.540,165554,2,0.1,-15917910,6893,9200,0.0,0.0
1655.550,165555,2,0.1,-18243131,6893,9200,0.0,0.0
1655.560,165556,2,0.1,-9236581,6893,9200,0.0,0.0
1655.570,165557,2,0.1,-29103335,6893,9200,0.0,0.0
1655.580,165558,2,0.1,-33809654,6893,9200,0.0,0.0
1655.590,165559,2,0.1,-13024744,6893,9200,0.0,0.0
1655.600,165560,2,0.1,-5202860,6893,9200,0.0,0.0
1655.610,165561,2,0.1,6761560,6893,9200,0.0,0.0
1655.620,165562,2,0.1,5927956,6893,9200,0.0,0.0
1655.630,165563,2,0.1,6845257,6893,9200,0.0,0.0
1655.640,165564,2,0.1,3238222,6893,9200,0.0,0.0
1655.650,165565,2,0.1,-4563947,6893,9200,0.0,0.0
1655.660,165566,2,0.1,2672632,6893,9200,0.0,0.0
1655.670,165567,2,0.1,-14194628,6893,9200,0.0,0.0
1655.680,165568,2,0.1,-1206696,6893,9200,0.0,0.0
1655.690,165569,2,0.1,33052177,6893,9200,0.0,0.0
1655.700,165570,2,0.1,1752292,6893,9200,0.0,0.0
1655.710,165571,2,0.1,12356525,6893,9200,0.0,0.0
1655.720,165572,2,0.1,1029251,6893,9200,0.0,0.0
1655.730,165573,2,0.1,-25323055,6893,9200,0.0,0.0
1655.740,165574,2,0.1,-8984065,6893,9200,0.0,0.0
1655.750,165575,2,0.1,5052113,6893,9200,0.0,0.0
1655.760,165576,2,0.1,-1601302,6893,9200,0.0,0.0
1655.770,165577,2,0.1,-29886039,6893,9200,0.0,0.0
1655.780,165578,2,0.1,-4966848,6893,9200,0.0,0.0
1655.790,165579,2,0.1,-15637408,6893,9200,0.0,0.0
1655.800,165580,2,0.1,-38916360,6893,9200,0.0,0.0
1655.810,165581,2,0.1,24854597,6893,9200,0.0,0.0
1655.820,165582,2,0.1,-7611633,6893,9200,0.0,0.0
1655.830,165583,2,0.1,-9745084,6893,9200,0.0,0.0
1655.840,165584,2,0.1,-12398563,6893,9200,0.0,0.0
1655.850,165585,2,0.1,19023524,6893,9200,0.0,0.0
1655.860,165586,2,0.1,-16725076,6893,9200,0.0,0.0
1655.870,165587,2,0.1,-15658525,6893,9200,0.0,0.0
1655.880,165588,2,0.1,-1649127,6893,9200,0.0,0.0
1655.890,165589,2,0.1,-14888841,6893,9200,0.0,0.0
1655.900,165590,2,0.1,14272330,6893,9200,0.0,0.0
1655.910,165591,2,0.1,-22918116,6893,9200,0.0,0.0
1655.920,165592,2,0.1,1906360,6893,9200,0.0,0.0
1655.930,165593,2,0.1,-21091116,6893,9200,0.0,0.0
1655.940,165594,2,0.1,-26139327,6893,9200,0.0,0.0
1655.950,165595,2,0.1,-21457103,6893,9200,0.0,0.0
1655.960,165596,2,0.1,6763780,6893,9200,0.0,0.0
1655.970,165597,2,0.1,-4332090,6893,9200,0.0,0.0
1655.980,165598,2,0.1,-16032389,6893,9200,0.0,0.0
1655.990,165599,2,0.1,4579944,6893,9200,0.0,0.0
1656.000,165600,2,0.1,-27630780,6893,9200,0.0,0.0
1656.010,165601,2,0.1,-17397670,6893,9200,0.0,0.0
1656.020,165602,2,0.1,4263598,6893,9200,0.0,0.0
1656.030,165603,2,0.1,7899745,6893,9200,0.0,0.0
1656.040,165604,2,0.1,-23896927,6893,9200,0.0,0.0
1656.050,165605,2,0.1,-12981672,6893,9200,0.0,0.0
1656.060,165606,2,0.1,6191452,6893,9200,0.0,0.0
1656.070,165607,2,0.1,-2974946,6893,9200,0.0,0.0
1656.080,165608,2,0.1,-4754348,6893,9200,0.0,0.0
1656.090,165609,2,0.1,-3691012,6893,9200,0.0,0.0
1656.100,165610,2,0.1,-23395823,6893,9200,0.0,0.0
1656.110,165611,2,0.1,-18837307,6893,9200,0.0,0.0
1656.120,165612,2,0.1,-6199352,6893,9200,0.0,0.0
1656.130,165613,2,0.1,-24683281,6893,9200,0.0,0.0
1656.140,165614,2,0.1,-9542536,6893,9200,0.0,0.0
1656.150,165615,2,0.1,6323825,6893,9200,0.0,0.0
1656.160,165616,2,0.1,-25764752,6893,9200,0.0,0.0
1656.170,165617,2,0.1,-12366892,6893,9200,0.0,0.0
1656.180,165618,2,0.1,32153427,6893,9200,0.0,0.0
1656.190,165619,2,0.1,-3232843,6893,9200,0.0,0.0
1656.200,165620,2,0.1,-8247609,6893,9200,0.0,0.0
1656.210,165621,2,0.1,-8824731,6893,9200,0.0,0.0
1656.220,165622,2,0.1,-6282928,6893,9200,0.0,0.0
1656.230,165623,2,0.1,-2731866,6893,9200,0.0,0.0
1656.240,165624,2,0.1,9566713,6893,9200,0.0,0.0
1656.250,165625,2,0.1,-221836,6893,9200,0.0,0.0
1656.260,165626,2,0.1,15586499,6893,9200,0.0,0.0
1656.270,165627,2,0.1,-36037911,6893,9200,0.0,0.0
1656.280,165628,2,0.1,-4250413,6893,9200,0.0,0.0
1656.290,165629,2,0.1,-2795821,6893,9200,0.0,0.0
1656.300,165630,2,0.1,-18972811,6893,9200,0.0,0.0
1656.310,165631,2,0.1,18221488,6893,9200,0.0,0.0
1656.320,165632,2,0.1,7366718,6893,9200,0.0,0.0
1656.330,165633,2,0.1,18686358,6893,9200,0.0,0.0
1656.340,165634,2,0.1,15133845,6893,9200,0.0,0.0
1656.350,165635,2,0.1,-1724348,6893,9200,0.0,0.0
1656.360,165636,2,0.1,-10777680,6893,9200,0.0,0.0
1656.370,165637,2,0.1,-25975551,6893,9200,0.0,0.0
1656.380,165638,2,0.1,41560458,6893,9200,0.0,0.0
1656.390,165639,2,0.1,-9693948,6893,9200,0.0,0.0
1656.400,165640,2,0.1,-19198893,6893,9200,0.0,0.0
1656.410,165641,2,0.1,11686595,6893,9200,0.0,0.0
1656.420,165642,2,0.1,5611585,6893,9200,0.0,0.0
1656.430,165643,2,0.1,4302520,6893,9200,0.0,0.0
1656.440,165644,2,0.1,-7501560,6893,9200,0.0,0.0
1656.450,165645,2,0.1,11692063,6893,9200,0.0,0.0
1656.460,165646,2,0.1,15663053,6893,9200,0.0,0.0
1656.470,165647,2,0.1,3154127,6893,9200,0.0,0.0
1656.480,165648,2,0.1,-20873575,6893,9200,0.0,0.0
1656.490,165649,2,0.1,-13669860,6893,9200,0.0,0.0
1656.500,165650,2,0.1,-11192739,6893,9200,0.0,0.0
1656.510,165651,2,0.1,-2068185,6893,9200,0.0,0.0
1656.520,165652,2,0.1,12111889,6893,9200,0.0,0.0
1656.530,165653,2,0.1,1111793,6893,9200,0.0,0.0
1656.540,165654,2,0.1,-21360314,6893,9200,0.0,0.0
1656.550,165655,2,0.1,-11760295,6893,9200,0.0,0.0
1656.560,165656,2,0.1,-5208454,6893,9200,0.0,0.0
1656.570,165657,2,0.1,112554,6893,9200,0.0,0.0
1656.580,165658,2,0.1,-15803280,6893,9200,0.0,0.0
1656.590,165659,2,0.1,-4650583,6893,9200,0.0,0.0
1656.600,165660,2,0.1,-5467243,6893,9200,0.0,0.0
1656.610,165661,2,0.1,1634936,6893,9200,0.0,0.0
1656.620,165662,2,0.1,3533160,6893,9200,0.0,0.0
1656.630,165663,2,0.1,-5504685,6893,9200,0.0,0.0
1656.640,165664,2,0.1,3977339,6893,9200,0.0,0.0
1656.650,165665,2,0.1,5582522,6893,9200,0.0,0.0
1656.660,165666,2,0.1,-4039700,6893,9200,0.0,0.0
1656.670,165667,2,0.1,5881014,6893,9200,0.0,0.0
1656.680,165668,2,0.1,-4458461,6893,9200,0.0,0.0
1656.690,165669,2,0.1,2626779,6893,9200,0.0,0.0
1656.700,165670,2,0.1,-17893512,6893,9200,0.0,0.0
1656.710,165671,2,0.1,-18807203,6893,9200,0.0,0.0
1656.720,165672,2,0.1,19043761,6893,9200,0.0,0.0
1656.730,165673,2,0.1,22120523,6893,9200,0.0,0.0
1656.740,165674,2,0.1,27810416,6893,9200,0.0,0.0
1656.750,165675,2,0.1,7225614,6893,9200,0.0,0.0
1656.760,165676,2,0.1,-4707184,6893,9200,0.0,0.0
1656.770,165677,2,0.1,-10717753,6893,9200,0.0,0.0
1656.780,165678,2,0.1,12553560,6893,9200,0.0,0.0
1656.790,165679,2,0.1,16059857,6893,9200,0.0,0.0
1656.800,165680,2,0.1,27187208,6893,9200,0.0,0.0
1656.810,165681,2,0.1,-3881279,6893,9200,0.0,0.0
1656.820,165682,2,0.1,-6625722,6893,9200,0.0,0.0
1656.830,165683,2,0.1,6549640,6893,9200,0.0,0.0
1656.840,165684,2,0.1,-3257385,6893,9200,0.0,0.0
1656.850,165685,2,0.1,12249639,6893,9200,0.0,0.0
1656.860,165686,2,0.1,22532448,6893,9200,0.0,0.0
1656.870,165687,2,0.1,41565784,6893,9200,0.0,0.0
1656.880,165688,2,0.1,-3155400,6893,9200,0.0,0.0
1656.890,165689,2,0.1,4677948,6893,9200,0.0,0.0
1656.900,165690,2,0.1,-2673201,6893,9200,0.0,0.0
1656.910,165691,2,0.1,-9448391,6893,9200,0.0,0.0
1656.920,165692,2,0.1,41069946,6893,9200,0.0,0.0
1656.930,165693,2,0.1,-77980,6893,9200,0.0,0.0
1656.940,165694,2,0.1,1101680,6893,9200,0.0,0.0
1656.950,165695,2,0.1,-4317263,6893,9200,0.0,0.0
1656.960,165696,2,0.1,-9539681,6893,9200,0.0,0.0
1656.970,165697,2,0.1,-21515184,6893,9200,0.0,0.0
1656.980,165698,2,0.1,-21876249,6893,9200,0.0,0.0
1656.990,165699,2,0.1,21042365,6893,9200,0.0,0.0
1657.000,165700,2,0.1,-1216481,6893,9200,0.0,0.0
1657.010,165701,2,0.1,18321128,6893,9200,0.0,0.0
1657.020,165702,2,0.1,-20498684,6893,9200,0.0,0.0
1657.030,165703,2,0.1,797549,6893,9200,0.0,0.0
1657.040,165704,2,0.1,8460369,6893,9200,0.0,0.0
1657.050,165705,2,0.1,-4658149,6893,9200,0.0,0.0
1657.060,165706,2,0.1,20920872,6893,9200,0.0,0.0
1657.070,165707,2,0.1,18925736,6893,9200,0.0,0.0
1657.080,165708,2,0.1,-552963,6893,9200,0.0,0.0
1657.090,165709,2,0.1,-13010684,6893,9200,0.0,0.0
1657.100,165710,2,0.1,-34913500,6893,9200,0.0,0.0
1657.110,165711,2,0.1,10229947,6893,9200,0.0,0.0
1657.120,165712,2,0.1,-9093695,6893,9200,0.0,0.0
1657.130,165713,2,0.1,-24271931,6893,9200,0.0,0.0
1657.140,165714,2,0.1,-5128824,6893,9200,0.0,0.0
1657.150,165715,2,0.1,-13612792,6893,9200,0.0,0.0
1657.160,165716,2,0.1,-13667596,6893,9200,0.0,0.0
1657.170,165717,2,0.1,-270924,6893,9200,0.0,0.0
1657.180,165718,2,0.1,-2884464,6893,9200,0.0,0.0
1657.190,165719,2,0.1,-15407537,6893,9200,0.0,0.0
1657.200,165720,2,0.1,-5487312,6893,9200,0.0,0.0
1657.210,165721,2,0.1,-6563794,6893,9200,0.0,0.0
1657.220,165722,2,0.1,13493628,6893,9200,0.0,0.0
1657.230,165723,2,0.1,14666771,6893,9200,0.0,0.0
1657.240,165724,2,0.1,6830535,6893,9200,0.0,0.0
1657.250,165725,2,0.1,-13081242,6893,9200,0.0,0.0
1657.260,165726,2,0.1,-14013078,6893,9200,0.0,0.0
1657.270,165727,2,0.1,1556220,6893,9200,0.0,0.0
1657.280,165728,2,0.1,-6116509,6893,9200,0.0,0.0
1657.290,165729,2,0.1,-2509204,6893,9200,0.0,0.0
1657.300,165730,2,0.1,-4897503,6893,9200,0.0,0.0
1657.310,165731,2,0.1,-12514423,6893,9200,0.0,0.0
1657.320,165732,2,0.1,-14782037,6893,9200,0.0,0.0
1657.330,165733,2,0.1,13926083,6893,9200,0.0,0.0
1657.340,165734,2,0.1,30459637,6893,9200,0.0,0.0
1657.350,165735,2,0.1,8468533,6893,9200,0.0,0.0
1657.360,165736,2,0.1,-17110046,6893,9200,0.0,0.0
1657.370,165737,2,0.1,-16178646,6893,9200,0.0,0.0
1657.380,165738,2,0.1,18436106,6893,9200,0.0,0.0
1657.390,165739,2,0.1,-25087351,6893,9200,0.0,0.0
1657.400,165740,2,0.1,7821620,6893,9200,0.0,0.0
1657.410,165741,2,0.1,-2788306,6893,9200,0.0,0.0
1657.420,165742,2,0.1,-16972681,6893,9200,0.0,0.0
1657.430,165743,2,0.1,-5480399,6893,9200,0.0,0.0
1657.440,165744,2,0.1,-4995991,6893,9200,0.0,0.0
1657.450,165745,2,0.1,25707494,6893,9200,0.0,0.0
1657.460,165746,2,0.1,-6320502,6893,9200,0.0,0.0
1657.470,165747,2,0.1,14900508,6893,9200,0.0,0.0
1657.480,165748,2,0.1,9718575,6893,9200,0.0,0.0
1657.490,165749,2,0.1,-19521504,6893,9200,0.0,0.0
1657.500,165750,2,0.1,-7204883,6893,9200,0.0,0.0
1657.510,165751,2,0.1,7148719,6893,9200,0.0,0.0
1657.520,165752,2,0.1,13279408,6893,9200,0.0,0.0
1657.530,165753,2,0.1,-17880982,6893,9200,0.0,0.0
1657.540,165754,2,0.1,-2220194,6893,9200,0.0,0.0
1657.550,165755,2,0.1,-11141143,6893,9200,0.0,0.0
1657.560,165756,2,0.1,-20614271,6893,9200,0.0,0.0
1657.570,165757,2,0.1,-13474188,6893,9200,0.0,0.0
1657.580,165758,2,0.1,18568402,6893,9200,0.0,0.0
1657.590,165759,2,0.1,20378040,6893,9200,0.0,0.0
1657.600,165760,2,0.1,4804280,6893,9200,0.0,0.0
1657.610,165761,2,0.1,21962552,6893,9200,0.0,0.0
1657.620,165762,2,0.1,15339342,6893,9200,0.0,0.0
1657.630,165763,2,0.1,-7093052,6893,9200,0.0,0.0
1657.640,165764,2,0.1,-13912041,6893,9200,0.0,0.0
1657.650,165765,2,0.1,-26881550,6893,9200,0.0,0.0
1657.660,165766,2,0.1,-12588467,6893,9200,0.0,0.0
1657.670,165767,2,0.1,7998942,6893,9200,0.0,0.0
1657.680,165768,2,0.1,-43122617,6893,9200,0.0,0.0
1657.690,165769,2,0.1,-6519073,6893,9200,0.0,0.0
1657.700,165770,2,0.1,-37715167,6893,9200,0.0,0.0
1657.710,165771,2,0.1,-23593016,6893,9200,0.0,0.0
1657.720,165772,2,0.1,2992824,6893,9200,0.0,0.0
1657.730,165773,2,0.1,-15938760,6893,9200,0.0,0.0
1657.740,165774,2,0.1,-8108745,6893,9200,0.0,0.0
1657.750,165775,2,0.1,13866719,6893,9200,0.0,0.0
1657.760,165776,2,0.1,-13198420,6893,9200,0.0,0.0
1657.770,165777,2,0.1,-866368,6893,9200,0.0,0.0
1657.780,165778,2,0.1,3110073,6893,9200,0.0,0.0
1657.790,165779,2,0.1,4703312,6893,9200,0.0,0.0
1657.800,165780,2,0.1,11304448,6893,9200,0.0,0.0
1657.810,165781,2,0.1,-5246191,6893,9200,0.0,0.0
1657.820,165782,2,0.1,-28126286,6893,9200,0.0,0.0
1657.830,165783,2,0.1,5474055,6893,9200,0.0,0.0
1657.840,165784,2,0.1,-25537844,6893,9200,0.0,0.0
1657.850,165785,2,0.1,-37463643,6893,9200,0.0,0.0
1657.860,165786,2,0.1,907502,6893,9200,0.0,0.0
1657.870,165787,2,0.1,-2598043,6893,9200,0.0,0.0
1657.880,165788,2,0.1,-15277355,6893,9200,0.0,0.0
1657.890,165789,2,0.1,2145050,6893,9200,0.0,0.0
1657.900,165790,2,0.1,-25163381,6893,9200,0.0,0.0
1657.910,165791,2,0.1,-25080357,6893,9200,0.0,0.0
1657.920,165792,2,0.1,2046825,6893,9200,0.0,0.0
1657.930,165793,2,0.1,-19412132,6893,9200,0.0,0.0
1657.940,165794,2,0.1,25495828,6893,9200,0.0,0.0
1657.950,165795,2,0.1,24680681,6893,9200,0.0,0.0
1657.960,165796,2,0.1,-3575051,6893,9200,0.0,0.0
1657.970,165797,2,0.1,-27792519,6893,9200,0.0,0.0
1657.980,165798,2,0.1,-2285200,6893,9200,0.0,0.0
1657.990,165799,2,0.1,-5475787,6893,9200,0.0,0.0
1658.000,165800,2,0.1,3869268,6893,9200,0.0,0.0
1658.010,165801,2,0.1,-21067946,6893,9200,0.0,0.0
1658.020,165802,2,0.1,-18374830,6893,9200,0.0,0.0
1658.030,165803,2,0.1,-24245343,6893,9200,0.0,0.0
1658.040,165804,2,0.1,34643052,6893,9200,0.0,0.0
1658.050,165805,2,0.1,-4336825,6893,9200,0.0,0.0
1658.060,165806,2,0.1,-11488435,6893,9200,0.0,0.0
1658.070,165807,2,0.1,-26386953,6893,9200,0.0,0.0
1658.080,165808,2,0.1,15046763,6893,9200,0.0,0.0
1658.090,165809,2,0.1,-19871354,6893,9200,0.0,0.0
1658.100,165810,2,0.1,-14594378,6893,9200,0.0,0.0
1658.110,165811,2,0.1,27504281,6893,9200,0.0,0.0
1658.120,165812,2,0.1,-11258719,6893,9200,0.0,0.0
1658.130,165813,2,0.1,15954973,6893,9200,0.0,0.0
1658.140,165814,2,0.1,6650778,6893,9200,0.0,0.0
1658.150,165815,2,0.1,-23788521,6893,9200,0.0,0.0
1658.160,165816,2,0.1,-19675145,6893,9200,0.0,0.0
1658.170,165817,2,0.1,-7120005,6893,9200,0.0,0.0
1658.180,165818,2,0.1,6491840,6893,9200,0.0,0.0
1658.190,165819,2,0.1,-6569343,6893,9200,0.0,0.0
1658.200,165820,2,0.1,-23728253,6893,9200,0.0,0.0
1658.210,165821,2,0.1,10640375,6893,9200,0.0,0.0
1658.220,165822,2,0.1,34753530,6893,9200,0.0,0.0
1658.230,165823,2,0.1,-18525433,6893,9200,0.0,0.0
1658.240,165824,2,0.1,-24785065,6893,9200,0.0,0.0
1658.250,165825,2,0.1,1809120,6893,9200,0.0,0.0
1658.260,165826,2,0.1,-23849475,6893,9200,0.0,0.0
1658.270,165827,2,0.1,-2359650,6893,9200,0.0,0.0
1658.280,165828,2,0.1,-408342,6893,9200,0.0,0.0
1658.290,165829,2,0.1,1357495,6893,9200,0.0,0.0
1658.300,165830,2,0.1,-3346590,6893,9200,0.0,0.0
1658.310,165831,2,0.1,-17353472,6893,9200,0.0,0.0
1658.320,165832,2,0.1,4540242,6893,9200,0.0,0.0
1658.330,165833,2,0.1,-8555493,6893,9200,0.0,0.0
1658.340,165834,2,0.1,-12568354,6893,9200,0.0,0.0
1658.350,165835,2,0.1,-18339068,6893,9200,0.0,0.0
1658.360,165836,2,0.1,-12932871,6893,9200,0.0,0.0
1658.370,165837,2,0.1,-8480738,6893,9200,0.0,0.0
1658.380,165838,2,0.1,-21933503,6893,9200,0.0,0.0
1658.390,165839,2,0.1,-25884514,6893,9200,0.0,0.0
1658.400,165840,2,0.1,7745502,6893,9200,0.0,0.0
1658.410,165841,2,0.1,-906733,6893,9200,0.0,0.0
1658.420,165842,2,0.1,7028243,6893,9200,0.0,0.0
1658.430,165843,2,0.1,1847510,6893,9200,0.0,0.0
1658.440,165844,2,0.1,1494505,6893,9200,0.0,0.0
1658.450,165845,2,0.1,13793228,6893,9200,0.0,0.0
1658.460,165846,2,0.1,-1835051,6893,9200,0.0,0.0
1658.470,165847,2,0.1,28751318,6893,9200,0.0,0.0
1658.480,165848,2,0.1,4367173,6893,9200,0.0,0.0
1658.490,165849,2,0.1,-15529152,6893,9200,0.0,0.0
1658.500,165850,2,0.1,-3812685,6893,9200,0.0,0.0
1658.510,165851,2,0.1,13330406,6893,9200,0.0,0.0
1658.520,165852,2,0.1,-26737760,6893,9200,0.0,0.0
1658.530,165853,2,0.1,749151,6893,9200,0.0,0.0
1658.540,165854,2,0.1,-12558567,6893,9200,0.0,0.0
1658.550,165855,2,0.1,-33330798,6893,9200,0.0,0.0
1658.560,165856,2,0.1,-13620198,6893,9200,0.0,0.0
1658.570,165857,2,0.1,33653235,6893,9200,0.0,0.0
1658.580,165858,2,0.1,4649183,6893,9200,0.0,0.0
1658.590,165859,2,0.1,3457713,6893,9200,0.0,0.0
1658.600,165860,2,0.1,-3988721,6893,9200,0.0,0.0
1658.610,165861,2,0.1,-13397406,6893,9200,0.0,0.0
1658.620,165862,2,0.1,-8515933,6893,9200,0.0,0.0
1658.630,165863,2,0.1,861364,6893,9200,0.0,0.0
1658.640,165864,2,0.1,-10822336,6893,9200,0.0,0.0
1658.650,165865,2,0.1,7105219,6893,9200,0.0,0.0
1658.660,165866,2,0.1,11947365,6893,9200,0.0,0.0
1658.670,165867,2,0.1,-22324275,6893,9200,0.0,0.0
1658.680,165868,2,0.1,-10449802,6893,9200,0.0,0.0
1658.690,165869,2,0.1,19629444,6893,9200,0.0,0.0
1658.700,165870,2,0.1,21286537,6893,9200,0.0,0.0
1658.710,165871,2,0.1,13971723,6893,9200,0.0,0.0
1658.720,165872,2,0.1,-15090890,6893,9200,0.0,0.0
1658.730,165873,2,0.1,1890380,6893,9200,0.0,0.0
1658.740,165874,2,0.1,-11617916,6893,9200,0.0,0.0
1658.750,165875,2,0.1,10815320,6893,9200,0.0,0.0
1658.760,165876,2,0.1,11006369,6893,9200,0.0,0.0
1658.770,165877,2,0.1,-1587402,6893,9200,0.0,0.0
1658.780,165878,2,0.1,-553455,6893,9200,0.0,0.0
1658.790,165879,2,0.1,-10251852,6893,9200,0.0,0.0
1658.800,165880,2,0.1,-12628103,6893,9200,0.0,0.0
1658.810,165881,2,0.1,2143506,6893,9200,0.0,0.0
1658.820,165882,2,0.1,-19700163,6893,9200,0.0,0.0
1658.830,165883,2,0.1,20252797,6893,9200,0.0,0.0
1658.840,165884,2,0.1,11450079,6893,9200,0.0,0.0
1658.850,165885,2,0.1,-1714503,6893,9200,0.0,0.0
1658.860,165886,2,0.1,-11425147,6893,9200,0.0,0.0
1658.870,165887,2,0.1,7288294,6893,9200,0.0,0.0
1658.880,165888,2,0.1,-6090882,6893,9200,0.0,0.0
1658.890,165889,2,0.1,-44246606,6893,9200,0.0,0.0
1658.900,165890,2,0.1,3962285,6893,9200,0.0,0.0
1658.910,165891,2,0.1,46274689,6893,9200,0.0,0.0
1658.920,165892,2,0.1,-23129823,6893,9200,0.0,0.0
1658.930,165893,2,0.1,29349349,6893,9200,0.0,0.0
1658.940,165894,2,0.1,34862534,6893,9200,0.0,0.0
1658.950,165895,2,0.1,-5866000,6893,9200,0.0,0.0
1658.960,165896,2,0.1,22301272,6893,9200,0.0,0.0
1658.970,165897,2,0.1,18039166,6893,9200,0.0,0.0
1658.980,165898,2,0.1,-15642840,6893,9200,0.0,0.0
1658.990,165899,2,0.1,33840029,6893,9200,0.0,0.0
1659.000,165900,2,0.1,-2214798,6893,9200,0.0,0.0
1659.010,165901,2,0.1,9523358,6893,9200,0.0,0.0
1659.020,165902,2,0.1,-5196416,6893,9200,0.0,0.0
1659.030,165903,2,0.1,-7717339,6893,9200,0.0,0.0
1659.040,165904,2,0.1,9894408,6893,9200,0.0,0.0
1659.050,165905,2,0.1,-11109830,6893,9200,0.0,0.0
1659.060,165906,2,0.1,-6628808,6893,9200,0.0,0.0
1659.070,165907,2,0.1,16108818,6893,9200,0.0,0.0
1659.080,165908,2,0.1,13574553,6893,9200,0.0,0.0
1659.090,165909,2,0.1,-16928721,6893,9200,0.0,0.0
1659.100,165910,2,0.1,15861149,6893,9200,0.0,0.0
1659.110,165911,2,0.1,7111505,6893,9200,0.0,0.0
1659.120,165912,2,0.1,9531105,6893,9200,0.0,0.0
1659.130,165913,2,0.1,3370530,6893,9200,0.0,0.0
1659.140,165914,2,0.1,-12831416,6893,9200,0.0,0.0
1659.150,165915,2,0.1,3063546,6893,9200,0.0,0.0
1659.160,165916,2,0.1,-17811941,6893,9200,0.0,0.0
1659.170,165917,2,0.1,9272042,6893,9200,0.0,0.0
1659.180,165918,2,0.1,-17279688,6893,9200,0.0,0.0
1659.190,165919,2,0.1,-21131386,6893,9200,0.0,0.0
1659.200,165920,2,0.1,-16042128,6893,9200,0.0,0.0
1659.210,165921,2,0.1,30992286,6893,9200,0.0,0.0
1659.220,165922,2,0.1,-17151895,6893,9200,0.0,0.0
1659.230,165923,2,0.1,6768140,6893,9200,0.0,0.0
1659.240,165924,2,0.1,4840360,6893,9200,0.0,0.0
1659.250,165925,2,0.1,-16045561,6893,9200,0.0,0.0
1659.260,165926,2,0.1,2975231,6893,9200,0.0,0.0
1659.270,165927,2,0.1,-21657495,6893,9200,0.0,0.0
1659.280,165928,2,0.1,-33877506,6893,9200,0.0,0.0
1659.290,165929,2,0.1,5256939,6893,9200,0.0,0.0
1659.300,165930,2,0.1,10265092,6893,9200,0.0,0.0
1659.310,165931,2,0.1,-16923880,6893,9200,0.0,0.0
1659.320,165932,2,0.1,-14426871,6893,9200,0.0,0.0
1659.330,165933,2,0.1,-18494657,6893,9200,0.0,0.0
1659.340,165934,2,0.1,24089159,6893,9200,0.0,0.0
1659.350,165935,2,0.1,277048,6893,9200,0.0,0.0
1659.360,165936,2,0.1,-9198081,6893,9200,0.0,0.0
1659.370,165937,2,0.1,-13018748,6893,9200,0.0,0.0
1659.380,165938,2,0.1,2669207,6893,9200,0.0,0.0
1659.390,165939,2,0.1,21028086,6893,9200,0.0,0.0
1659.400,165940,2,0.1,-8704765,6893,9200,0.0,0.0
1659.410,165941,2,0.1,-1510657,6893,9200,0.0,0.0
1659.420,165942,2,0.1,-22422891,6893,9200,0.0,0.0
1659.430,165943,2,0.1,3138711,6893,9200,0.0,0.0
1659.440,165944,2,0.1,-23374959,6893,9200,0.0,0.0
1659.450,165945,2,0.1,20097163,6893,9200,0.0,0.0
1659.460,165946,2,0.1,-10650891,6893,9200,0.0,0.0
1659.470,165947,2,0.1,-7461621,6893,9200,0.0,0.0
1659.480,165948,2,0.1,14879832,6893,9200,0.0,0.0
1659.490,165949,2,0.1,2595519,6893,9200,0.0,0.0
1659.500,165950,2,0.1,-7942030,6893,9200,0.0,0.0
1659.510,165951,2,0.1,-11686679,6893,9200,0.0,0.0
1659.520,165952,2,0.1,-35889823,6893,9200,0.0,0.0
1659.530,165953,2,0.1,5133218,6893,9200,0.0,0.0
1659.540,165954,2,0.1,-5942586,6893,9200,0.0,0.0
1659.550,165955,2,0.1,4036143,6893,9200,0.0,0.0
1659.560,165956,2,0.1,1915263,6893,9200,0.0,0.0
1659.570,165957,2,0.1,11270711,6893,9200,0.0,0.0
1659.580,165958,2,0.1,10076137,6893,9200,0.0,0.0
1659.590,165959,2,0.1,-349330,6893,9200,0.0,0.0
1659.600,165960,2,0.1,-6162170,6893,9200,0.0,0.0
1659.610,165961,2,0.1,-11331423,6893,9200,0.0,0.0
1659.620,165962,2,0.1,-22783148,6893,9200,0.0,0.0
1659.630,165963,2,0.1,3840937,6893,9200,0.0,0.0
1659.640,165964,2,0.1,-29306372,6893,9200,0.0,0.0
1659.650,165965,2,0.1,-15734027,6893,9200,0.0,0.0
1659.660,165966,2,0.1,31769584,6893,9200,0.0,0.0
1659.670,165967,2,0.1,12191023,6893,9200,0.0,0.0
1659.680,165968,2,0.1,-13771722,6893,9200,0.0,0.0
1659.690,165969,2,0.1,9746695,6893,9200,0.0,0.0
1659.700,165970,2,0.1,15134006,6893,9200,0.0,0.0
1659.710,165971,2,0.1,-10869070,6893,9200,0.0,0.0
1659.720,165972,2,0.1,15172320,6893,9200,0.0,0.0
1659.730,165973,2,0.1,1849838,6893,9200,0.0,0.0
1659.740,165974,2,0.1,1530604,6893,9200,0.0,0.0
1659.750,165975,2,0.1,-2219243,6893,9200,0.0,0.0
1659.760,165976,2,0.1,5667248,6893,9200,0.0,0.0
1659.770,165977,2,0.1,-5064451,6893,9200,0.0,0.0
1659.780,165978,2,0.1,13308653,6893,9200,0.0,0.0
1659.790,165979,2,0.1,23777413,6893,9200,0.0,0.0
1659.800,165980,2,0.1,-15064574,6893,9200,0.0,0.0
1659.810,165981,2,0.1,-9871303,6893,9200,0.0,0.0
1659.820,165982,2,0.1,-3562348,6893,9200,0.0,0.0
1659.830,165983,2,0.1,-21183658,6893,9200,0.0,0.0
1659.840,165984,2,0.1,-4805774,6893,9200,0.0,0.0
1659.850,165985,2,0.1,-4118769,6893,9200,0.0,0.0
1659.860,165986,2,0.1,-6982256,6893,9200,0.0,0.0
1659.870,165987,2,0.1,-5283748,6893,9200,0.0,0.0
1659.880,165988,2,0.1,-3467336,6893,9200,0.0,0.0
1659.890,165989,2,0.1,-12635965,6893,9200,0.0,0.0
1659.900,165990,2,0.1,-11003478,6893,9200,0.0,0.0
1659.910,165991,2,0.1,-9123317,6893,9200,0.0,0.0
1659.920,165992,2,0.1,-10186,6893,9200,0.0,0.0
1659.930,165993,2,0.1,3621353,6893,9200,0.0,0.0
1659.940,165994,2,0.1,15867776,6893,9200,0.0,0.0
1659.950,165995,2,0.1,4383130,6893,9200,0.0,0.0
1659.960,165996,2,0.1,12254547,6893,9200,0.0,0.0
1659.970,165997,2,0.1,-1614302,6893,9200,0.0,0.0
1659.980,165998,2,0.1,98451,6893,9200,0.0,0.0
1659.990,165999,2,0.1,5686491,6893,9200,0.0,0.0
1660.000,166000,2,0.1,-1457463,6893,9200,0.0,0.0
1660.010,166001,2,0.1,4444842,6893,9200,0.0,0.0
1660.020,166002,2,0.1,-8351987,6893,9200,0.0,0.0
1660.030,166003,2,0.1,-1040559,6893,9200,0.0,0.0
1660.040,166004,2,0.1,9855980,6893,9200,0.0,0.0
1660.050,166005,2,0.1,1864269,6893,9200,0.0,0.0
1660.060,166006,2,0.1,-4470316,6893,9200,0.0,0.0
1660.070,166007,2,0.1,-2943595,6893,9200,0.0,0.0
1660.080,166008,2,0.1,-18671841,6893,9200,0.0,0.0
1660.090,166009,2,0.1,-15849696,6893,9200,0.0,0.0
1660.100,166010,2,0.1,19342973,6893,9200,0.0,0.0
1660.110,166011,2,0.1,-15060012,6893,9200,0.0,0.0
1660.120,166012,2,0.1,-15049191,6893,9200,0.0,0.0
1660.130,166013,2,0.1,-1576430,6893,9200,0.0,0.0
1660.140,166014,2,0.1,15104879,6893,9200,0.0,0.0
1660.150,166015,2,0.1,-21948499,6893,9200,0.0,0.0
1660.160,166016,2,0.1,-30117874,6893,9200,0.0,0.0
1660.170,166017,2,0.1,-12998203,6893,9200,0.0,0.0
1660.180,166018,2,0.1,-12498,6893,9200,0.0,0.0
1660.190,166019,2,0.1,27407444,6893,9200,0.0,0.0
1660.200,166020,2,0.1,4609060,6893,9200,0.0,0.0
1660.210,166021,2,0.1,-6959636,6893,9200,0.0,0.0
1660.220,166022,2,0.1,32223665,6893,9200,0.0,0.0
1660.230,166023,2,0.1,14922147,6893,9200,0.0,0.0
1660.240,166024,2,0.1,21237476,6893,9200,0.0,0.0
1660.250,166025,2,0.1,-2638648,6893,9200,0.0,0.0
1660.260,166026,2,0.1,-4479887,6893,9200,0.0,0.0
1660.270,166027,2,0.1,-9709601,6893,9200,0.0,0.0
1660.280,166028,2,0.1,9501278,6893,9200,0.0,0.0
1660.290,166029,2,0.1,-8196019,6893,9200,0.0,0.0
1660.300,166030,2,0.1,-19257315,6893,9200,0.0,0.0
1660.310,166031,2,0.1,20730632,6893,9200,0.0,0.0
1660.320,166032,2,0.1,-7587936,6893,9200,0.0,0.0
1660.330,166033,2,0.1,5291047,6893,9200,0.0,0.0
1660.340,166034,2,0.1,-4291004,6893,9200,0.0,0.0
1660.350,166035,2,0.1,5451254,6893,9200,0.0,0.0
1660.360,166036,2,0.1,-28406898,6893,9200,0.0,0.0
1660.370,166037,2,0.1,21546135,6893,9200,0.0,0.0
1660.380,166038,2,0.1,1796419,6893,9200,0.0,0.0
1660.390,166039,2,0.1,10840036,6893,9200,0.0,0.0
1660.400,166040,2,0.1,-11493842,6893,9200,0.0,0.0
1660.410,166041,2,0.1,-12229280,6893,9200,0.0,0.0
1660.420,166042,2,0.1,19012839,6893,9200,0.0,0.0
1660.430,166043,2,0.1,-11700508,6893,9200,0.0,0.0
1660.440,166044,2,0.1,-10493604,6893,9200,0.0,0.0
1660.450,166045,2,0.1,-1806406,6893,9200,0.0,0.0
1660.460,166046,2,0.1,-10705906,6893,9200,0.0,0.0
1660.470,166047,2,0.1,-2558908,6893,9200,0.0,0.0
1660.480,166048,2,0.1,8661988,6893,9200,0.0,0.0
1660.490,166049,2,0.1,-10702898,6893,9200,0.0,0.0
1660.500,166050,2,0.1,10778174,6893,9200,0.0,0.0
1660.510,166051,2,0.1,-10453355,6893,9200,0.0,0.0
1660.520,166052,2,0.1,-9673975,6893,9200,0.0,0.0
1660.530,166053,2,0.1,13629013,6893,9200,0.0,0.0
1660.540,166054,2,0.1,9383999,6893,9200,0.0,0.0
1660.550,166055,2,0.1,-18708187,6893,9200,0.0,0.0
1660.560,166056,2,0.1,-12314866,6893,9200,0.0,0.0
1660.570,166057,2,0.1,28218877,6893,9200,0.0,0.0
1660.580,166058,2,0.1,-16634051,6893,9200,0.0,0.0
1660.590,166059,2,0.1,-36816373,6893,9200,0.0,0.0
1660.600,166060,2,0.1,-23087157,6893,9200,0.0,0.0
1660.610,166061,2,0.1,2512608,6893,9200,0.0,0.0
1660.620,166062,2,0.1,-2029580,6893,9200,0.0,0.0
1660.630,166063,2,0.1,-7819404,6893,9200,0.0,0.0
1660.640,166064,2,0.1,35320258,6893,9200,0.0,0.0
1660.650,166065,2,0.1,-32109379,6893,9200,0.0,0.0
1660.660,166066,2,0.1,-38674468,6893,9200,0.0,0.0
1660.670,166067,2,0.1,-2849201,6893,9200,0.0,0.0
1660.680,166068,2,0.1,1959272,6893,9200,0.0,0.0
1660.690,166069,2,0.1,9267435,6893,9200,0.0,0.0
1660.700,166070,2,0.1,-7234950,6893,9200,0.0,0.0
1660.710,166071,2,0.1,19279545,6893,9200,0.0,0.0
1660.720,166072,2,0.1,3436347,6893,9200,0.0,0.0
1660.730,166073,2,0.1,7167950,6893,9200,0.0,0.0
1660.740,166074,2,0.1,-5506195,6893,9200,0.0,0.0
1660.750,166075,2,0.1,5368686,6893,9200,0.0,0.0
1660.760,166076,2,0.1,12417392,6893,9200,0.0,0.0
1660.770,166077,2,0.1,957766,6893,9200,0.0,0.0
1660.780,166078,2,0.1,-11962160,6893,9200,0.0,0.0
1660.790,166079,2,0.1,-17049597,6893,9200,0.0,0.0
1660.800,166080,2,0.1,21176762,6893,9200,0.0,0.0
1660.810,166081,2,0.1,-13126406,6893,9200,0.0,0.0
1660.820,166082,2,0.1,14452078,6893,9200,0.0,0.0
1660.830,166083,2,0.1,-16652394,6893,9200,0.0,0.0
1660.840,166084,2,0.1,3700924,6893,9200,0.0,0.0
1660.850,166085,2,0.1,35229390,6893,9200,0.0,0.0
1660.860,166086,2,0.1,5771114,6893,9200,0.0,0.0
1660.870,166087,2,0.1,17162188,6893,9200,0.0,0.0
1660.880,166088,2,0.1,-12010729,6893,9200,0.0,0.0
1660.890,166089,2,0.1,15809982,6893,9200,0.0,0.0
1660.900,166090,2,0.1,-10266706,6893,9200,0.0,0.0
1660.910,166091,2,0.1,-8121458,6893,9200,0.0,0.0
1660.920,166092,2,0.1,-13092814,6893,9200,0.0,0.0
1660.930,166093,2,0.1,464771,6893,9200,0.0,0.0
1660.940,166094,2,0.1,-20384151,6893,9200,0.0,0.0
1660.950,166095,2,0.1,2685469,6893,9200,0.0,0.0
1660.960,166096,2,0.1,-9353271,6893,9200,0.0,0.0
1660.970,166097,2,0.1,12022171,6893,9200,0.0,0.0
1660.980,166098,2,0.1,7634085,6893,9200,0.0,0.0
1660.990,166099,2,0.1,14303804,6893,9200,0.0,0.0
1661.000,166100,2,0.1,30147288,6893,9200,0.0,0.0
1661.010,166101,2,0.1,10977022,6893,9200,0.0,0.0
1661.020,166102,2,0.1,-5883273,6893,9200,0.0,0.0
1661.030,166103,2,0.1,17214847,6893,9200,0.0,0.0
1661.040,166104,2,0.1,21207004,6893,9200,0.0,0.0
1661.050,166105,2,0.1,13542499,6893,9200,0.0,0.0
1661.060,166106,2,0.1,17435010,6893,9200,0.0,0.0
1661.070,166107,2,0.1,-3742910,6893,9200,0.0,0.0
1661.080,166108,2,0.1,1115963,6893,9200,0.0,0.0
1661.090,166109,2,0.1,13326905,6893,9200,0.0,0.0
1661.100,166110,2,0.1,13164284,6893,9200,0.0,0.0
1661.110,166111,2,0.1,-27830307,6893,9200,0.0,0.0
1661.120,166112,2,0.1,-27907467,6893,9200,0.0,0.0
1661.130,166113,2,0.1,-10288429,6893,9200,0.0,0.0
1661.140,166114,2,0.1,24991873,6893,9200,0.0,0.0
1661.150,166115,2,0.1,-14741215,6893,9200,0.0,0.0
1661.160,166116,2,0.1,-25135425,6893,9200,0.0,0.0
1661.170,166117,2,0.1,-21080506,6893,9200,0.0,0.0
1661.180,166118,2,0.1,-10143062,6893,9200,0.0,0.0
1661.190,166119,2,0.1,-17165466,6893,9200,0.0,0.0
1661.200,166120,2,0.1,-4784000,6893,9200,0.0,0.0
1661.210,166121,2,0.1,1053473,6893,9200,0.0,0.0
1661.220,166122,2,0.1,19284980,6893,9200,0.0,0.0
1661.230,166123,2,0.1,8294210,6893,9200,0.0,0.0
1661.240,166124,2,0.1,-16831531,6893,9200,0.0,0.0
1661.250,166125,2,0.1,-7030060,6893,9200,0.0,0.0
1661.260,166126,2,0.1,-19259963,6893,9200,0.0,0.0
1661.270,166127,2,0.1,-11882334,6893,9200,0.0,0.0
1661.280,166128,2,0.1,-3856395,6893,9200,0.0,0.0
1661.290,166129,2,0.1,11742742,6893,9200,0.0,0.0
1661.300,166130,2,0.1,11756053,6893,9200,0.0,0.0
1661.310,166131,2,0.1,-14698156,6893,9200,0.0,0.0
1661.320,166132,2,0.1,-22950939,6893,9200,0.0,0.0
1661.330,166133,2,0.1,6075253,6893,9200,0.0,0.0
1661.340,166134,2,0.1,4592763,6893,9200,0.0,0.0
1661.350,166135,2,0.1,-12689056,6893,9200,0.0,0.0
1661.360,166136,2,0.1,-16486456,6893,9200,0.0,0.0
1661.370,166137,2,0.1,-8635347,6893,9200,0.0,0.0
1661.380,166138,2,0.1,13147137,6893,9200,0.0,0.0
1661.390,166139,2,0.1,-10513535,6893,9200,0.0,0.0
1661.400,166140,2,0.1,-5385131,6893,9200,0.0,0.0
1661.410,166141,2,0.1,-1344633,6893,9200,0.0,0.0
1661.420,166142,2,0.1,-4356581,6893,9200,0.0,0.0
1661.430,166143,2,0.1,-711098,6893,9200,0.0,0.0
1661.440,166144,2,0.1,24271071,6893,9200,0.0,0.0
1661.450,166145,2,0.1,8267172,6893,9200,0.0,0.0
1661.460,166146,2,0.1,-8034863,6893,9200,0.0,0.0
1661.470,166147,2,0.1,-11077392,6893,9200,0.0,0.0
1661.480,166148,2,0.1,28902299,6893,9200,0.0,0.0
1661.490,166149,2,0.1,2598205,6893,9200,0.0,0.0
1661.500,166150,2,0.1,19104914,6893,9200,0.0,0.0
1661.510,166151,2,0.1,11707353,6893,9200,0.0,0.0
1661.520,166152,2,0.1,491526,6893,9200,0.0,0.0
1661.530,166153,2,0.1,6667612,6893,9200,0.0,0.0
1661.540,166154,2,0.1,-2355337,6893,9200,0.0,0.0
1661.550,166155,2,0.1,-6601547,6893,9200,0.0,0.0
1661.560,166156,2,0.1,-21333027,6893,9200,0.0,0.0
1661.570,166157,2,0.1,2639469,6893,9200,0.0,0.0
1661.580,166158,2,0.1,4246446,6893,9200,0.0,0.0
1661.590,166159,2,0.1,7969676,6893,9200,0.0,0.0
1661.600,166160,2,0.1,-20049666,6893,9200,0.0,0.0
1661.610,166161,2,0.1,17531851,6893,9200,0.0,0.0
1661.620,166162,2,0.1,10014781,6893,9200,0.0,0.0
1661.630,166163,2,0.1,-15323475,6893,9200,0.0,0.0
1661.640,166164,2,0.1,-6058363,6893,9200,0.0,0.0
1661.650,166165,2,0.1,5148790,6893,9200,0.0,0.0
1661.660,166166,2,0.1,-11656709,6893,9200,0.0,0.0
1661.670,166167,2,0.1,-24083543,6893,9200,0.0,0.0
1661.680,166168,2,0.1,1303417,6893,9200,0.0,0.0
1661.690,166169,2,0.1,-11955366,6893,9200,0.0,0.0
1661.700,166170,2,0.1,-14392495,6893,9200,0.0,0.0
1661.710,166171,2,0.1,-10325225,6893,9200,0.0,0.0
1661.720,166172,2,0.1,-12849097,6893,9200,0.0,0.0
1661.730,166173,2,0.1,2037617,6893,9200,0.0,0.0
1661.740,166174,2,0.1,-26908170,6893,9200,0.0,0.0
1661.750,166175,2,0.1,-2658758,6893,9200,0.0,0.0
1661.760,166176,2,0.1,12567901,6893,9200,0.0,0.0
1661.770,166177,2,0.1,-16061666,6893,9200,0.0,0.0
1661.780,166178,2,0.1,-12711207,6893,9200,0.0,0.0
1661.790,166179,2,0.1,-13287611,6893,9200,0.0,0.0
1661.800,166180,2,0.1,-5979116,6893,9200,0.0,0.0
1661.810,166181,2,0.1,-833963,6893,9200,0.0,0.0
1661.820,166182,2,0.1,-3480397,6893,9200,0.0,0.0
1661.830,166183,2,0.1,-27847512,6893,9200,0.0,0.0
1661.840,166184,2,0.1,14519562,6893,9200,0.0,0.0
1661.850,166185,2,0.1,-11410915,6893,9200,0.0,0.0
1661.860,166186,2,0.1,-2855432,6893,9200,0.0,0.0
1661.870,166187,2,0.1,-2569536,6893,9200,0.0,0.0
1661.880,166188,2,0.1,3919441,6893,9200,0.0,0.0
1661.890,166189,2,0.1,-16171810,6893,9200,0.0,0.0
1661.900,166190,2,0.1,-10436363,6893,9200,0.0,0.0
1661.910,166191,2,0.1,12367415,6893,9200,0.0,0.0
1661.920,166192,2,0.1,-224638,6893,9200,0.0,0.0
1661.930,166193,2,0.1,-18741042,6893,9200,0.0,0.0
1661.940,166194,2,0.1,19221835,6893,9200,0.0,0.0
1661.950,166195,2,0.1,8102075,6893,9200,0.0,0.0
1661.960,166196,2,0.1,-4070876,6893,9200,0.0,0.0
1661.970,166197,2,0.1,11973046,6893,9200,0.0,0.0
1661.980,166198,2,0.1,-6511509,6893,9200,0.0,0.0
1661.990,166199,2,0.1,-6635599,6893,9200,0.0,0.0
1662.000,166200,2,0.1,10456055,6893,9200,0.0,0.0
1662.010,166201,2,0.1,-26861665,6893,9200,0.0,0.0
1662.020,166202,2,0.1,-11521629,6893,9200,0.0,0.0
1662.030,166203,2,0.1,-19070899,6893,9200,0.0,0.0
1662.040,166204,2,0.1,-38475761,6893,9200,0.0,0.0
1662.050,166205,2,0.1,-11614607,6893,9200,0.0,0.0
1662.060,166206,2,0.1,7986933,6893,9200,0.0,0.0
1662.070,166207,2,0.1,-10462494,6893,9200,0.0,0.0
1662.080,166208,2,0.1,-14618724,6893,9200,0.0,0.0
1662.090,166209,2,0.1,-216865,6893,9200,0.0,0.0
1662.100,166210,2,0.1,7620841,6893,9200,0.0,0.0
1662.110,166211,2,0.1,1091063,6893,9200,0.0,0.0
1662.120,166212,2,0.1,34798349,6893,9200,0.0,0.0
1662.130,166213,2,0.1,-10856545,6893,9200,0.0,0.0
1662.140,166214,2,0.1,333013,6893,9200,0.0,0.0
1662.150,166215,2,0.1,2251128,6893,9200,0.0,0.0
1662.160,166216,2,0.1,-9509644,6893,9200,0.0,0.0
1662.170,166217,2,0.1,-1368964,6893,9200,0.0,0.0
1662.180,166218,2,0.1,-19627650,6893,9200,0.0,0.0
1662.190,166219,2,0.1,-10578785,6893,9200,0.0,0.0
1662.200,166220,2,0.1,6662252,6893,9200,0.0,0.0
1662.210,166221,2,0.1,5150472,6893,9200,0.0,0.0
1662.220,166222,2,0.1,-15086847,6893,9200,0.0,0.0
1662.230,166223,2,0.1,-2399486,6893,9200,0.0,0.0
1662.240,166224,2,0.1,3363612,6893,9200,0.0,0.0
1662.250,166225,2,0.1,-38244471,6893,9200,0.0,0.0
1662.260,166226,2,0.1,27274878,6893,9200,0.0,0.0
1662.270,166227,2,0.1,2713967,6893,9200,0.0,0.0
1662.280,166228,2,0.1,-3879803,6893,9200,0.0,0.0
1662.290,166229,2,0.1,-10607257,6893,9200,0.0,0.0
1662.300,166230,2,0.1,-5887484,6893,9200,0.0,0.0
1662.310,166231,2,0.1,-2478677,6893,9200,0.0,0.0
1662.320,166232,2,0.1,7962018,6893,9200,0.0,0.0
1662.330,166233,2,0.1,-36102106,6893,9200,0.0,0.0
1662.340,166234,2,0.1,-3161007,6893,9200,0.0,0.0
1662.350,166235,2,0.1,8368780,6893,9200,0.0,0.0
1662.360,166236,2,0.1,422273,6893,9200,0.0,0.0
1662.370,166237,2,0.1,-29893579,6893,9200,0.0,0.0
1662.380,166238,2,0.1,-13410201,6893,9200,0.0,0.0
1662.390,166239,2,0.1,-1657542,6893,9200,0.0,0.0
1662.400,166240,2,0.1,-33210345,6893,9200,0.0,0.0
1662.410,166241,2,0.1,10207076,6893,9200,0.0,0.0
1662.420,166242,2,0.1,-12425251,6893,9200,0.0,0.0
1662.430,166243,2,0.1,27953277,6893,9200,0.0,0.0
1662.440,166244,2,0.1,6296993,6893,9200,0.0,0.0
1662.450,166245,2,0.1,2992004,6893,9200,0.0,0.0
1662.460,166246,2,0.1,21819704,6893,9200,0.0,0.0
1662.470,166247,2,0.1,13015010,6893,9200,0.0,0.0
1662.480,166248,2,0.1,-3519011,6893,9200,0.0,0.0
1662.490,166249,2,0.1,6757830,6893,9200,0.0,0.0
1662.500,166250,2,0.1,-1074418,6893,9200,0.0,0.0
1662.510,166251,2,0.1,13703044,6893,9200,0.0,0.0
1662.520,166252,2,0.1,14242070,6893,9200,0.0,0.0
1662.530,166253,2,0.1,4165407,6893,9200,0.0,0.0
1662.540,166254,2,0.1,12671000,6893,9200,0.0,0.0
1662.550,166255,2,0.1,13927368,6893,9200,0.0,0.0
1662.560,166256,2,0.1,7853137,6893,9200,0.0,0.0
1662.570,166257,2,0.1,18195773,6893,9200,0.0,0.0
1662.580,166258,2,0.1,-12399089,6893,9200,0.0,0.0
1662.590,166259,2,0.1,-20335016,6893,9200,0.0,0.0
1662.600,166260,2,0.1,-11657935,6893,9200,0.0,0.0
1662.610,166261,2,0.1,612111,6893,9200,0.0,0.0
1662.620,166262,2,0.1,-6483597,6893,9200,0.0,0.0
1662.630,166263,2,0.1,-12451764,6893,9200,0.0,0.0
1662.640,166264,2,0.1,13895964,6893,9200,0.0,0.0
1662.650,166265,2,0.1,25586619,6893,9200,0.0,0.0
1662.660,166266,2,0.1,3294868,6893,9200,0.0,0.0
1662.670,166267,2,0.1,13094869,6893,9200,0.0,0.0
1662.680,166268,2,0.1,-33778026,6893,9200,0.0,0.0
1662.690,166269,2,0.1,-1689503,6893,9200,0.0,0.0
1662.700,166270,2,0.1,-795890,6893,9200,0.0,0.0
1662.710,166271,2,0.1,16806844,6893,9200,0.0,0.0
1662.720,166272,2,0.1,2320311,6893,9200,0.0,0.0
1662.730,166273,2,0.1,-37648666,6893,9200,0.0,0.0
1662.740,166274,2,0.1,-255266,6893,9200,0.0,0.0
1662.750,166275,2,0.1,-3643618,6893,9200,0.0,0.0
1662.760,166276,2,0.1,-9081410,6893,9200,0.0,0.0
1662.770,166277,2,0.1,-22460849,6893,9200,0.0,0.0
1662.780,166278,2,0.1,-21208109,6893,9200,0.0,0.0
1662.790,166279,2,0.1,90535,6893,9200,0.0,0.0
1662.800,166280,2,0.1,-1550821,6893,9200,0.0,0.0
1662.810,166281,2,0.1,26994114,6893,9200,0.0,0.0
1662.820,166282,2,0.1,-3526924,6893,9200,0.0,0.0
1662.830,166283,2,0.1,-13988010,6893,9200,0.0,0.0
1662.840,166284,2,0.1,-4151012,6893,9200,0.0,0.0
1662.850,166285,2,0.1,-17374848,6893,9200,0.0,0.0
1662.860,166286,2,0.1,-2705132,6893,9200,0.0,0.0
1662.870,166287,2,0.1,-46087686,6893,9200,0.0,0.0
1662.880,166288,2,0.1,-16278555,6893,9200,0.0,0.0
1662.890,166289,2,0.1,-5174750,6893,9200,0.0,0.0
1662.900,166290,2,0.1,14944604,6893,9200,0.0,0.0
1662.910,166291,2,0.1,-9273861,6893,9200,0.0,0.0
1662.920,166292,2,0.1,10109902,6893,9200,0.0,0.0
1662.930,166293,2,0.1,254470,6893,9200,0.0,0.0
1662.940,166294,2,0.1,-22224956,6893,9200,0.0,0.0
1662.950,166295,2,0.1,554867,6893,9200,0.0,0.0
1662.960,166296,2,0.1,8959461,6893,9200,0.0,0.0
1662.970,166297,2,0.1,-15987176,6893,9200,0.0,0.0
1662.980,166298,2,0.1,-36920894,6893,9200,0.0,0.0
1662.990,166299,2,0.1,2639933,6893,9200,0.0,0.0
1663.000,166300,2,0.1,-10127946,6893,9200,0.0,0.0
1663.010,166301,2,0.1,-21312439,6893,9200,0.0,0.0
1663.020,166302,2,0.1,5443838,6893,9200,0.0,0.0
1663.030,166303,2,0.1,8898125,6893,9200,0.0,0.0
1663.040,166304,2,0.1,-537119,6893,9200,0.0,0.0
1663.050,166305,2,0.1,12851271,6893,9200,0.0,0.0
1663.060,166306,2,0.1,-4022669,6893,9200,0.0,0.0
1663.070,166307,2,0.1,-27524892,6893,9200,0.0,0.0
1663.080,166308,2,0.1,2118042,6893,9200,0.0,0.0
1663.090,166309,2,0.1,-24011708,6893,9200,0.0,0.0
1663.100,166310,2,0.1,-8419403,6893,9200,0.0,0.0
1663.110,166311,2,0.1,-24255030,6893,9200,0.0,0.0
1663.120,166312,2,0.1,-5909948,6893,9200,0.0,0.0
1663.130,166313,2,0.1,6454106,6893,9200,0.0,0.0
1663.140,166314,2,0.1,-9970687,6893,9200,0.0,0.0
1663.150,166315,2,0.1,22805450,6893,9200,0.0,0.0
1663.160,166316,2,0.1,-1350510,6893,9200,0.0,0.0
1663.170,166317,2,0.1,-6260773,6893,9200,0.0,0.0
1663.180,166318,2,0.1,-5522992,6893,9200,0.0,0.0
1663.190,166319,2,0.1,-9567463,6893,9200,0.0,0.0
1663.200,166320,2,0.1,-10598442,6893,9200,0.0,0.0
1663.210,166321,2,0.1,3301778,6893,9200,0.0,0.0
1663.220,166322,2,0.1,24781487,6893,9200,0.0,0.0
1663.230,166323,2,0.1,8473587,6893,9200,0.0,0.0
1663.240,166324,2,0.1,18711462,6893,9200,0.0,0.0
1663.250,166325,2,0.1,-26088513,6893,9200,0.0,0.0
1663.260,166326,2,0.1,-26313011,6893,9200,0.0,0.0
1663.270,166327,2,0.1,-6863529,6893,9200,0.0,0.0
1663.280,166328,2,0.1,1967770,6893,9200,0.0,0.0
1663.290,166329,2,0.1,2868945,6893,9200,0.0,0.0
1663.300,166330,2,0.1,-12429471,6893,9200,0.0,0.0
1663.310,166331,2,0.1,-11405762,6893,9200,0.0,0.0
1663.320,166332,2,0.1,-12428288,6893,9200,0.0,0.0
1663.330,166333,2,0.1,22329328,6893,9200,0.0,0.0
1663.340,166334,2,0.1,-17677784,6893,9200,0.0,0.0
1663.350,166335,2,0.1,-14673750,6893,9200,0.0,0.0
1663.360,166336,2,0.1,18922776,6893,9200,0.0,0.0
1663.370,166337,2,0.1,8872996,6893,9200,0.0,0.0
1663.380,166338,2,0.1,-5183271,6893,9200,0.0,0.0
1663.390,166339,2,0.1,4286470,6893,9200,0.0,0.0
1663.400,166340,2,0.1,1221246,6893,9200,0.0,0.0
1663.410,166341,2,0.1,-11918891,6893,9200,0.0,0.0
1663.420,166342,2,0.1,3304535,6893,9200,0.0,0.0
1663.430,166343,2,0.1,-7035237,6893,9200,0.0,0.0
1663.440,166344,2,0.1,11995570,6893,9200,0.0,0.0
1663.450,166345,2,0.1,-2265648,6893,9200,0.0,0.0
1663.460,166346,2,0.1,29676066,6893,9200,0.0,0.0
1663.470,166347,2,0.1,-14127408,6893,9200,0.0,0.0
1663.480,166348,2,0.1,-10417689,6893,9200,0.0,0.0
1663.490,166349,2,0.1,3849051,6893,9200,0.0,0.0
1663.500,166350,2,0.1,-17716988,6893,9200,0.0,0.0
1663.510,166351,2,0.1,-16363727,6893,9200,0.0,0.0
1663.520,166352,2,0.1,-16090700,6893,9200,0.0,0.0
1663.530,166353,2,0.1,-11464365,6893,9200,0.0,0.0
1663.540,166354,2,0.1,-1507013,6893,9200,0.0,0.0
1663.550,166355,2,0.1,16658201,6893,9200,0.0,0.0
1663.560,166356,2,0.1,-17721459,6893,9200,0.0,0.0
1663.570,166357,2,0.1,-2232531,6893,9200,0.0,0.0
1663.580,166358,2,0.1,-2061314,6893,9200,0.0,0.0
1663.590,166359,2,0.1,-22906873,6893,9200,0.0,0.0
1663.600,166360,2,0.1,321685,6893,9200,0.0,0.0
1663.610,166361,2,0.1,4741681,6893,9200,0.0,0.0
1663.620,166362,2,0.1,-8839938,6893,9200,0.0,0.0
1663.630,166363,2,0.1,17970279,6893,9200,0.0,0.0
1663.640,166364,2,0.1,-26652794,6893,9200,0.0,0.0
1663.650,166365,2,0.1,-15524003,6893,9200,0.0,0.0
1663.660,166366,2,0.1,-6026093,6893,9200,0.0,0.0
1663.670,166367,2,0.1,7083093,6893,9200,0.0,0.0
1663.680,166368,2,0.1,5821970,6893,9200,0.0,0.0
1663.690,166369,2,0.1,26228474,6893,9200,0.0,0.0
1663.700,166370,2,0.1,2063212,6893,9200,0.0,0.0
1663.710,166371,2,0.1,-50236544,6893,9200,0.0,0.0
1663.720,166372,2,0.1,-7126557,6893,9200,0.0,0.0
1663.730,166373,2,0.1,14157682,6893,9200,0.0,0.0
1663.740,166374,2,0.1,-21450237,6893,9200,0.0,0.0
1663.750,166375,2,0.1,-26632725,6893,9200,0.0,0.0
1663.760,166376,2,0.1,-4117667,6893,9200,0.0,0.0
1663.770,166377,2,0.1,-10557916,6893,9200,0.0,0.0
1663.780,166378,2,0.1,3141558,6893,9200,0.0,0.0
1663.790,166379,2,0.1,-33322644,6893,9200,0.0,0.0
1663.800,166380,2,0.1,760062,6893,9200,0.0,0.0
1663.810,166381,2,0.1,20325159,6893,9200,0.0,0.0
1663.820,166382,2,0.1,24560244,6893,9200,0.0,0.0
1663.830,166383,2,0.1,13223686,6893,9200,0.0,0.0
1663.840,166384,2,0.1,-2598449,6893,9200,0.0,0.0
1663.850,166385,2,0.1,-2285189,6893,9200,0.0,0.0
1663.860,166386,2,0.1,17158187,6893,9200,0.0,0.0
1663.870,166387,2,0.1,10497080,6893,9200,0.0,0.0
1663.880,166388,2,0.1,9232424,6893,9200,0.0,0.0
1663.890,166389,2,0.1,2493963,6893,9200,0.0,0.0
1663.900,166390,2,0.1,4667503,6893,9200,0.0,0.0
1663.910,166391,2,0.1,-2264089,6893,9200,0.0,0.0
1663.920,166392,2,0.1,16666451,6893,9200,0.0,0.0
1663.930,166393,2,0.1,6762109,6893,9200,0.0,0.0
1663.940,166394,2,0.1,17048272,6893,9200,0.0,0.0
1663.950,166395,2,0.1,2411884,6893,9200,0.0,0.0
1663.960,166396,2,0.1,-5830868,6893,9200,0.0,0.0
1663.970,166397,2,0.1,-8366873,6893,9200,0.0,0.0
1663.980,166398,2,0.1,5158144,6893,9200,0.0,0.0
1663.990,166399,2,0.1,31387025,6893,9200,0.0,0.0
1664.000,166400,2,0.1,-4667763,6893,9200,0.0,0.0
1664.010,166401,2,0.1,-4697025,6893,9200,0.0,0.0
1664.020,166402,2,0.1,-11398693,6893,9200,0.0,0.0
1664.030,166403,2,0.1,-18544762,6893,9200,0.0,0.0
1664.040,166404,2,0.1,-12215271,6893,9200,0.0,0.0
1664.050,166405,2,0.1,-1001440,6893,9200,0.0,0.0
1664.060,166406,2,0.1,3596864,6893,9200,0.0,0.0
1664.070,166407,2,0.1,-11334392,6893,9200,0.0,0.0
1664.080,166408,2,0.1,710239,6893,9200,0.0,0.0
1664.090,166409,2,0.1,-7550257,6893,9200,0.0,0.0
1664.100,166410,2,0.1,5182456,6893,9200,0.0,0.0
1664.110,166411,2,0.1,22224076,6893,9200,0.0,0.0
1664.120,166412,2,0.1,1142496,6893,9200,0.0,0.0
1664.130,166413,2,0.1,26003756,6893,9200,0.0,0.0
1664.140,166414,2,0.1,-6022758,6893,9200,0.0,0.0
1664.150,166415,2,0.1,5796292,6893,9200,0.0,0.0
1664.160,166416,2,0.1,23507533,6893,9200,0.0,0.0
1664.170,166417,2,0.1,30582727,6893,9200,0.0,0.0
1664.180,166418,2,0.1,-10951540,6893,9200,0.0,0.0
1664.190,166419,2,0.1,12474635,6893,9200,0.0,0.0
1664.200,166420,2,0.1,1181604,6893,9200,0.0,0.0
1664.210,166421,2,0.1,25290422,6893,9200,0.0,0.0
1664.220,166422,2,0.1,-19649749,6893,9200,0.0,0.0
1664.230,166423,2,0.1,-2934933,6893,9200,0.0,0.0
1664.240,166424,2,0.1,12069700,6893,9200,0.0,0.0
1664.250,166425,2,0.1,8161668,6893,9200,0.0,0.0
1664.260,166426,2,0.1,17115831,6893,9200,0.0,0.0
1664.270,166427,2,0.1,7354817,6893,9200,0.0,0.0
1664.280,166428,2,0.1,2336199,6893,9200,0.0,0.0
1664.290,166429,2,0.1,-20356277,6893,9200,0.0,0.0
1664.300,166430,2,0.1,11832249,6893,9200,0.0,0.0
1664.310,166431,2,0.1,-14794353,6893,9200,0.0,0.0
1664.320,166432,2,0.1,-35391521,6893,9200,0.0,0.0
1664.330,166433,2,0.1,8495438,6893,9200,0.0,0.0
1664.340,166434,2,0.1,-32843762,6893,9200,0.0,0.0
1664.350,166435,2,0.1,14709546,6893,9200,0.0,0.0
1664.360,166436,2,0.1,624261,6893,9200,0.0,0.0
1664.370,166437,2,0.1,24747056,6893,9200,0.0,0.0
1664.380,166438,2,0.1,10493272,6893,9200,0.0,0.0
1664.390,166439,2,0.1,-4744039,6893,9200,0.0,0.0
1664.400,166440,2,0.1,-11282783,6893,9200,0.0,0.0
1664.410,166441,2,0.1,10114685,6893,9200,0.0,0.0
1664.420,166442,2,0.1,13986021,6893,9200,0.0,0.0
1664.430,166443,2,0.1,30326640,6893,9200,0.0,0.0
1664.440,166444,2,0.1,-17464249,6893,9200,0.0,0.0
1664.450,166445,2,0.1,-11643334,6893,9200,0.0,0.0
1664.460,166446,2,0.1,-23784713,6893,9200,0.0,0.0
1664.470,166447,2,0.1,18940812,6893,9200,0.0,0.0
1664.480,166448,2,0.1,-8419692,6893,9200,0.0,0.0
1664.490,166449,2,0.1,-10818233,6893,9200,0.0,0.0
1664.500,166450,2,0.1,33883627,6893,9200,0.0,0.0
1664.510,166451,2,0.1,-9914104,6893,9200,0.0,0.0
1664.520,166452,2,0.1,14530963,6893,9200,0.0,0.0
1664.530,166453,2,0.1,6403604,6893,9200,0.0,0.0
1664.540,166454,2,0.1,-28047670,6893,9200,0.0,0.0
1664.550,166455,2,0.1,-27036428,6893,9200,0.0,0.0
1664.560,166456,2,0.1,-11432812,6893,9200,0.0,0.0
1664.570,166457,2,0.1,-3502074,6893,9200,0.0,0.0
1664.580,166458,2,0.1,9255860,6893,9200,0.0,0.0
1664.590,166459,2,0.1,-21733574,6893,9200,0.0,0.0
1664.600,166460,2,0.1,-4808012,6893,9200,0.0,0.0
1664.610,166461,2,0.1,5183956,6893,9200,0.0,0.0
1664.620,166462,2,0.1,-16006998,6893,9200,0.0,0.0
1664.630,166463,2,0.1,13933142,6893,9200,0.0,0.0
1664.640,166464,2,0.1,-11394318,6893,9200,0.0,0.0
1664.650,166465,2,0.1,-24805087,6893,9200,0.0,0.0
1664.660,166466,2,0.1,-3471986,6893,9200,0.0,0.0
1664.670,166467,2,0.1,19126581,6893,9200,0.0,0.0
1664.680,166468,2,0.1,-32170353,6893,9200,0.0,0.0
1664.690,166469,2,0.1,-15001836,6893,9200,0.0,0.0
1664.700,166470,2,0.1,-41391631,6893,9200,0.0,0.0
1664.710,166471,2,0.1,8080541,6893,9200,0.0,0.0
1664.720,166472,2,0.1,-9953637,6893,9200,0.0,0.0
1664.730,166473,2,0.1,36187086,6893,9200,0.0,0.0
1664.740,166474,2,0.1,-21132077,6893,9200,0.0,0.0
1664.750,166475,2,0.1,-11396238,6893,9200,0.0,0.0
1664.760,166476,2,0.1,-33576039,6893,9200,0.0,0.0
1664.770,166477,2,0.1,14911970,6893,9200,0.0,0.0
1664.780,166478,2,0.1,5533116,6893,9200,0.0,0.0
1664.790,166479,2,0.1,13641796,6893,9200,0.0,0.0
1664.800,166480,2,0.1,-10044826,6893,9200,0.0,0.0
1664.810,166481,2,0.1,12520202,6893,9200,0.0,0.0
1664.820,166482,2,0.1,20214663,6893,9200,0.0,0.0
1664.830,166483,2,0.1,-58935,6893,9200,0.0,0.0
1664.840,166484,2,0.1,-9724484,6893,9200,0.0,0.0
1664.850,166485,2,0.1,-9153563,6893,9200,0.0,0.0
1664.860,166486,2,0.1,-10346595,6893,9200,0.0,0.0
1664.870,166487,2,0.1,-31672992,6893,9200,0.0,0.0
1664.880,166488,2,0.1,-6796326,6893,9200,0.0,0.0
1664.890,166489,2,0.1,3122490,6893,9200,0.0,0.0
1664.900,166490,2,0.1,-34273587,6893,9200,0.0,0.0
1664.910,166491,2,0.1,-7416751,6893,9200,0.0,0.0
1664.920,166492,2,0.1,-12459384,6893,9200,0.0,0.0
1664.930,166493,2,0.1,18077811,6893,9200,0.0,0.0
1664.940,166494,2,0.1,-7481803,6893,9200,0.0,0.0
1664.950,166495,2,0.1,-1696718,6893,9200,0.0,0.0
1664.960,166496,2,0.1,11023248,6893,9200,0.0,0.0
1664.970,166497,2,0.1,-12856135,6893,9200,0.0,0.0
1664.980,166498,2,0.1,-24543588,6893,9200,0.0,0.0
1664.990,166499,2,0.1,-21093989,6893,9200,0.0,0.0
1665.000,166500,2,0.1,1732705,6893,9200,0.0,0.0
1665.010,166501,2,0.1,23225999,6893,9200,0.0,0.0
1665.020,166502,2,0.1,47730,6893,9200,0.0,0.0
1665.030,166503,2,0.1,-19819976,6893,9200,0.0,0.0
1665.040,166504,2,0.1,22511504,6893,9200,0.0,0.0
1665.050,166505,2,0.1,-861094,6893,9200,0.0,0.0
1665.060,166506,2,0.1,-3861489,6893,9200,0.0,0.0
1665.070,166507,2,0.1,4459972,6893,9200,0.0,0.0
1665.080,166508,2,0.1,14834146,6893,9200,0.0,0.0
1665.090,166509,2,0.1,-3748893,6893,9200,0.0,0.0
1665.100,166510,2,0.1,12402475,6893,9200,0.0,0.0
1665.110,166511,2,0.1,763537,6893,9200,0.0,0.0
1665.120,166512,2,0.1,-6445052,6893,9200,0.0,0.0
1665.130,166513,2,0.1,3971411,6893,9200,0.0,0.0
1665.140,166514,2,0.1,-11044890,6893,9200,0.0,0.0
1665.150,166515,2,0.1,-1746414,6893,9200,0.0,0.0
1665.160,166516,2,0.1,6038789,6893,9200,0.0,0.0
1665.170,166517,2,0.1,4224890,6893,9200,0.0,0.0
1665.180,166518,2,0.1,25509958,6893,9200,0.0,0.0
1665.190,166519,2,0.1,-14529987,6893,9200,0.0,0.0
1665.200,166520,2,0.1,14890650,6893,9200,0.0,0.0
1665.210,166521,2,0.1,-5675536,6893,9200,0.0,0.0
1665.220,166522,2,0.1,-3482572,6893,9200,0.0,0.0
1665.230,166523,2,0.1,7697495,6893,9200,0.0,0.0
1665.240,166524,2,0.1,3713234,6893,9200,0.0,0.0
1665.250,166525,2,0.1,-2031980,6893,9200,0.0,0.0
1665.260,166526,2,0.1,21267251,6893,9200,0.0,0.0
1665.270,166527,2,0.1,1858411,6893,9200,0.0,0.0
1665.280,166528,2,0.1,10396498,6893,9200,0.0,0.0
1665.290,166529,2,0.1,9034095,6893,9200,0.0,0.0
1665.300,166530,2,0.1,25586642,6893,9200,0.0,0.0
1665.310,166531,2,0.1,13253473,6893,9200,0.0,0.0
1665.320,166532,2,0.1,-31874978,6893,9200,0.0,0.0
1665.330,166533,2,0.1,-1759215,6893,9200,0.0,0.0
1665.340,166534,2,0.1,-21954260,6893,9200,0.0,0.0
1665.350,166535,2,0.1,-21204696,6893,9200,0.0,0.0
1665.360,166536,2,0.1,-2128076,6893,9200,0.0,0.0
1665.370,166537,2,0.1,-7765276,6893,9200,0.0,0.0
1665.380,166538,2,0.1,-5381662,6893,9200,0.0,0.0
1665.390,166539,2,0.1,10047533,6893,9200,0.0,0.0
1665.400,166540,2,0.1,-10222776,6893,9200,0.0,0.0
1665.410,166541,2,0.1,-29818381,6893,9200,0.0,0.0
1665.420,166542,2,0.1,-17301289,6893,9200,0.0,0.0
1665.430,166543,2,0.1,-29594170,6893,9200,0.0,0.0
1665.440,166544,2,0.1,-10122364,6893,9200,0.0,0.0
1665.450,166545,2,0.1,7822293,6893,9200,0.0,0.0
1665.460,166546,2,0.1,-14754575,6893,9200,0.0,0.0
1665.470,166547,2,0.1,-9084945,6893,9200,0.0,0.0
1665.480,166548,2,0.1,13970114,6893,9200,0.0,0.0
1665.490,166549,2,0.1,-11682438,6893,9200,0.0,0.0
1665.500,166550,2,0.1,-13367924,6893,9200,0.0,0.0
1665.510,166551,2,0.1,-12025113,6893,9200,0.0,0.0
1665.520,166552,2,0.1,-9699767,6893,9200,0.0,0.0
1665.530,166553,2,0.1,-19155236,6893,9200,0.0,0.0
1665.540,166554,2,0.1,-16065351,6893,9200,0.0,0.0
1665.550,166555,2,0.1,-8985400,6893,9200,0.0,0.0
1665.560,166556,2,0.1,-8961565,6893,9200,0.0,0.0
1665.570,166557,2,0.1,-20569089,6893,9200,0.0,0.0
1665.580,166558,2,0.1,-36168241,6893,9200,0.0,0.0
1665.590,166559,2,0.1,1139651,6893,9200,0.0,0.0
1665.600,166560,2,0.1,-4572841,6893,9200,0.0,0.0
1665.610,166561,2,0.1,30671781,6893,9200,0.0,0.0
1665.620,166562,2,0.1,10328814,6893,9200,0.0,0.0
1665.630,166563,2,0.1,5216209,6893,9200,0.0,0.0
1665.640,166564,2,0.1,-19107076,6893,9200,0.0,0.0
1665.650,166565,2,0.1,-3754416,6893,9200,0.0,0.0
1665.660,166566,2,0.1,14497792,6893,9200,0.0,0.0
1665.670,166567,2,0.1,-19605913,6893,9200,0.0,0.0
1665.680,166568,2,0.1,-10973964,6893,9200,0.0,0.0
1665.690,166569,2,0.1,-17735170,6893,9200,0.0,0.0
1665.700,166570,2,0.1,-26931901,6893,9200,0.0,0.0
1665.710,166571,2,0.1,-4413581,6893,9200,0.0,0.0
1665.720,166572,2,0.1,-16647111,6893,9200,0.0,0.0
1665.730,166573,2,0.1,-22733806,6893,9200,0.0,0.0
1665.740,166574,2,0.1,8049705,6893,9200,0.0,0.0
1665.750,166575,2,0.1,3324120,6893,9200,0.0,0.0
1665.760,166576,2,0.1,8103099,6893,9200,0.0,0.0
1665.770,166577,2,0.1,-11443952,6893,9200,0.0,0.0
1665.780,166578,2,0.1,-4048540,6893,9200,0.0,0.0
1665.790,166579,2,0.1,-6138174,6893,9200,0.0,0.0
1665.800,166580,2,0.1,-12078712,6893,9200,0.0,0.0
1665.810,166581,2,0.1,12482894,6893,9200,0.0,0.0
1665.820,166582,2,0.1,-11401925,6893,9200,0.0,0.0
1665.830,166583,2,0.1,-17776357,6893,9200,0.0,0.0
1665.840,166584,2,0.1,-13407154,6893,9200,0.0,0.0
1665.850,166585,2,0.1,-25430813,6893,9200,0.0,0.0
1665.860,166586,2,0.1,-14855069,6893,9200,0.0,0.0
1665.870,166587,2,0.1,10942694,6893,9200,0.0,0.0
1665.880,166588,2,0.1,-10048968,6893,9200,0.0,0.0
1665.890,166589,2,0.1,7627102,6893,9200,0.0,0.0
1665.900,166590,2,0.1,-6329983,6893,9200,0.0,0.0
1665.910,166591,2,0.1,-1905147,6893,9200,0.0,0.0
1665.920,166592,2,0.1,-12213298,6893,9200,0.0,0.0
1665.930,166593,2,0.1,-4949073,6893,9200,0.0,0.0
1665.940,166594,2,0.1,-2994426,6893,9200,0.0,0.0
1665.950,166595,2,0.1,-4140613,6893,9200,0.0,0.0
1665.960,166596,2,0.1,4738418,6893,9200,0.0,0.0
1665.970,166597,2,0.1,8732305,6893,9200,0.0,0.0
1665.980,166598,2,0.1,-2881046,6893,9200,0.0,0.0
1665.990,166599,2,0.1,-15480382,6893,9200,0.0,0.0
1666.000,166600,2,0.1,11715803,6893,9200,0.0,0.0
1666.010,166601,2,0.1,13440427,6893,9200,0.0,0.0
1666.020,166602,2,0.1,947887,6893,9200,0.0,0.0
1666.030,166603,2,0.1,-7052507,6893,9200,0.0,0.0
1666.040,166604,2,0.1,5165314,6893,9200,0.0,0.0
1666.050,166605,2,0.1,-17366991,6893,9200,0.0,0.0
1666.060,166606,2,0.1,-15456560,6893,9200,0.0,0.0
1666.070,166607,2,0.1,19547885,6893,9200,0.0,0.0
1666.080,166608,2,0.1,39097028,6893,9200,0.0,0.0
1666.090,166609,2,0.1,-3034888,6893,9200,0.0,0.0
1666.100,166610,2,0.1,3376386,6893,9200,0.0,0.0
1666.110,166611,2,0.1,15960193,6893,9200,0.0,0.0
1666.120,166612,2,0.1,-9069175,6893,9200,0.0,0.0
1666.130,166613,2,0.1,10727775,6893,9200,0.0,0.0
1666.140,166614,2,0.1,-7526562,6893,9200,0.0,0.0
1666.150,166615,2,0.1,7758099,6893,9200,0.0,0.0
1666.160,166616,2,0.1,-26229758,6893,9200,0.0,0.0
1666.170,166617,2,0.1,-38807029,6893,9200,0.0,0.0
1666.180,166618,2,0.1,-5572664,6893,9200,0.0,0.0
1666.190,166619,2,0.1,-22598652,6893,9200,0.0,0.0
1666.200,166620,2,0.1,29790518,6893,9200,0.0,0.0
1666.210,166621,2,0.1,-42114997,6893,9200,0.0,0.0
1666.220,166622,2,0.1,1841027,6893,9200,0.0,0.0
1666.230,166623,2,0.1,32426730,6893,9200,0.0,0.0
1666.240,166624,2,0.1,20703788,6893,9200,0.0,0.0
1666.250,166625,2,0.1,-8320541,6893,9200,0.0,0.0
1666.260,166626,2,0.1,-7676676,6893,9200,0.0,0.0
1666.270,166627,2,0.1,-27559867,6893,9200,0.0,0.0
1666.280,166628,2,0.1,9071340,6893,9200,0.0,0.0
1666.290,166629,2,0.1,-13971106,6893,9200,0.0,0.0
1666.300,166630,2,0.1,-1394589,6893,9200,0.0,0.0
1666.310,166631,2,0.1,-27003452,6893,9200,0.0,0.0
1666.320,166632,2,0.1,6314956,6893,9200,0.0,0.0
1666.330,166633,2,0.1,10753676,6893,9200,0.0,0.0
1666.340,166634,2,0.1,-4377058,6893,9200,0.0,0.0
1666.350,166635,2,0.1,-7735358,6893,9200,0.0,0.0
1666.360,166636,2,0.1,27097440,6893,9200,0.0,0.0
1666.370,166637,2,0.1,4618286,6893,9200,0.0,0.0
1666.380,166638,2,0.1,16012412,6893,9200,0.0,0.0
1666.390,166639,2,0.1,-11538232,6893,9200,0.0,0.0
1666.400,166640,2,0.1,-12314216,6893,9200,0.0,0.0
1666.410,166641,2,0.1,-232093,6893,9200,0.0,0.0
1666.420,166642,2,0.1,-12877540,6893,9200,0.0,0.0
1666.430,166643,2,0.1,15051569,6893,9200,0.0,0.0
1666.440,166644,2,0.1,-8683486,6893,9200,0.0,0.0
1666.450,166645,2,0.1,16898476,6893,9200,0.0,0.0
1666.460,166646,2,0.1,3230586,6893,9200,0.0,0.0
1666.470,166647,2,0.1,30360709,6893,9200,0.0,0.0
1666.480,166648,2,0.1,23105605,6893,9200,0.0,0.0
1666.490,166649,2,0.1,-20529142,6893,9200,0.0,0.0
1666.500,166650,2,0.1,1528818,6893,9200,0.0,0.0
1666.510,166651,2,0.1,-14742316,6893,9200,0.0,0.0
1666.520,166652,2,0.1,10023432,6893,9200,0.0,0.0
1666.530,166653,2,0.1,18748638,6893,9200,0.0,0.0
1666.540,166654,2,0.1,9501252,6893,9200,0.0,0.0
1666.550,166655,2,0.1,1611572,6893,9200,0.0,0.0
1666.560,166656,2,0.1,-3480838,6893,9200,0.0,0.0
1666.570,166657,2,0.1,-19974245,6893,9200,0.0,0.0
1666.580,166658,2,0.1,-3507009,6893,9200,0.0,0.0
1666.590,166659,2,0.1,16241460,6893,9200,0.0,0.0
1666.600,166660,2,0.1,-5043897,6893,9200,0.0,0.0
1666.610,166661,2,0.1,-18817351,6893,9200,0.0,0.0
1666.620,166662,2,0.1,6966276,6893,9200,0.0,0.0
1666.630,166663,2,0.1,-15585449,6893,9200,0.0,0.0
1666.640,166664,2,0.1,18282023,6893,9200,0.0,0.0
1666.650,166665,2,0.1,-9039999,6893,9200,0.0,0.0
1666.660,166666,2,0.1,10351894,6893,9200,0.0,0.0
1666.670,166667,2,0.1,-14469165,6893,9200,0.0,0.0
1666.680,166668,2,0.1,21606853,6893,9200,0.0,0.0
1666.690,166669,2,0.1,-7685571,6893,9200,0.0,0.0
1666.700,166670,2,0.1,-7485457,6893,9200,0.0,0.0
1666.710,166671,2,0.1,-2371902,6893,9200,0.0,0.0
1666.720,166672,2,0.1,3655307,6893,9200,0.0,0.0
1666.730,166673,2,0.1,11337611,6893,9200,0.0,0.0
1666.740,166674,2,0.1,11234492,6893,9200,0.0,0.0
1666.750,166675,2,0.1,-4233780,6893,9200,0.0,0.0
1666.760,166676,2,0.1,-9167516,6893,9200,0.0,0.0
1666.770,166677,2,0.1,12429655,6893,9200,0.0,0.0
1666.780,166678,2,0.1,18255693,6893,9200,0.0,0.0
1666.790,166679,2,0.1,2748684,6893,9200,0.0,0.0
1666.800,166680,2,0.1,22904797,6893,9200,0.0,0.0
1666.810,166681,2,0.1,3692375,6893,9200,0.0,0.0
1666.820,166682,2,0.1,4026863,6893,9200,0.0,0.0
1666.830,166683,2,0.1,-19202888,6893,9200,0.0,0.0
1666.840,166684,2,0.1,-14213095,6893,9200,0.0,0.0
1666.850,166685,2,0.1,-3561646,6893,9200,0.0,0.0
1666.860,166686,2,0.1,-15482621,6893,9200,0.0,0.0
1666.870,166687,2,0.1,-12148183,6893,9200,0.0,0.0
1666.880,166688,2,0.1,8227595,6893,9200,0.0,0.0
1666.890,166689,2,0.1,-7042009,6893,9200,0.0,0.0
1666.900,166690,2,0.1,25422224,6893,9200,0.0,0.0
1666.910,166691,2,0.1,-5687618,6893,9200,0.0,0.0
1666.920,166692,2,0.1,15565097,6893,9200,0.0,0.0
1666.930,166693,2,0.1,14381994,6893,9200,0.0,0.0
1666.940,166694,2,0.1,-10600371,6893,9200,0.0,0.0
1666.950,166695,2,0.1,-9242284,6893,9200,0.0,0.0
1666.960,166696,2,0.1,2690256,6893,9200,0.0,0.0
1666.970,166697,2,0.1,1073069,6893,9200,0.0,0.0
1666.980,166698,2,0.1,14918854,6893,9200,0.0,0.0
1666.990,166699,2,0.1,12001747,6893,9200,0.0,0.0
1667.000,166700,2,0.1,-5028059,6893,9200,0.0,0.0
1667.010,166701,2,0.1,2552390,6893,9200,0.0,0.0
1667.020,166702,2,0.1,6884967,6893,9200,0.0,0.0
1667.030,166703,2,0.1,-2575983,6893,9200,0.0,0.0
1667.040,166704,2,0.1,-3670542,6893,9200,0.0,0.0
1667.050,166705,2,0.1,13476477,6893,9200,0.0,0.0
1667.060,166706,2,0.1,13782063,6893,9200,0.0,0.0
1667.070,166707,2,0.1,1609294,6893,9200,0.0,0.0
1667.080,166708,2,0.1,-19090505,6893,9200,0.0,0.0
1667.090,166709,2,0.1,-2435046,6893,9200,0.0,0.0
1667.100,166710,2,0.1,29639647,6893,9200,0.0,0.0
1667.110,166711,2,0.1,-18226600,6893,9200,0.0,0.0
1667.120,166712,2,0.1,-15893957,6893,9200,0.0,0.0
1667.130,166713,2,0.1,5192026,6893,9200,0.0,0.0
1667.140,166714,2,0.1,15938005,6893,9200,0.0,0.0
1667.150,166715,2,0.1,7170043,6893,9200,0.0,0.0
1667.160,166716,2,0.1,5210892,6893,9200,0.0,0.0
1667.170,166717,2,0.1,7971443,6893,9200,0.0,0.0
1667.180,166718,2,0.1,18632331,6893,9200,0.0,0.0
1667.190,166719,2,0.1,-31820871,6893,9200,0.0,0.0
1667.200,166720,2,0.1,-27391229,6893,9200,0.0,0.0
1667.210,166721,2,0.1,13132840,6893,9200,0.0,0.0
1667.220,166722,2,0.1,20621044,6893,9200,0.0,0.0
1667.230,166723,2,0.1,21608555,6893,9200,0.0,0.0
1667.240,166724,2,0.1,-22951918,6893,9200,0.0,0.0
1667.250,166725,2,0.1,-8533390,6893,9200,0.0,0.0
1667.260,166726,2,0.1,9308198,6893,9200,0.0,0.0
1667.270,166727,2,0.1,2395433,6893,9200,0.0,0.0
1667.280,166728,2,0.1,18425064,6893,9200,0.0,0.0
1667.290,166729,2,0.1,-23304111,6893,9200,0.0,0.0
1667.300,166730,2,0.1,-34588127,6893,9200,0.0,0.0
1667.310,166731,2,0.1,-1585003,6893,9200,0.0,0.0
1667.320,166732,2,0.1,7797503,6893,9200,0.0,0.0
1667.330,166733,2,0.1,-18802296,6893,9200,0.0,0.0
1667.340,166734,2,0.1,-272431,6893,9200,0.0,0.0
1667.350,166735,2,0.1,3284413,6893,9200,0.0,0.0
1667.360,166736,2,0.1,-5378188,6893,9200,0.0,0.0
1667.370,166737,2,0.1,4622177,6893,9200,0.0,0.0
1667.380,166738,2,0.1,10989305,6893,9200,0.0,0.0
1667.390,166739,2,0.1,-20301208,6893,9200,0.0,0.0
1667.400,166740,2,0.1,-5985584,6893,9200,0.0,0.0
1667.410,166741,2,0.1,15378363,6893,9200,0.0,0.0
1667.420,166742,2,0.1,22151817,6893,9200,0.0,0.0
1667.430,166743,2,0.1,1069972,6893,9200,0.0,0.0
1667.440,166744,2,0.1,-22882756,6893,9200,0.0,0.0
1667.450,166745,2,0.1,-10414950,6893,9200,0.0,0.0
1667.460,166746,2,0.1,-23038722,6893,9200,0.0,0.0
1667.470,166747,2,0.1,4026844,6893,9200,0.0,0.0
1667.480,166748,2,0.1,12214630,6893,9200,0.0,0.0
1667.490,166749,2,0.1,24616655,6893,9200,0.0,0.0
1667.500,166750,2,0.1,473164,6893,9200,0.0,0.0
1667.510,166751,2,0.1,-11784007,6893,9200,0.0,0.0
1667.520,166752,2,0.1,3357971,6893,9200,0.0,0.0
1667.530,166753,2,0.1,-12873647,6893,9200,0.0,0.0
1667.540,166754,2,0.1,10999486,6893,9200,0.0,0.0
1667.550,166755,2,0.1,2492136,6893,9200,0.0,0.0
1667.560,166756,2,0.1,11057422,6893,9200,0.0,0.0
1667.570,166757,2,0.1,13719304,6893,9200,0.0,0.0
1667.580,166758,2,0.1,-29822799,6893,9200,0.0,0.0
1667.590,166759,2,0.1,8455351,6893,9200,0.0,0.0
1667.600,166760,2,0.1,15675770,6893,9200,0.0,0.0
1667.610,166761,2,0.1,-17552863,6893,9200,0.0,0.0
1667.620,166762,2,0.1,-12770702,6893,9200,0.0,0.0
1667.630,166763,2,0.1,-14707251,6893,9200,0.0,0.0
1667.640,166764,2,0.1,-9145132,6893,9200,0.0,0.0
1667.650,166765,2,0.1,-20506776,6893,9200,0.0,0.0
1667.660,166766,2,0.1,1117320,6893,9200,0.0,0.0
1667.670,166767,2,0.1,-16051658,6893,9200,0.0,0.0
1667.680,166768,2,0.1,-11959713,6893,9200,0.0,0.0
1667.690,166769,2,0.1,39554816,6893,9200,0.0,0.0
1667.700,166770,2,0.1,-24338382,6893,9200,0.0,0.0
1667.710,166771,2,0.1,-17326162,6893,9200,0.0,0.0
1667.720,166772,2,0.1,2899442,6893,9200,0.0,0.0
1667.730,166773,2,0.1,-26151618,6893,9200,0.0,0.0
1667.740,166774,2,0.1,11125569,6893,9200,0.0,0.0
1667.750,166775,2,0.1,14528424,6893,9200,0.0,0.0
1667.760,166776,2,0.1,-3968728,6893,9200,0.0,0.0
1667.770,166777,2,0.1,-3797300,6893,9200,0.0,0.0
1667.780,166778,2,0.1,-11481491,6893,9200,0.0,0.0
1667.790,166779,2,0.1,14136207,6893,9200,0.0,0.0
1667.800,166780,2,0.1,8360803,6893,9200,0.0,0.0
1667.810,166781,2,0.1,886876,6893,9200,0.0,0.0
1667.820,166782,2,0.1,9181104,6893,9200,0.0,0.0
1667.830,166783,2,0.1,22292320,6893,9200,0.0,0.0
1667.840,166784,2,0.1,14664564,6893,9200,0.0,0.0
1667.850,166785,2,0.1,2135536,6893,9200,0.0,0.0
1667.860,166786,2,0.1,1482304,6893,9200,0.0,0.0
1667.870,166787,2,0.1,-4378692,6893,9200,0.0,0.0
1667.880,166788,2,0.1,25172311,6893,9200,0.0,0.0
1667.890,166789,2,0.1,3255401,6893,9200,0.0,0.0
1667.900,166790,2,0.1,18935562,6893,9200,0.0,0.0
1667.910,166791,2,0.1,8418985,6893,9200,0.0,0.0
1667.920,166792,2,0.1,-3369401,6893,9200,0.0,0.0
1667.930,166793,2,0.1,19189944,6893,9200,0.0,0.0
1667.940,166794,2,0.1,-17670888,6893,9200,0.0,0.0
1667.950,166795,2,0.1,2837776,6893,9200,0.0,0.0
1667.960,166796,2,0.1,19211580,6893,9200,0.0,0.0
1667.970,166797,2,0.1,-28383823,6893,9200,0.0,0.0
1667.980,166798,2,0.1,4136232,6893,9200,0.0,0.0
1667.990,166799,2,0.1,-13929489,6893,9200,0.0,0.0
1668.000,166800,2,0.1,-6853479,6893,9200,0.0,0.0
1668.010,166801,2,0.1,-4816504,6893,9200,0.0,0.0
1668.020,166802,2,0.1,-10959999,6893,9200,0.0,0.0
1668.030,166803,2,0.1,-15455357,6893,9200,0.0,0.0
1668.040,166804,2,0.1,-6571147,6893,9200,0.0,0.0
1668.050,166805,2,0.1,-11624502,6893,9200,0.0,0.0
1668.060,166806,2,0.1,-9687313,6893,9200,0.0,0.0
1668.070,166807,2,0.1,-248755,6893,9200,0.0,0.0
1668.080,166808,2,0.1,-34650852,6893,9200,0.0,0.0
1668.090,166809,2,0.1,29320937,6893,9200,0.0,0.0
1668.100,166810,2,0.1,-12160985,6893,9200,0.0,0.0
1668.110,166811,2,0.1,-12339339,6893,9200,0.0,0.0
1668.120,166812,2,0.1,9360353,6893,9200,0.0,0.0
1668.130,166813,2,0.1,-30742155,6893,9200,0.0,0.0
1668.140,166814,2,0.1,-5117934,6893,9200,0.0,0.0
1668.150,166815,2,0.1,1319952,6893,9200,0.0,0.0
1668.160,166816,2,0.1,-662750,6893,9200,0.0,0.0
1668.170,166817,2,0.1,-5396441,6893,9200,0.0,0.0
1668.180,166818,2,0.1,-18952176,6893,9200,0.0,0.0
1668.190,166819,2,0.1,-23186171,6893,9200,0.0,0.0
1668.200,166820,2,0.1,-22662921,6893,9200,0.0,0.0
1668.210,166821,2,0.1,15863972,6893,9200,0.0,0.0
1668.220,166822,2,0.1,-24641950,6893,9200,0.0,0.0
1668.230,166823,2,0.1,-15875811,6893,9200,0.0,0.0
1668.240,166824,2,0.1,4996795,6893,9200,0.0,0.0
1668.250,166825,2,0.1,5255798,6893,9200,0.0,0.0
1668.260,166826,2,0.1,11000441,6893,9200,0.0,0.0
1668.270,166827,2,0.1,-5301112,6893,9200,0.0,0.0
1668.280,166828,2,0.1,-19934242,6893,9200,0.0,0.0
1668.290,166829,2,0.1,12963018,6893,9200,0.0,0.0
1668.300,166830,2,0.1,3342961,6893,9200,0.0,0.0
1668.310,166831,2,0.1,11338487,6893,9200,0.0,0.0
1668.320,166832,2,0.1,-18623957,6893,9200,0.0,0.0
1668.330,166833,2,0.1,-11765868,6893,9200,0.0,0.0
1668.340,166834,2,0.1,-6501306,6893,9200,0.0,0.0
1668.350,166835,2,0.1,-2052499,6893,9200,0.0,0.0
1668.360,166836,2,0.1,6529950,6893,9200,0.0,0.0
1668.370,166837,2,0.1,-12928813,6893,9200,0.0,0.0
1668.380,166838,2,0.1,-7945192,6893,9200,0.0,0.0
1668.390,166839,2,0.1,-745084,6893,9200,0.0,0.0
1668.400,166840,2,0.1,21056310,6893,9200,0.0,0.0
1668.410,166841,2,0.1,1351066,6893,9200,0.0,0.0
1668.420,166842,2,0.1,6884871,6893,9200,0.0,0.0
1668.430,166843,2,0.1,-11138930,6893,9200,0.0,0.0
1668.440,166844,2,0.1,-19270641,6893,9200,0.0,0.0
1668.450,166845,2,0.1,-25418942,6893,9200,0.0,0.0
1668.460,166846,2,0.1,-25429991,6893,9200,0.0,0.0
1668.470,166847,2,0.1,16254058,6893,9200,0.0,0.0
1668.480,166848,2,0.1,14620397,6893,9200,0.0,0.0
1668.490,166849,2,0.1,-21742140,6893,9200,0.0,0.0
1668.500,166850,2,0.1,-11020852,6893,9200,0.0,0.0
1668.510,166851,2,0.1,-20275403,6893,9200,0.0,0.0
1668.520,166852,2,0.1,6829504,6893,9200,0.0,0.0
1668.530,166853,2,0.1,10202309,6893,9200,0.0,0.0
1668.540,166854,2,0.1,11715748,6893,9200,0.0,0.0
1668.550,166855,2,0.1,-4092084,6893,9200,0.0,0.0
1668.560,166856,2,0.1,-26032216,6893,9200,0.0,0.0
1668.570,166857,2,0.1,-8113400,6893,9200,0.0,0.0
1668.580,166858,2,0.1,-3382343,6893,9200,0.0,0.0
1668.590,166859,2,0.1,11083754,6893,9200,0.0,0.0
1668.600,166860,2,0.1,10710809,6893,9200,0.0,0.0
1668.610,166861,2,0.1,5819475,6893,9200,0.0,0.0
1668.620,166862,2,0.1,-11373430,6893,9200,0.0,0.0
1668.630,166863,2,0.1,-95378,6893,9200,0.0,0.0
1668.640,166864,2,0.1,-22001253,6893,9200,0.0,0.0
1668.650,166865,2,0.1,5644125,6893,9200,0.0,0.0
1668.660,166866,2,0.1,-207516,6893,9200,0.0,0.0
1668.670,166867,2,0.1,-4129517,6893,9200,0.0,0.0
1668.680,166868,2,0.1,-12583578,6893,9200,0.0,0.0
1668.690,166869,2,0.1,-12132215,6893,9200,0.0,0.0
1668.700,166870,2,0.1,10675464,6893,9200,0.0,0.0
1668.710,166871,2,0.1,-18620013,6893,9200,0.0,0.0
1668.720,166872,2,0.1,11996180,6893,9200,0.0,0.0
1668.730,166873,2,0.1,10767344,6893,9200,0.0,0.0
1668.740,166874,2,0.1,-5648315,6893,9200,0.0,0.0
1668.750,166875,2,0.1,-15087415,6893,9200,0.0,0.0
1668.760,166876,2,0.1,6680554,6893,9200,0.0,0.0
1668.770,166877,2,0.1,-4590787,6893,9200,0.0,0.0
1668.780,166878,2,0.1,114244,6893,9200,0.0,0.0
1668.790,166879,2,0.1,-15425652,6893,9200,0.0,0.0
1668.800,166880,2,0.1,-12881272,6893,9200,0.0,0.0
1668.810,166881,2,0.1,-24420150,6893,9200,0.0,0.0
1668.820,166882,2,0.1,-29483725,6893,9200,0.0,0.0
1668.830,166883,2,0.1,-4916757,6893,9200,0.0,0.0
1668.840,166884,2,0.1,-6358470,6893,9200,0.0,0.0
1668.850,166885,2,0.1,-7511128,6893,9200,0.0,0.0
1668.860,166886,2,0.1,-12212622,6893,9200,0.0,0.0
1668.870,166887,2,0.1,-5349331,6893,9200,0.0,0.0
1668.880,166888,2,0.1,1849825,6893,9200,0.0,0.0
1668.890,166889,2,0.1,-300698,6893,9200,0.0,0.0
1668.900,166890,2,0.1,6113129,6893,9200,0.0,0.0
1668.910,166891,2,0.1,-6293344,6893,9200,0.0,0.0
1668.920,166892,2,0.1,-17965588,6893,9200,0.0,0.0
1668.930,166893,2,0.1,-28574785,6893,9200,0.0,0.0
1668.940,166894,2,0.1,-21766835,6893,9200,0.0,0.0
1668.950,166895,2,0.1,-7367213,6893,9200,0.0,0.0
1668.960,166896,2,0.1,-10033355,6893,9200,0.0,0.0
1668.970,166897,2,0.1,21400228,6893,9200,0.0,0.0
1668.980,166898,2,0.1,-8526707,6893,9200,0.0,0.0
1668.990,166899,2,0.1,28153860,6893,9200,0.0,0.0
1669.000,166900,2,0.1,-280113,6893,9200,0.0,0.0
1669.010,166901,2,0.1,-1773981,6893,9200,0.0,0.0
1669.020,166902,2,0.1,-5737645,6893,9200,0.0,0.0
1669.030,166903,2,0.1,-19978355,6893,9200,0.0,0.0
1669.040,166904,2,0.1,7104468,6893,9200,0.0,0.0
1669.050,166905,2,0.1,-49929796,6893,9200,0.0,0.0
1669.060,166906,2,0.1,3255520,6893,9200,0.0,0.0
1669.070,166907,2,0.1,18027132,6893,9200,0.0,0.0
1669.080,166908,2,0.1,-2372932,6893,9200,0.0,0.0
1669.090,166909,2,0.1,22380818,6893,9200,0.0,0.0
1669.100,166910,2,0.1,13588581,6893,9200,0.0,0.0
1669.110,166911,2,0.1,9210441,6893,9200,0.0,0.0
1669.120,166912,2,0.1,21938119,6893,9200,0.0,0.0
1669.130,166913,2,0.1,6963658,6893,9200,0.0,0.0
1669.140,166914,2,0.1,-18343559,6893,9200,0.0,0.0
1669.150,166915,2,0.1,3408167,6893,9200,0.0,0.0
1669.160,166916,2,0.1,21655826,6893,9200,0.0,0.0
1669.170,166917,2,0.1,15880701,6893,9200,0.0,0.0
1669.180,166918,2,0.1,5632073,6893,9200,0.0,0.0
1669.190,166919,2,0.1,18963329,6893,9200,0.0,0.0
1669.200,166920,2,0.1,-13661143,6893,9200,0.0,0.0
1669.210,166921,2,0.1,13574159,6893,9200,0.0,0.0
1669.220,166922,2,0.1,-6025095,6893,9200,0.0,0.0
1669.230,166923,2,0.1,5033843,6893,9200,0.0,0.0
1669.240,166924,2,0.1,12389198,6893,9200,0.0,0.0
1669.250,166925,2,0.1,-15444749,6893,9200,0.0,0.0
1669.260,166926,2,0.1,-9602050,6893,9200,0.0,0.0
1669.270,166927,2,0.1,-19686483,6893,9200,0.0,0.0
1669.280,166928,2,0.1,19309574,6893,9200,0.0,0.0
1669.290,166929,2,0.1,-3960250,6893,9200,0.0,0.0
1669.300,166930,2,0.1,-3270574,6893,9200,0.0,0.0
1669.310,166931,2,0.1,2524340,6893,9200,0.0,0.0
1669.320,166932,2,0.1,7807008,6893,9200,0.0,0.0
1669.330,166933,2,0.1,13237155,6893,9200,0.0,0.0
1669.340,166934,2,0.1,13613173,6893,9200,0.0,0.0
1669.350,166935,2,0.1,-26180962,6893,9200,0.0,0.0
1669.360,166936,2,0.1,-32851963,6893,9200,0.0,0.0
1669.370,166937,2,0.1,-1193592,6893,9200,0.0,0.0
1669.380,166938,2,0.1,18075575,6893,9200,0.0,0.0
1669.390,166939,2,0.1,8126835,6893,9200,0.0,0.0
1669.400,166940,2,0.1,10752845,6893,9200,0.0,0.0
1669.410,166941,2,0.1,304580,6893,9200,0.0,0.0
1669.420,166942,2,0.1,-2920103,6893,9200,0.0,0.0
1669.430,166943,2,0.1,-10588058,6893,9200,0.0,0.0
1669.440,166944,2,0.1,5516099,6893,9200,0.0,0.0
1669.450,166945,2,0.1,-23942559,6893,9200,0.0,0.0
1669.460,166946,2,0.1,19848356,6893,9200,0.0,0.0
1669.470,166947,2,0.1,-7701728,6893,9200,0.0,0.0
1669.480,166948,2,0.1,-6403647,6893,9200,0.0,0.0
1669.490,166949,2,0.1,-7982465,6893,9200,0.0,0.0
1669.500,166950,2,0.1,-5954695,6893,9200,0.0,0.0
1669.510,166951,2,0.1,-28113224,6893,9200,0.0,0.0
1669.520,166952,2,0.1,20240643,6893,9200,0.0,0.0
1669.530,166953,2,0.1,-30626924,6893,9200,0.0,0.0
1669.540,166954,2,0.1,-38431289,6893,9200,0.0,0.0
1669.550,166955,2,0.1,-481994,6893,9200,0.0,0.0
1669.560,166956,2,0.1,14280755,6893,9200,0.0,0.0
1669.570,166957,2,0.1,-554076,6893,9200,0.0,0.0
1669.580,166958,2,0.1,12755016,6893,9200,0.0,0.0
1669.590,166959,2,0.1,5491297,6893,9200,0.0,0.0
1669.600,166960,2,0.1,-17088051,6893,9200,0.0,0.0
1669.610,166961,2,0.1,-25626026,6893,9200,0.0,0.0
1669.620,166962,2,0.1,2343012,6893,9200,0.0,0.0
1669.630,166963,2,0.1,-11220304,6893,9200,0.0,0.0
1669.640,166964,2,0.1,32534084,6893,9200,0.0,0.0
1669.650,166965,2,0.1,5195663,6893,9200,0.0,0.0
1669.660,166966,2,0.1,5951345,6893,9200,0.0,0.0
1669.670,166967,2,0.1,9158464,6893,9200,0.0,0.0
1669.680,166968,2,0.1,14491388,6893,9200,0.0,0.0
1669.690,166969,2,0.1,-20498894,6893,9200,0.0,0.0
1669.700,166970,2,0.1,1349660,6893,9200,0.0,0.0
1669.710,166971,2,0.1,13130820,6893,9200,0.0,0.0
1669.720,166972,2,0.1,-9668284,6893,9200,0.0,0.0
1669.730,166973,2,0.1,-20803017,6893,9200,0.0,0.0
1669.740,166974,2,0.1,12074678,6893,9200,0.0,0.0
1669.750,166975,2,0.1,31279242,6893,9200,0.0,0.0
1669.760,166976,2,0.1,30146045,6893,9200,0.0,0.0
1669.770,166977,2,0.1,10077837,6893,9200,0.0,0.0
1669.780,166978,2,0.1,-10196366,6893,9200,0.0,0.0
1669.790,166979,2,0.1,-4985931,6893,9200,0.0,0.0
1669.800,166980,2,0.1,1320670,6893,9200,0.0,0.0
1669.810,166981,2,0.1,-7550883,6893,9200,0.0,0.0
1669.820,166982,2,0.1,12415159,6893,9200,0.0,0.0
1669.830,166983,2,0.1,21046194,6893,9200,0.0,0.0
1669.840,166984,2,0.1,1187534,6893,9200,0.0,0.0
1669.850,166985,2,0.1,19160619,6893,9200,0.0,0.0
1669.860,166986,2,0.1,-7893323,6893,9200,0.0,0.0
1669.870,166987,2,0.1,-5695758,6893,9200,0.0,0.0
1669.880,166988,2,0.1,19828250,6893,9200,0.0,0.0
1669.890,166989,2,0.1,-1344016,6893,9200,0.0,0.0
1669.900,166990,2,0.1,21159596,6893,9200,0.0,0.0
1669.910,166991,2,0.1,20210612,6893,9200,0.0,0.0
1669.920,166992,2,0.1,-25649463,6893,9200,0.0,0.0
1669.930,166993,2,0.1,539020,6893,9200,0.0,0.0
1669.940,166994,2,0.1,5180551,6893,9200,0.0,0.0
1669.950,166995,2,0.1,-18216281,6893,9200,0.0,0.0
1669.960,166996,2,0.1,-10440112,6893,9200,0.0,0.0
1669.970,166997,2,0.1,1750209,6893,9200,0.0,0.0
1669.980,166998,2,0.1,2673589,6893,9200,0.0,0.0
1669.990,166999,2,0.1,-5071513,6893,9200,0.0,0.0
1670.000,167000,2,0.1,10336760,6893,9200,0.0,0.0
1670.010,167001,2,0.1,34673839,6893,9200,0.0,0.0
1670.020,167002,2,0.1,-2817299,6893,9200,0.0,0.0
1670.030,167003,2,0.1,-5529569,6893,9200,0.0,0.0
1670.040,167004,2,0.1,-10808379,6893,9200,0.0,0.0
1670.050,167005,2,0.1,11158603,6893,9200,0.0,0.0
1670.060,167006,2,0.1,18647079,6893,9200,0.0,0.0
1670.070,167007,2,0.1,11289664,6893,9200,0.0,0.0
1670.080,167008,2,0.1,7889616,6893,9200,0.0,0.0
1670.090,167009,2,0.1,-22084860,6893,9200,0.0,0.0
1670.100,167010,2,0.1,-800364,6893,9200,0.0,0.0
1670.110,167011,2,0.1,-33001692,6893,9200,0.0,0.0
1670.120,167012,2,0.1,-14400339,6893,9200,0.0,0.0
1670.130,167013,2,0.1,2811513,6893,9200,0.0,0.0
1670.140,167014,2,0.1,-2553361,6893,9200,0.0,0.0
1670.150,167015,2,0.1,22503292,6893,9200,0.0,0.0
1670.160,167016,2,0.1,-1004012,6893,9200,0.0,0.0
1670.170,167017,2,0.1,-1471460,6893,9200,0.0,0.0
1670.180,167018,2,0.1,7257321,6893,9200,0.0,0.0
1670.190,167019,2,0.1,493043,6893,9200,0.0,0.0
1670.200,167020,2,0.1,-22777075,6893,9200,0.0,0.0
1670.210,167021,2,0.1,12651919,6893,9200,0.0,0.0
1670.220,167022,2,0.1,2532658,6893,9200,0.0,0.0
1670.230,167023,2,0.1,9481313,6893,9200,0.0,0.0
1670.240,167024,2,0.1,-9811612,6893,9200,0.0,0.0
1670.250,167025,2,0.1,3117584,6893,9200,0.0,0.0
1670.260,167026,2,0.1,-27955499,6893,9200,0.0,0.0
1670.270,167027,2,0.1,14293412,6893,9200,0.0,0.0
1670.280,167028,2,0.1,-2554929,6893,9200,0.0,0.0
1670.290,167029,2,0.1,-17833209,6893,9200,0.0,0.0
1670.300,167030,2,0.1,21278540,6893,9200,0.0,0.0
1670.310,167031,2,0.1,14106684,6893,9200,0.0,0.0
1670.320,167032,2,0.1,37944765,6893,9200,0.0,0.0
1670.330,167033,2,0.1,-15918288,6893,9200,0.0,0.0
1670.340,167034,2,0.1,-835275,6893,9200,0.0,0.0
1670.350,167035,2,0.1,-8014724,6893,9200,0.0,0.0
1670.360,167036,2,0.1,31915695,6893,9200,0.0,0.0
1670.370,167037,2,0.1,-703625,6893,9200,0.0,0.0
1670.380,167038,2,0.1,-583573,6893,9200,0.0,0.0
1670.390,167039,2,0.1,6142466,6893,9200,0.0,0.0
1670.400,167040,2,0.1,-6582781,6893,9200,0.0,0.0
1670.410,167041,2,0.1,-11733584,6893,9200,0.0,0.0
1670.420,167042,2,0.1,-26695960,6893,9200,0.0,0.0
1670.430,167043,2,0.1,-6525534,6893,9200,0.0,0.0
1670.440,167044,2,0.1,-12989111,6893,9200,0.0,0.0
1670.450,167045,2,0.1,-4351649,6893,9200,0.0,0.0
1670.460,167046,2,0.1,3722992,6893,9200,0.0,0.0
1670.470,167047,2,0.1,-4183097,6893,9200,0.0,0.0
1670.480,167048,2,0.1,17471178,6893,9200,0.0,0.0
1670.490,167049,2,0.1,-23275416,6893,9200,0.0,0.0
1670.500,167050,2,0.1,-71258,6893,9200,0.0,0.0
1670.510,167051,2,0.1,10594384,6893,9200,0.0,0.0
1670.520,167052,2,0.1,-12118580,6893,9200,0.0,0.0
1670.530,167053,2,0.1,-12474315,6893,9200,0.0,0.0
1670.540,167054,2,0.1,22950696,6893,9200,0.0,0.0
1670.550,167055,2,0.1,16109920,6893,9200,0.0,0.0
1670.560,167056,2,0.1,-20274532,6893,9200,0.0,0.0
1670.570,167057,2,0.1,5704676,6893,9200,0.0,0.0
1670.580,167058,2,0.1,-9072861,6893,9200,0.0,0.0
1670.590,167059,2,0.1,7879623,6893,9200,0.0,0.0
1670.600,167060,2,0.1,36450209,6893,9200,0.0,0.0
1670.610,167061,2,0.1,-21697157,6893,9200,0.0,0.0
1670.620,167062,2,0.1,209642,6893,9200,0.0,0.0
1670.630,167063,2,0.1,-4410573,6893,9200,0.0,0.0
1670.640,167064,2,0.1,-858533,6893,9200,0.0,0.0
1670.650,167065,2,0.1,-13426080,6893,9200,0.0,0.0
1670.660,167066,2,0.1,7955316,6893,9200,0.0,0.0
1670.670,167067,2,0.1,14346231,6893,9200,0.0,0.0
1670.680,167068,2,0.1,11197449,6893,9200,0.0,0.0
1670.690,167069,2,0.1,-6593402,6893,9200,0.0,0.0
1670.700,167070,2,0.1,-9879824,6893,9200,0.0,0.0
1670.710,167071,2,0.1,-1722336,6893,9200,0.0,0.0
1670.720,167072,2,0.1,356625,6893,9200,0.0,0.0
1670.730,167073,2,0.1,-11099970,6893,9200,0.0,0.0
1670.740,167074,2,0.1,-5879682,6893,9200,0.0,0.0
1670.750,167075,2,0.1,10371619,6893,9200,0.0,0.0
1670.760,167076,2,0.1,-5363683,6893,9200,0.0,0.0
1670.770,167077,2,0.1,6359551,6893,9200,0.0,0.0
1670.780,167078,2,0.1,-7308972,6893,9200,0.0,0.0
1670.790,167079,2,0.1,7982327,6893,9200,0.0,0.0
1670.800,167080,2,0.1,-11740911,6893,9200,0.0,0.0
1670.810,167081,2,0.1,25030689,6893,9200,0.0,0.0
1670.820,167082,2,0.1,7530787,6893,9200,0.0,0.0
1670.830,167083,2,0.1,-12326203,6893,9200,0.0,0.0
1670.840,167084,2,0.1,-13330,6893,9200,0.0,0.0
1670.850,167085,2,0.1,6006553,6893,9200,0.0,0.0
1670.860,167086,2,0.1,-19875313,6893,9200,0.0,0.0
1670.870,167087,2,0.1,-13135508,6893,9200,0.0,0.0
1670.880,167088,2,0.1,36845490,6893,9200,0.0,0.0
1670.890,167089,2,0.1,9669820,6893,9200,0.0,0.0
1670.900,167090,2,0.1,-5678159,6893,9200,0.0,0.0
1670.910,167091,2,0.1,-6986568,6893,9200,0.0,0.0
1670.920,167092,2,0.1,14948666,6893,9200,0.0,0.0
1670.930,167093,2,0.1,-2098437,6893,9200,0.0,0.0
1670.940,167094,2,0.1,-25079325,6893,9200,0.0,0.0
1670.950,167095,2,0.1,12129058,6893,9200,0.0,0.0
1670.960,167096,2,0.1,-12153374,6893,9200,0.0,0.0
1670.970,167097,2,0.1,18613995,6893,9200,0.0,0.0
1670.980,167098,2,0.1,-2535023,6893,9200,0.0,0.0
1670.990,167099,2,0.1,3764956,6893,9200,0.0,0.0
1671.000,167100,2,0.1,-29065954,6893,9200,0.0,0.0
1671.010,167101,2,0.1,13575749,6893,9200,0.0,0.0
1671.020,167102,2,0.1,9961224,6893,9200,0.0,0.0
1671.030,167103,2,0.1,-371065,6893,9200,0.0,0.0
1671.040,167104,2,0.1,-11018545,6893,9200,0.0,0.0
1671.050,167105,2,0.1,-850822,6893,9200,0.0,0.0
1671.060,167106,2,0.1,26037587,6893,9200,0.0,0.0
1671.070,167107,2,0.1,10136383,6893,9200,0.0,0.0
1671.080,167108,2,0.1,21301484,6893,9200,0.0,0.0
1671.090,167109,2,0.1,-10820734,6893,9200,0.0,0.0
1671.100,167110,2,0.1,-10586046,6893,9200,0.0,0.0
1671.110,167111,2,0.1,25066304,6893,9200,0.0,0.0
1671.120,167112,2,0.1,-30728626,6893,9200,0.0,0.0
1671.130,167113,2,0.1,3296903,6893,9200,0.0,0.0
1671.140,167114,2,0.1,1874632,6893,9200,0.0,0.0
1671.150,167115,2,0.1,-3989689,6893,9200,0.0,0.0
1671.160,167116,2,0.1,-2474269,6893,9200,0.0,0.0
1671.170,167117,2,0.1,11360749,6893,9200,0.0,0.0
1671.180,167118,2,0.1,-23927029,6893,9200,0.0,0.0
1671.190,167119,2,0.1,17015632,6893,9200,0.0,0.0
1671.200,167120,2,0.1,5137458,6893,9200,0.0,0.0
1671.210,167121,2,0.1,-4195081,6893,9200,0.0,0.0
1671.220,167122,2,0.1,29665576,6893,9200,0.0,0.0
1671.230,167123,2,0.1,-6022375,6893,9200,0.0,0.0
1671.240,167124,2,0.1,-398031,6893,9200,0.0,0.0
1671.250,167125,2,0.1,29107742,6893,9200,0.0,0.0
1671.260,167126,2,0.1,-18611063,6893,9200,0.0,0.0
1671.270,167127,2,0.1,4550170,6893,9200,0.0,0.0
1671.280,167128,2,0.1,-22771443,6893,9200,0.0,0.0
1671.290,167129,2,0.1,12516659,6893,9200,0.0,0.0
1671.300,167130,2,0.1,-23836720,6893,9200,0.0,0.0
1671.310,167131,2,0.1,-9185040,6893,9200,0.0,0.0
1671.320,167132,2,0.1,-34726072,6893,9200,0.0,0.0
1671.330,167133,2,0.1,-170517,6893,9200,0.0,0.0
1671.340,167134,2,0.1,5509216,6893,9200,0.0,0.0
1671.350,167135,2,0.1,-29890604,6893,9200,0.0,0.0
1671.360,167136,2,0.1,-12675928,6893,9200,0.0,0.0
1671.370,167137,2,0.1,-18587596,6893,9200,0.0,0.0
1671.380,167138,2,0.1,10052495,6893,9200,0.0,0.0
1671.390,167139,2,0.1,-6862123,6893,9200,0.0,0.0
1671.400,167140,2,0.1,3886794,6893,9200,0.0,0.0
1671.410,167141,2,0.1,-24519639,6893,9200,0.0,0.0
1671.420,167142,2,0.1,-13628164,6893,9200,0.0,0.0
1671.430,167143,2,0.1,-11725295,6893,9200,0.0,0.0
1671.440,167144,2,0.1,-36806553,6893,9200,0.0,0.0
1671.450,167145,2,0.1,-13847417,6893,9200,0.0,0.0
1671.460,167146,2,0.1,-10359910,6893,9200,0.0,0.0
1671.470,167147,2,0.1,4789932,6893,9200,0.0,0.0
1671.480,167148,2,0.1,18281053,6893,9200,0.0,0.0
1671.490,167149,2,0.1,-11960795,6893,9200,0.0,0.0
1671.500,167150,2,0.1,-22373382,6893,9200,0.0,0.0
1671.510,167151,2,0.1,-21591004,6893,9200,0.0,0.0
1671.520,167152,2,0.1,-12797503,6893,9200,0.0,0.0
1671.530,167153,2,0.1,-6030561,6893,9200,0.0,0.0
1671.540,167154,2,0.1,-20316486,6893,9200,0.0,0.0
1671.550,167155,2,0.1,-35861535,6893,9200,0.0,0.0
1671.560,167156,2,0.1,-7529564,6893,9200,0.0,0.0
1671.570,167157,2,0.1,-4461406,6893,9200,0.0,0.0
1671.580,167158,2,0.1,-4290100,6893,9200,0.0,0.0
1671.590,167159,2,0.1,-34850682,6893,9200,0.0,0.0
1671.600,167160,2,0.1,-8339116,6893,9200,0.0,0.0
1671.610,167161,2,0.1,24631411,6893,9200,0.0,0.0
1671.620,167162,2,0.1,33209532,6893,9200,0.0,0.0
1671.630,167163,2,0.1,-387866,6893,9200,0.0,0.0
1671.640,167164,2,0.1,9076493,6893,9200,0.0,0.0
1671.650,167165,2,0.1,-3280155,6893,9200,0.0,0.0
1671.660,167166,2,0.1,-30152656,6893,9200,0.0,0.0
1671.670,167167,2,0.1,11854663,6893,9200,0.0,0.0
1671.680,167168,2,0.1,-2951492,6893,9200,0.0,0.0
1671.690,167169,2,0.1,439936,6893,9200,0.0,0.0
1671.700,167170,2,0.1,-52417169,6893,9200,0.0,0.0
1671.710,167171,2,0.1,10592079,6893,9200,0.0,0.0
1671.720,167172,2,0.1,-19087764,6893,9200,0.0,0.0
1671.730,167173,2,0.1,6374442,6893,9200,0.0,0.0
1671.740,167174,2,0.1,17949650,6893,9200,0.0,0.0
1671.750,167175,2,0.1,16807403,6893,9200,0.0,0.0
1671.760,167176,2,0.1,11034594,6893,9200,0.0,0.0
1671.770,167177,2,0.1,-24650139,6893,9200,0.0,0.0
1671.780,167178,2,0.1,27170237,6893,9200,0.0,0.0
1671.790,167179,2,0.1,22431380,6893,9200,0.0,0.0
1671.800,167180,2,0.1,-3063447,6893,9200,0.0,0.0
1671.810,167181,2,0.1,-2212636,6893,9200,0.0,0.0
1671.820,167182,2,0.1,-9615037,6893,9200,0.0,0.0
1671.830,167183,2,0.1,-3448734,6893,9200,0.0,0.0
1671.840,167184,2,0.1,-23260631,6893,9200,0.0,0.0
1671.850,167185,2,0.1,-4520229,6893,9200,0.0,0.0
1671.860,167186,2,0.1,-7379711,6893,9200,0.0,0.0
1671.870,167187,2,0.1,-17717211,6893,9200,0.0,0.0
1671.880,167188,2,0.1,-9309513,6893,9200,0.0,0.0
1671.890,167189,2,0.1,14559438,6893,9200,0.0,0.0
1671.900,167190,2,0.1,-904159,6893,9200,0.0,0.0
1671.910,167191,2,0.1,10427571,6893,9200,0.0,0.0
1671.920,167192,2,0.1,11607311,6893,9200,0.0,0.0
1671.930,167193,2,0.1,6202928,6893,9200,0.0,0.0
1671.940,167194,2,0.1,2767141,6893,9200,0.0,0.0
1671.950,167195,2,0.1,4783290,6893,9200,0.0,0.0
1671.960,167196,2,0.1,-17251521,6893,9200,0.0,0.0
1671.970,167197,2,0.1,14529452,6893,9200,0.0,0.0
1671.980,167198,2,0.1,10450333,6893,9200,0.0,0.0
1671.990,167199,2,0.1,5192950,6893,9200,0.0,0.0
1672.000,167200,2,0.1,-3038965,6893,9200,0.0,0.0
1672.010,167201,2,0.1,14246965,6893,9200,0.0,0.0
1672.020,167202,2,0.1,6608473,6893,9200,0.0,0.0
1672.030,167203,2,0.1,-21232131,6893,9200,0.0,0.0
1672.040,167204,2,0.1,4728692,6893,9200,0.0,0.0
1672.050,167205,2,0.1,2416616,6893,9200,0.0,0.0
1672.060,167206,2,0.1,-11960851,6893,9200,0.0,0.0
1672.070,167207,2,0.1,-7298795,6893,9200,0.0,0.0
1672.080,167208,2,0.1,4051867,6893,9200,0.0,0.0
1672.090,167209,2,0.1,-34518856,6893,9200,0.0,0.0
1672.100,167210,2,0.1,15294227,6893,9200,0.0,0.0
1672.110,167211,2,0.1,16670732,6893,9200,0.0,0.0
1672.120,167212,2,0.1,-3860226,6893,9200,0.0,0.0
1672.130,167213,2,0.1,-9876434,6893,9200,0.0,0.0
1672.140,167214,2,0.1,1962343,6893,9200,0.0,0.0
1672.150,167215,2,0.1,-2868070,6893,9200,0.0,0.0
1672.160,167216,2,0.1,9905118,6893,9200,0.0,0.0
1672.170,167217,2,0.1,-3542552,6893,9200,0.0,0.0
1672.180,167218,2,0.1,-10896577,6893,9200,0.0,0.0
1672.190,167219,2,0.1,20348785,6893,9200,0.0,0.0
1672.200,167220,2,0.1,-22061820,6893,9200,0.0,0.0
1672.210,167221,2,0.1,15948726,6893,9200,0.0,0.0
1672.220,167222,2,0.1,-1006247,6893,9200,0.0,0.0
1672.230,167223,2,0.1,-8218503,6893,9200,0.0,0.0
1672.240,167224,2,0.1,-4159672,6893,9200,0.0,0.0
1672.250,167225,2,0.1,-5064375,6893,9200,0.0,0.0
1672.260,167226,2,0.1,-2361229,6893,9200,0.0,0.0
1672.270,167227,2,0.1,5813232,6893,9200,0.0,0.0
1672.280,167228,2,0.1,15452586,6893,9200,0.0,0.0
1672.290,167229,2,0.1,9933527,6893,9200,0.0,0.0
1672.300,167230,2,0.1,16584920,6893,9200,0.0,0.0
1672.310,167231,2,0.1,-20000072,6893,9200,0.0,0.0
1672.320,167232,2,0.1,-7475955,6893,9200,0.0,0.0
1672.330,167233,2,0.1,-1271700,6893,9200,0.0,0.0
1672.340,167234,2,0.1,-34997645,6893,9200,0.0,0.0
1672.350,167235,2,0.1,7529899,6893,9200,0.0,0.0
1672.360,167236,2,0.1,3590307,6893,9200,0.0,0.0
1672.370,167237,2,0.1,6788843,6893,9200,0.0,0.0
1672.380,167238,2,0.1,10545926,6893,9200,0.0,0.0
1672.390,167239,2,0.1,22576217,6893,9200,0.0,0.0
1672.400,167240,2,0.1,-25502736,6893,9200,0.0,0.0
1672.410,167241,2,0.1,8348620,6893,9200,0.0,0.0
1672.420,167242,2,0.1,4235471,6893,9200,0.0,0.0
1672.430,167243,2,0.1,-4322658,6893,9200,0.0,0.0
1672.440,167244,2,0.1,26505474,6893,9200,0.0,0.0
1672.450,167245,2,0.1,-11503851,6893,9200,0.0,0.0
1672.460,167246,2,0.1,-2535036,6893,9200,0.0,0.0
1672.470,167247,2,0.1,-7352788,6893,9200,0.0,0.0
1672.480,167248,2,0.1,-15142634,6893,9200,0.0,0.0
1672.490,167249,2,0.1,-2646646,6893,9200,0.0,0.0
1672.500,167250,2,0.1,-23580970,6893,9200,0.0,0.0
1672.510,167251,2,0.1,-3876093,6893,9200,0.0,0.0
1672.520,167252,2,0.1,-13642324,6893,9200,0.0,0.0
1672.530,167253,2,0.1,13860456,6893,9200,0.0,0.0
1672.540,167254,2,0.1,1641117,6893,9200,0.0,0.0
1672.550,167255,2,0.1,-20287388,6893,9200,0.0,0.0
1672.560,167256,2,0.1,22985923,6893,9200,0.0,0.0
1672.570,167257,2,0.1,-22263454,6893,9200,0.0,0.0
1672.580,167258,2,0.1,-3582766,6893,9200,0.0,0.0
1672.590,167259,2,0.1,16838824,6893,9200,0.0,0.0
1672.600,167260,2,0.1,-10918513,6893,9200,0.0,0.0
1672.610,167261,2,0.1,-29051812,6893,9200,0.0,0.0
1672.620,167262,2,0.1,-19391231,6893,9200,0.0,0.0
1672.630,167263,2,0.1,25319467,6893,9200,0.0,0.0
1672.640,167264,2,0.1,-28421258,6893,9200,0.0,0.0
1672.650,167265,2,0.1,-1681868,6893,9200,0.0,0.0
1672.660,167266,2,0.1,-1821563,6893,9200,0.0,0.0
1672.670,167267,2,0.1,-7870786,6893,9200,0.0,0.0
1672.680,167268,2,0.1,-27706017,6893,9200,0.0,0.0
1672.690,167269,2,0.1,-4626972,6893,9200,0.0,0.0
1672.700,167270,2,0.1,7307548,6893,9200,0.0,0.0
1672.710,167271,2,0.1,-7419122,6893,9200,0.0,0.0
1672.720,167272,2,0.1,-4561226,6893,9200,0.0,0.0
1672.730,167273,2,0.1,26479202,6893,9200,0.0,0.0
1672.740,167274,2,0.1,-11193561,6893,9200,0.0,0.0
1672.750,167275,2,0.1,17782731,6893,9200,0.0,0.0
1672.760,167276,2,0.1,10836116,6893,9200,0.0,0.0
1672.770,167277,2,0.1,-14831102,6893,9200,0.0,0.0
1672.780,167278,2,0.1,19567772,6893,9200,0.0,0.0
1672.790,167279,2,0.1,-27925208,6893,9200,0.0,0.0
1672.800,167280,2,0.1,-5708855,6893,9200,0.0,0.0
1672.810,167281,2,0.1,-21503613,6893,9200,0.0,0.0
1672.820,167282,2,0.1,6030566,6893,9200,0.0,0.0
1672.830,167283,2,0.1,-2134508,6893,9200,0.0,0.0
1672.840,167284,2,0.1,-6603146,6893,9200,0.0,0.0
1672.850,167285,2,0.1,4494649,6893,9200,0.0,0.0
1672.860,167286,2,0.1,-24797569,6893,9200,0.0,0.0
1672.870,167287,2,0.1,-11833170,6893,9200,0.0,0.0
1672.880,167288,2,0.1,9111967,6893,9200,0.0,0.0
1672.890,167289,2,0.1,-25207692,6893,9200,0.0,0.0
1672.900,167290,2,0.1,7299336,6893,9200,0.0,0.0
1672.910,167291,2,0.1,18767719,6893,9200,0.0,0.0
1672.920,167292,2,0.1,9376476,6893,9200,0.0,0.0
1672.930,167293,2,0.1,-617497,6893,9200,0.0,0.0
1672.940,167294,2,0.1,-3990589,6893,9200,0.0,0.0
1672.950,167295,2,0.1,-24288120,6893,9200,0.0,0.0
1672.960,167296,2,0.1,12673479,6893,9200,0.0,0.0
1672.970,167297,2,0.1,-36557163,6893,9200,0.0,0.0
1672.980,167298,2,0.1,-22927340,6893,9200,0.0,0.0
1672.990,167299,2,0.1,-3188566,6893,9200,0.0,0.0
1673.000,167300,2,0.1,-29277206,6893,9200,0.0,0.0
1673.010,167301,2,0.1,9029018,6893,9200,0.0,0.0
1673.020,167302,2,0.1,-13115349,6893,9200,0.0,0.0
1673.030,167303,2,0.1,-10841033,6893,9200,0.0,0.0
1673.040,167304,2,0.1,-15948238,6893,9200,0.0,0.0
1673.050,167305,2,0.1,13211455,6893,9200,0.0,0.0
1673.060,167306,2,0.1,-16461905,6893,9200,0.0,0.0
1673.070,167307,2,0.1,13633535,6893,9200,0.0,0.0
1673.080,167308,2,0.1,4794969,6893,9200,0.0,0.0
1673.090,167309,2,0.1,-8656503,6893,9200,0.0,0.0
1673.100,167310,2,0.1,-18672824,6893,9200,0.0,0.0
1673.110,167311,2,0.1,-20484814,6893,9200,0.0,0.0
1673.120,167312,2,0.1,-10652950,6893,9200,0.0,0.0
1673.130,167313,2,0.1,20258576,6893,9200,0.0,0.0
1673.140,167314,2,0.1,-14029345,6893,9200,0.0,0.0
1673.150,167315,2,0.1,-20834223,6893,9200,0.0,0.0
1673.160,167316,2,0.1,12615727,6893,9200,0.0,0.0
1673.170,167317,2,0.1,-11493596,6893,9200,0.0,0.0
1673.180,167318,2,0.1,-3870813,6893,9200,0.0,0.0
1673.190,167319,2,0.1,-23875410,6893,9200,0.0,0.0
1673.200,167320,2,0.1,-13664169,6893,9200,0.0,0.0
1673.210,167321,2,0.1,-14300860,6893,9200,0.0,0.0
1673.220,167322,2,0.1,20684023,6893,9200,0.0,0.0
1673.230,167323,2,0.1,-7704327,6893,9200,0.0,0.0
1673.240,167324,2,0.1,-1744486,6893,9200,0.0,0.0
1673.250,167325,2,0.1,3141081,6893,9200,0.0,0.0
1673.260,167326,2,0.1,915565,6893,9200,0.0,0.0
1673.270,167327,2,0.1,-4144020,6893,9200,0.0,0.0
1673.280,167328,2,0.1,-12079025,6893,9200,0.0,0.0
1673.290,167329,2,0.1,-9512928,6893,9200,0.0,0.0
1673.300,167330,2,0.1,-41550450,6893,9200,0.0,0.0
1673.310,167331,2,0.1,-12354939,6893,9200,0.0,0.0
1673.320,167332,2,0.1,5364032,6893,9200,0.0,0.0
1673.330,167333,2,0.1,1872261,6893,9200,0.0,0.0
1673.340,167334,2,0.1,-16269420,6893,9200,0.0,0.0
1673.350,167335,2,0.1,-1477696,6893,9200,0.0,0.0
1673.360,167336,2,0.1,23060050,6893,9200,0.0,0.0
1673.370,167337,2,0.1,-14569458,6893,9200,0.0,0.0
1673.380,167338,2,0.1,14597649,6893,9200,0.0,0.0
1673.390,167339,2,0.1,-31860566,6893,9200,0.0,0.0
1673.400,167340,2,0.1,19407618,6893,9200,0.0,0.0
1673.410,167341,2,0.1,11413718,6893,9200,0.0,0.0
1673.420,167342,2,0.1,-6214919,6893,9200,0.0,0.0
1673.430,167343,2,0.1,-13980534,6893,9200,0.0,0.0
1673.440,167344,2,0.1,-32594869,6893,9200,0.0,0.0
1673.450,167345,2,0.1,4813576,6893,9200,0.0,0.0
1673.460,167346,2,0.1,-3176659,6893,9200,0.0,0.0
1673.470,167347,2,0.1,-23488414,6893,9200,0.0,0.0
1673.480,167348,2,0.1,25987541,6893,9200,0.0,0.0
1673.490,167349,2,0.1,-11518585,6893,9200,0.0,0.0
1673.500,167350,2,0.1,3937510,6893,9200,0.0,0.0
1673.510,167351,2,0.1,-24586321,6893,9200,0.0,0.0
1673.520,167352,2,0.1,28763469,6893,9200,0.0,0.0
1673.530,167353,2,0.1,-14480727,6893,9200,0.0,0.0
1673.540,167354,2,0.1,-3281832,6893,9200,0.0,0.0
1673.550,167355,2,0.1,3845241,6893,9200,0.0,0.0
1673.560,167356,2,0.1,22268006,6893,9200,0.0,0.0
1673.570,167357,2,0.1,-20452920,6893,9200,0.0,0.0
1673.580,167358,2,0.1,-10232686,6893,9200,0.0,0.0
1673.590,167359,2,0.1,1830365,6893,9200,0.0,0.0
1673.600,167360,2,0.1,12497857,6893,9200,0.0,0.0
1673.610,167361,2,0.1,-2644918,6893,9200,0.0,0.0
1673.620,167362,2,0.1,-6816848,6893,9200,0.0,0.0
1673.630,167363,2,0.1,-7564108,6893,9200,0.0,0.0
1673.640,167364,2,0.1,-457689,6893,9200,0.0,0.0
1673.650,167365,2,0.1,23567879,6893,9200,0.0,0.0
1673.660,167366,2,0.1,1301452,6893,9200,0.0,0.0
1673.670,167367,2,0.1,5605201,6893,9200,0.0,0.0
1673.680,167368,2,0.1,-18517393,6893,9200,0.0,0.0
1673.690,167369,2,0.1,14859599,6893,9200,0.0,0.0
1673.700,167370,2,0.1,-14717001,6893,9200,0.0,0.0
1673.710,167371,2,0.1,6374606,6893,9200,0.0,0.0
1673.720,167372,2,0.1,-11211759,6893,9200,0.0,0.0
1673.730,167373,2,0.1,-36430666,6893,9200,0.0,0.0
1673.740,167374,2,0.1,-11494525,6893,9200,0.0,0.0
1673.750,167375,2,0.1,-23414470,6893,9200,0.0,0.0
1673.760,167376,2,0.1,6885976,6893,9200,0.0,0.0
1673.770,167377,2,0.1,-5436492,6893,9200,0.0,0.0
1673.780,167378,2,0.1,-8999228,6893,9200,0.0,0.0
1673.790,167379,2,0.1,18580244,6893,9200,0.0,0.0
1673.800,167380,2,0.1,-2435945,6893,9200,0.0,0.0
1673.810,167381,2,0.1,10649847,6893,9200,0.0,0.0
1673.820,167382,2,0.1,-10630005,6893,9200,0.0,0.0
1673.830,167383,2,0.1,-28309779,6893,9200,0.0,0.0
1673.840,167384,2,0.1,-18685195,6893,9200,0.0,0.0
1673.850,167385,2,0.1,8679073,6893,9200,0.0,0.0
1673.860,167386,2,0.1,20865598,6893,9200,0.0,0.0
1673.870,167387,2,0.1,2644786,6893,9200,0.0,0.0
1673.880,167388,2,0.1,12316572,6893,9200,0.0,0.0
1673.890,167389,2,0.1,2303918,6893,9200,0.0,0.0
1673.900,167390,2,0.1,10323438,6893,9200,0.0,0.0
1673.910,167391,2,0.1,-5421838,6893,9200,0.0,0.0
1673.920,167392,2,0.1,-10109475,6893,9200,0.0,0.0
1673.930,167393,2,0.1,1585425,6893,9200,0.0,0.0
1673.940,167394,2,0.1,1868773,6893,9200,0.0,0.0
1673.950,167395,2,0.1,-10609223,6893,9200,0.0,0.0
1673.960,167396,2,0.1,-26377216,6893,9200,0.0,0.0
1673.970,167397,2,0.1,2793945,6893,9200,0.0,0.0
1673.980,167398,2,0.1,-2282228,6893,9200,0.0,0.0
1673.990,167399,2,0.1,-3341412,6893,9200,0.0,0.0
1674.000,167400,2,0.1,6618823,6893,9200,0.0,0.0
1674.010,167401,2,0.1,-12539810,6893,9200,0.0,0.0
1674.020,167402,2,0.1,-12241652,6893,9200,0.0,0.0
1674.030,167403,2,0.1,-11956444,6893,9200,0.0,0.0
1674.040,167404,2,0.1,16577857,6893,9200,0.0,0.0
1674.050,167405,2,0.1,7267442,6893,9200,0.0,0.0
1674.060,167406,2,0.1,6171512,6893,9200,0.0,0.0
1674.070,167407,2,0.1,-17240607,6893,9200,0.0,0.0
1674.080,167408,2,0.1,-4899798,6893,9200,0.0,0.0
1674.090,167409,2,0.1,-16594579,6893,9200,0.0,0.0
1674.100,167410,2,0.1,6824907,6893,9200,0.0,0.0
1674.110,167411,2,0.1,-13571788,6893,9200,0.0,0.0
1674.120,167412,2,0.1,-3436887,6893,9200,0.0,0.0
1674.130,167413,2,0.1,-8068594,6893,9200,0.0,0.0
1674.140,167414,2,0.1,-12026603,6893,9200,0.0,0.0
1674.150,167415,2,0.1,-1740020,6893,9200,0.0,0.0
1674.160,167416,2,0.1,-8912197,6893,9200,0.0,0.0
1674.170,167417,2,0.1,-7606536,6893,9200,0.0,0.0
1674.180,167418,2,0.1,661464,6893,9200,0.0,0.0
1674.190,167419,2,0.1,882753,6893,9200,0.0,0.0
1674.200,167420,2,0.1,-32082174,6893,9200,0.0,0.0
1674.210,167421,2,0.1,3902683,6893,9200,0.0,0.0
1674.220,167422,2,0.1,-14690163,6893,9200,0.0,0.0
1674.230,167423,2,0.1,-10877578,6893,9200,0.0,0.0
1674.240,167424,2,0.1,-9830837,6893,9200,0.0,0.0
1674.250,167425,2,0.1,-10667791,6893,9200,0.0,0.0
1674.260,167426,2,0.1,2301931,6893,9200,0.0,0.0
1674.270,167427,2,0.1,-18967634,6893,9200,0.0,0.0
1674.280,167428,2,0.1,14074167,6893,9200,0.0,0.0
1674.290,167429,2,0.1,-15425145,6893,9200,0.0,0.0
1674.300,167430,2,0.1,7296067,6893,9200,0.0,0.0
1674.310,167431,2,0.1,-3017508,6893,9200,0.0,0.0
1674.320,167432,2,0.1,-3901682,6893,9200,0.0,0.0
1674.330,167433,2,0.1,-17051067,6893,9200,0.0,0.0
1674.340,167434,2,0.1,28360353,6893,9200,0.0,0.0
1674.350,167435,2,0.1,-13036202,6893,9200,0.0,0.0
1674.360,167436,2,0.1,5929263,6893,9200,0.0,0.0
1674.370,167437,2,0.1,-3444626,6893,9200,0.0,0.0
1674.380,167438,2,0.1,-34070392,6893,9200,0.0,0.0
1674.390,167439,2,0.1,19314242,6893,9200,0.0,0.0
1674.400,167440,2,0.1,-11689079,6893,9195,0.0,0.0
1674.410,167441,2,0.1,-20639694,6893,9195,0.0,0.0
1674.420,167442,2,0.1,-18032220,6893,9195,0.0,0.0
1674.430,167443,2,0.1,-10514090,6893,9195,0.0,0.0
1674.440,167444,2,0.1,7842629,6893,9195,0.0,0.0
1674.450,167445,2,0.1,14413349,6893,9200,0.0,0.0
1674.460,167446,2,0.1,23633407,6893,9200,0.0,0.0
1674.470,167447,2,0.1,-8151922,6893,9200,0.0,0.0
1674.480,167448,2,0.1,-9176620,6893,9200,0.0,0.0
1674.490,167449,2,0.1,-20015031,6893,9195,0.0,0.0
1674.500,167450,2,0.1,-13328410,6893,9195,0.0,0.0
1674.510,167451,2,0.1,-23005143,6893,9195,0.0,0.0
1674.520,167452,2,0.1,-1786486,6893,9195,0.0,0.0
1674.530,167453,2,0.1,-1763028,6893,9195,0.0,0.0
1674.540,167454,2,0.1,-2566101,6893,9200,0.0,0.0
1674.550,167455,2,0.1,6488355,6893,9200,0.0,0.0
1674.560,167456,2,0.1,-9823453,6893,9200,0.0,0.0
1674.570,167457,2,0.1,5370773,6893,9200,0.0,0.0
1674.580,167458,2,0.1,-1918333,6893,9200,0.0,0.0
1674.590,167459,2,0.1,-25873201,6893,9205,0.0,0.0
1674.600,167460,2,0.1,153370,6893,9205,0.0,0.0
1674.610,167461,2,0.1,-32275953,6893,9205,0.0,0.0
1674.620,167462,2,0.1,2296100,6893,9205,0.0,0.0
1674.630,167463,2,0.1,-9081488,6893,9205,0.0,0.0
1674.640,167464,2,0.1,13095053,6893,9210,0.0,0.0
1674.650,167465,2,0.1,-5933136,6893,9210,0.0,0.0
1674.660,167466,2,0.1,-3238487,6893,9210,0.0,0.0
1674.670,167467,2,0.1,9098223,6893,9210,0.0,0.0
1674.680,167468,2,0.1,2367667,6893,9210,0.0,0.0
1674.690,167469,2,0.1,4916408,6893,9215,0.0,0.0
1674.700,167470,2,0.1,-7706651,6893,9215,0.0,0.0
1674.710,167471,2,0.1,-6613681,6893,9215,0.0,0.0
1674.720,167472,2,0.1,8991734,6893,9215,0.0,0.0
1674.730,167473,2,0.1,-12609601,6893,9215,0.0,0.0
1674.740,167474,2,0.1,-27273937,6893,9220,0.0,0.0
1674.750,167475,2,0.1,-14298197,6893,9220,0.0,0.0
1674.760,167476,2,0.1,-8816620,6893,9220,0.0,0.0
1674.770,167477,2,0.1,-21339776,6893,9220,0.0,0.0
1674.780,167478,2,0.1,13860724,6893,9220,0.0,0.0
1674.790,167479,2,0.1,31061456,6893,9215,0.0,0.0
1674.800,167480,2,0.1,-12189053,6893,9215,0.0,0.0
1674.810,167481,2,0.1,-61570,6893,9215,0.0,0.0
1674.820,167482,2,0.1,2575061,6893,9215,0.0,0.0
1674.830,167483,2,0.1,2899989,6893,9215,0.0,0.0
1674.840,167484,2,0.1,-20304143,6893,9220,0.0,0.0
1674.850,167485,2,0.1,1232984,6893,9220,0.0,0.0
1674.860,167486,2,0.1,-26798337,6893,9220,0.0,0.0
1674.870,167487,2,0.1,-2165535,6893,9220,0.0,0.0
1674.880,167488,2,0.1,-12336397,6893,9220,0.0,0.0
1674.890,167489,2,0.1,-19535469,6893,9225,0.0,0.0
1674.900,167490,2,0.1,-11246057,6893,9225,0.0,0.0
1674.910,167491,2,0.1,-15486828,6893,9225,0.0,0.0
1674.920,167492,2,0.1,-16899177,6893,9225,0.0,0.0
1674.930,167493,2,0.1,2237385,6893,9225,0.0,0.0
1674.940,167494,2,0.1,11894266,6893,9230,0.0,0.0
1674.950,167495,2,0.1,11945277,6893,9230,0.0,0.0
1674.960,167496,2,0.1,-5879439,6893,9230,0.0,0.0
1674.970,167497,2,0.1,-445328,6893,9230,0.0,0.0
1674.980,167498,2,0.1,21643053,6893,9230,0.0,0.0
1674.990,167499,2,0.1,-18144208,6893,9225,0.0,0.0
1675.000,167500,2,0.1,13368974,6893,9225,0.0,0.0
1675.010,167501,2,0.1,5673555,6893,9225,0.0,0.0
1675.020,167502,2,0.1,-4690364,6893,9225,0.0,0.0
1675.030,167503,2,0.1,-7955658,6893,9225,0.0,0.0
1675.040,167504,2,0.1,-5200924,6893,9220,0.0,0.0
1675.050,167505,2,0.1,20927981,6893,9220,0.0,0.0
1675.060,167506,2,0.1,-11004465,6893,9220,0.0,0.0
1675.070,167507,2,0.1,-4554709,6893,9220,0.0,0.0
1675.080,167508,2,0.1,-12073623,6893,9220,0.0,0.0
1675.090,167509,2,0.1,14671856,6893,9225,0.0,0.0
1675.100,167510,2,0.1,-2255198,6893,9225,0.0,0.0
1675.110,167511,2,0.1,13472617,6893,9225,0.0,0.0
1675.120,167512,2,0.1,5061642,6893,9225,0.0,0.0
1675.130,167513,2,0.1,334609,6893,9225,0.0,0.0
1675.140,167514,2,0.1,11035867,6893,9230,0.0,0.0
1675.150,167515,2,0.1,10764021,6893,9230,0.0,0.0
1675.160,167516,2,0.1,-2974426,6893,9230,0.0,0.0
1675.170,167517,2,0.1,-3007011,6893,9230,0.0,0.0
1675.180,167518,2,0.1,-6657536,6893,9230,0.0,0.0
1675.190,167519,2,0.1,-23649448,6893,9235,0.0,0.0
1675.200,167520,2,0.1,4899776,6893,9235,0.0,0.0
1675.210,167521,2,0.1,-13433816,6893,9235,0.0,0.0
1675.220,167522,2,0.1,-33730029,6893,9235,0.0,0.0
1675.230,167523,2,0.1,-15907205,6893,9235,0.0,0.0
1675.240,167524,2,0.1,-10549379,6893,9240,0.0,0.0
1675.250,167525,2,0.1,14784451,6893,9240,0.0,0.0
1675.260,167526,2,0.1,-24744781,6893,9240,0.0,0.0
1675.270,167527,2,0.1,-3569926,6893,9240,0.0,0.0
1675.280,167528,2,0.1,-26857424,6893,9240,0.0,0.0
1675.290,167529,2,0.1,1428345,6893,9245,0.0,0.0
1675.300,167530,2,0.1,10244595,6893,9245,0.0,0.0
1675.310,167531,2,0.1,-14249332,6893,9245,0.0,0.0
1675.320,167532,2,0.1,33207975,6893,9245,0.0,0.0
1675.330,167533,2,0.1,-729280,6893,9245,0.0,0.0
1675.340,167534,2,0.1,-4372912,6893,9240,0.0,0.0
1675.350,167535,2,0.1,-11355440,6893,9240,0.0,0.0
1675.360,167536,2,0.1,13884351,6893,9240,0.0,0.0
1675.370,167537,2,0.1,2016643,6893,9240,0.0,0.0
1675.380,167538,2,0.1,-17247395,6893,9240,0.0,0.0
1675.390,167539,2,0.1,-21251038,6893,9245,0.0,0.0
1675.400,167540,2,0.1,77731,6893,9245,0.0,0.0
1675.410,167541,2,0.1,5147878,6893,9245,0.0,0.0
1675.420,167542,2,0.1,20286175,6893,9245,0.0,0.0
1675.430,167543,2,0.1,14472499,6893,9245,0.0,0.0
1675.440,167544,2,0.1,-28558339,6893,9240,0.0,0.0
1675.450,167545,2,0.1,19282969,6893,9240,0.0,0.0
1675.460,167546,2,0.1,-10515783,6893,9240,0.0,0.0
1675.470,167547,2,0.1,-21884143,6893,9240,0.0,0.0
1675.480,167548,2,0.1,5051699,6893,9240,0.0,0.0
1675.490,167549,2,0.1,-4253143,6893,9235,0.0,0.0
1675.500,167550,2,0.1,-1116296,6893,9235,0.0,0.0
1675.510,167551,2,0.1,22005297,6893,9235,0.0,0.0
1675.520,167552,2,0.1,-10162953,6893,9235,0.0,0.0
1675.530,167553,2,0.1,-4373850,6893,9235,0.0,0.0
1675.540,167554,2,0.1,1504246,6893,9230,0.0,0.0
1675.550,167555,2,0.1,16005814,6893,9230,0.0,0.0
1675.560,167556,2,0.1,-31822862,6893,9230,0.0,0.0
1675.570,167557,2,0.1,-10003778,6893,9230,0.0,0.0
1675.580,167558,2,0.1,9553375,6893,9230,0.0,0.0
1675.590,167559,2,0.1,-144778,6893,9225,0.0,0.0
1675.600,167560,2,0.1,11188695,6893,9225,0.0,0.0
1675.610,167561,2,0.1,39616420,6893,9225,0.0,0.0
1675.620,167562,2,0.1,13744180,6893,9225,0.0,0.0
1675.630,167563,2,0.1,-11790614,6893,9225,0.0,0.0
1675.640,167564,2,0.1,-7384727,6893,9230,0.0,0.0
1675.650,167565,2,0.1,-31275481,6893,9230,0.0,0.0
1675.660,167566,2,0.1,-21304894,6893,9230,0.0,0.0
1675.670,167567,2,0.1,-6080502,6893,9230,0.0,0.0
1675.680,167568,2,0.1,10787065,6893,9230,0.0,0.0
1675.690,167569,2,0.1,8401689,6893,9235,0.0,0.0
1675.700,167570,2,0.1,33728872,6893,9235,0.0,0.0
1675.710,167571,2,0.1,-20081968,6893,9235,0.0,0.0
1675.720,167572,2,0.1,-12852518,6893,9235,0.0,0.0
1675.730,167573,2,0.1,8791193,6893,9235,0.0,0.0
1675.740,167574,2,0.1,7595359,6893,9230,0.0,0.0
1675.750,167575,2,0.1,13545769,6893,9230,0.0,0.0
1675.760,167576,2,0.1,-14426372,6893,9230,0.0,0.0
1675.770,167577,2,0.1,-4526109,6893,9230,0.0,0.0
1675.780,167578,2,0.1,-3465804,6893,9230,0.0,0.0
1675.790,167579,2,0.1,6825144,6893,9235,0.0,0.0
1675.800,167580,2,0.1,-17666394,6893,9235,0.0,0.0
1675.810,167581,2,0.1,-15877193,6893,9235,0.0,0.0
1675.820,167582,2,0.1,-6546470,6893,9235,0.0,0.0
1675.830,167583,2,0.1,-8372470,6893,9235,0.0,0.0
1675.840,167584,2,0.1,-18651689,6893,9240,0.0,0.0
1675.850,167585,2,0.1,-3138194,6893,9240,0.0,0.0
1675.860,167586,2,0.1,9067219,6893,9240,0.0,0.0
1675.870,167587,2,0.1,-21261847,6893,9240,0.0,0.0
1675.880,167588,2,0.1,-33706347,6893,9240,0.0,0.0
1675.890,167589,2,0.1,-8552474,6893,9235,0.0,0.0
1675.900,167590,2,0.1,18541129,6893,9235,0.0,0.0
1675.910,167591,2,0.1,-5757166,6893,9235,0.0,0.0
1675.920,167592,2,0.1,-5934755,6893,9235,0.0,0.0
1675.930,167593,2,0.1,-14192738,6893,9235,0.0,0.0
1675.940,167594,2,0.1,13628893,6893,9230,0.0,0.0
1675.950,167595,2,0.1,-20307935,6893,9230,0.0,0.0
1675.960,167596,2,0.1,-3638230,6893,9230,0.0,0.0
1675.970,167597,2,0.1,-4795651,6893,9230,0.0,0.0
1675.980,167598,2,0.1,12262782,6893,9230,0.0,0.0
1675.990,167599,2,0.1,-5482912,6893,9225,0.0,0.0
1676.000,167600,2,0.1,-4263524,6893,9225,0.0,0.0
1676.010,167601,2,0.1,19182278,6893,9225,0.0,0.0
1676.020,167602,2,0.1,-14091780,6893,9225,0.0,0.0
1676.030,167603,2,0.1,-5108303,6893,9225,0.0,0.0
1676.040,167604,2,0.1,25018523,6893,9230,0.0,0.0
1676.050,167605,2,0.1,13637994,6893,9230,0.0,0.0
1676.060,167606,2,0.1,12932566,6893,9230,0.0,0.0
1676.070,167607,2,0.1,-10017014,6893,9230,0.0,0.0
1676.080,167608,2,0.1,-24186080,6893,9230,0.0,0.0
1676.090,167609,2,0.1,7896881,6893,9225,0.0,0.0
1676.100,167610,2,0.1,-10532687,6893,9225,0.0,0.0
1676.110,167611,2,0.1,18736619,6893,9225,0.0,0.0
1676.120,167612,2,0.1,-26535998,6893,9225,0.0,0.0
1676.130,167613,2,0.1,17652445,6893,9225,0.0,0.0
1676.140,167614,2,0.1,14964037,6893,9230,0.0,0.0
1676.150,167615,2,0.1,6377437,6893,9230,0.0,0.0
1676.160,167616,2,0.1,6142682,6893,9230,0.0,0.0
1676.170,167617,2,0.1,-27577117,6893,9230,0.0,0.0
1676.180,167618,2,0.1,19502295,6893,9230,0.0,0.0
1676.190,167619,2,0.1,-15417860,6893,9225,0.0,0.0
1676.200,167620,2,0.1,-1202023,6893,9225,0.0,0.0
1676.210,167621,2,0.1,-7651068,6893,9225,0.0,0.0
1676.220,167622,2,0.1,-9182503,6893,9225,0.0,0.0
1676.230,167623,2,0.1,19310261,6893,9225,0.0,0.0
1676.240,167624,2,0.1,-14211992,6893,9230,0.0,0.0
1676.250,167625,2,0.1,41467688,6893,9230,0.0,0.0
1676.260,167626,2,0.1,-9136623,6893,9230,0.0,0.0
1676.270,167627,2,0.1,-13468065,6893,9230,0.0,0.0
1676.280,167628,2,0.1,13524225,6893,9230,0.0,0.0
1676.290,167629,2,0.1,-17796947,6893,9235,0.0,0.0
1676.300,167630,2,0.1,565214,6893,9235,0.0,0.0
1676.310,167631,2,0.1,-4715918,6893,9235,0.0,0.0
1676.320,167632,2,0.1,-11617659,6893,9235,0.0,0.0
1676.330,167633,2,0.1,1627171,6893,9235,0.0,0.0
1676.340,167634,2,0.1,9804898,6893,9235,0.0,0.0
1676.350,167635,2,0.1,-2162702,6893,9235,0.0,0.0
1676.360,167636,2,0.1,-10175442,6893,9235,0.0,0.0
1676.370,167637,2,0.1,-15767270,6893,9235,0.0,0.0
1676.380,167638,2,0.1,12696372,6893,9235,0.0,0.0
1676.390,167639,2,0.1,-15552779,6893,9235,0.0,0.0
1676.400,167640,2,0.1,-13581758,6893,9235,0.0,0.0
1676.410,167641,2,0.1,17732081,6893,9235,0.0,0.0
1676.420,167642,2,0.1,-3272224,6893,9235,0.0,0.0
1676.430,167643,2,0.1,-15242633,6893,9235,0.0,0.0
1676.440,167644,2,0.1,-8727738,6893,9235,0.0,0.0
1676.450,167645,2,0.1,2469076,6893,9235,0.0,0.0
1676.460,167646,2,0.1,-1392098,6893,9235,0.0,0.0
1676.470,167647,2,0.1,15142032,6893,9235,0.0,0.0
1676.480,167648,2,0.1,-17747550,6893,9235,0.0,0.0
1676.490,167649,2,0.1,-10360152,6893,9235,0.0,0.0
1676.500,167650,2,0.1,-2650785,6893,9235,0.0,0.0
1676.510,167651,2,0.1,-11111120,6893,9235,0.0,0.0
1676.520,167652,2,0.1,-6688746,6893,9235,0.0,0.0
1676.530,167653,2,0.1,-2858857,6893,9235,0.0,0.0
1676.540,167654,2,0.1,7137566,6893,9235,0.0,0.0
1676.550,167655,2,0.1,5102410,6893,9235,0.0,0.0
1676.560,167656,2,0.1,-20083118,6893,9235,0.0,0.0
1676.570,167657,2,0.1,-21777082,6893,9235,0.0,0.0
1676.580,167658,2,0.1,4094191,6893,9235,0.0,0.0
1676.590,167659,2,0.1,-259488,6893,9235,0.0,0.0
1676.600,167660,2,0.1,25700638,6893,9235,0.0,0.0
1676.610,167661,2,0.1,-7011324,6893,9235,0.0,0.0
1676.620,167662,2,0.1,-30466873,6893,9235,0.0,0.0
1676.630,167663,2,0.1,2276473,6893,9235,0.0,0.0
1676.640,167664,2,0.1,15874099,6893,9235,0.0,0.0
1676.650,167665,2,0.1,-18996564,6893,9235,0.0,0.0
1676.660,167666,2,0.1,23514371,6893,9235,0.0,0.0
1676.670,167667,2,0.1,-21842199,6893,9235,0.0,0.0
1676.680,167668,2,0.1,18026528,6893,9235,0.0,0.0
1676.690,167669,2,0.1,11084515,6893,9235,0.0,0.0
1676.700,167670,2,0.1,-18857769,6893,9235,0.0,0.0
1676.710,167671,2,0.1,3206246,6893,9235,0.0,0.0
1676.720,167672,2,0.1,20488612,6893,9235,0.0,0.0
1676.730,167673,2,0.1,3285425,6893,9235,0.0,0.0
1676.740,167674,2,0.1,1497481,6893,9235,0.0,0.0
1676.750,167675,2,0.1,-1699191,6893,9235,0.0,0.0
1676.760,167676,2,0.1,-13839169,6893,9235,0.0,0.0
1676.770,167677,2,0.1,4627809,6893,9235,0.0,0.0
1676.780,167678,2,0.1,-16018853,6893,9235,0.0,0.0
1676.790,167679,2,0.1,-1521920,6893,9235,0.0,0.0
1676.800,167680,2,0.1,13857941,6893,9235,0.0,0.0
1676.810,167681,2,0.1,-1424136,6893,9235,0.0,0.0
1676.820,167682,2,0.1,12558978,6893,9235,0.0,0.0
1676.830,167683,2,0.1,12295804,6893,9235,0.0,0.0
1676.840,167684,2,0.1,-18763690,6893,9235,0.0,0.0
1676.850,167685,2,0.1,-1585665,6893,9235,0.0,0.0
1676.860,167686,2,0.1,17808392,6893,9235,0.0,0.0
1676.870,167687,2,0.1,10890815,6893,9235,0.0,0.0
1676.880,167688,2,0.1,5631404,6893,9235,0.0,0.0
1676.890,167689,2,0.1,5247386,6893,9235,0.0,0.0
1676.900,167690,2,0.1,21010103,6893,9235,0.0,0.0
1676.910,167691,2,0.1,21856104,6893,9235,0.0,0.0
1676.920,167692,2,0.1,11235497,6893,9235,0.0,0.0
1676.930,167693,2,0.1,227344,6893,9235,0.0,0.0
1676.940,167694,2,0.1,16587431,6893,9235,0.0,0.0
1676.950,167695,2,0.1,1746973,6893,9235,0.0,0.0
1676.960,167696,2,0.1,800154,6893,9235,0.0,0.0
1676.970,167697,2,0.1,-8879349,6893,9235,0.0,0.0
1676.980,167698,2,0.1,14564500,6893,9235,0.0,0.0
1676.990,167699,2,0.1,7400658,6893,9235,0.0,0.0
1677.000,167700,2,0.1,16657907,6893,9235,0.0,0.0
1677.010,167701,2,0.1,21743283,6893,9235,0.0,0.0
1677.020,167702,2,0.1,10939100,6893,9235,0.0,0.0
1677.030,167703,2,0.1,6960647,6893,9235,0.0,0.0
1677.040,167704,2,0.1,-11350279,6893,9235,0.0,0.0
1677.050,167705,2,0.1,-11457417,6893,9235,0.0,0.0
1677.060,167706,2,0.1,-12557344,6893,9235,0.0,0.0
1677.070,167707,2,0.1,-34081990,6893,9235,0.0,0.0
1677.080,167708,2,0.1,-34410189,6893,9235,0.0,0.0
1677.090,167709,2,0.1,-8190010,6893,9235,0.0,0.0
1677.100,167710,2,0.1,39973034,6893,9235,0.0,0.0
1677.110,167711,2,0.1,6167625,6893,9235,0.0,0.0
1677.120,167712,2,0.1,-14492874,6893,9235,0.0,0.0
1677.130,167713,2,0.1,6009669,6893,9235,0.0,0.0
1677.140,167714,2,0.1,27712116,6893,9235,0.0,0.0
1677.150,167715,2,0.1,28735390,6893,9235,0.0,0.0
1677.160,167716,2,0.1,6309481,6893,9235,0.0,0.0
1677.170,167717,2,0.1,13439264,6893,9235,0.0,0.0
1677.180,167718,2,0.1,16775005,6893,9235,0.0,0.0
1677.190,167719,2,0.1,12568320,6893,9235,0.0,0.0
1677.200,167720,2,0.1,2140288,6893,9235,0.0,0.0
1677.210,167721,2,0.1,-5114049,6893,9235,0.0,0.0
1677.220,167722,2,0.1,-18846908,6893,9235,0.0,0.0
1677.230,167723,2,0.1,-6963658,6893,9235,0.0,0.0
1677.240,167724,2,0.1,10655112,6893,9235,0.0,0.0
1677.250,167725,2,0.1,-4828341,6893,9235,0.0,0.0
1677.260,167726,2,0.1,-26406139,6893,9235,0.0,0.0
1677.270,167727,2,0.1,3050052,6893,9235,0.0,0.0
1677.280,167728,2,0.1,15429116,6893,9235,0.0,0.0
1677.290,167729,2,0.1,-1676162,6893,9235,0.0,0.0
1677.300,167730,2,0.1,-8495272,6893,9235,0.0,0.0
1677.310,167731,2,0.1,9786576,6893,9235,0.0,0.0
1677.320,167732,2,0.1,-1587464,6893,9235,0.0,0.0
1677.330,167733,2,0.1,-7475617,6893,9235,0.0,0.0
1677.340,167734,2,0.1,-4595753,6893,9235,0.0,0.0
1677.350,167735,2,0.1,-8731543,6893,9235,0.0,0.0
1677.360,167736,2,0.1,12213226,6893,9235,0.0,0.0
1677.370,167737,2,0.1,-12149581,6893,9235,0.0,0.0
1677.380,167738,2,0.1,16816093,6893,9235,0.0,0.0
1677.390,167739,2,0.1,-6775884,6893,9235,0.0,0.0
1677.400,167740,2,0.1,-26937581,6893,9235,0.0,0.0
1677.410,167741,2,0.1,6518215,6893,9235,0.0,0.0
1677.420,167742,2,0.1,4822372,6893,9235,0.0,0.0
1677.430,167743,2,0.1,32110743,6893,9235,0.0,0.0
1677.440,167744,2,0.1,12821595,6893,9235,0.0,0.0
1677.450,167745,2,0.1,-6506125,6893,9235,0.0,0.0
1677.460,167746,2,0.1,-523577,6893,9235,0.0,0.0
1677.470,167747,2,0.1,10039913,6893,9235,0.0,0.0
1677.480,167748,2,0.1,-23994056,6893,9235,0.0,0.0
1677.490,167749,2,0.1,14822357,6893,9235,0.0,0.0
1677.500,167750,2,0.1,-2393186,6893,9235,0.0,0.0
1677.510,167751,2,0.1,21948437,6893,9235,0.0,0.0
1677.520,167752,2,0.1,393232,6893,9235,0.0,0.0
1677.530,167753,2,0.1,-4839400,6893,9235,0.0,0.0
1677.540,167754,2,0.1,5880741,6893,9235,0.0,0.0
1677.550,167755,2,0.1,-1738497,6893,9235,0.0,0.0
1677.560,167756,2,0.1,-20333895,6893,9235,0.0,0.0
1677.570,167757,2,0.1,-12793941,6893,9235,0.0,0.0
1677.580,167758,2,0.1,-33161275,6893,9235,0.0,0.0
1677.590,167759,2,0.1,-10251441,6893,9235,0.0,0.0
1677.600,167760,2,0.1,-17798240,6893,9235,0.0,0.0
1677.610,167761,2,0.1,6464429,6893,9235,0.0,0.0
1677.620,167762,2,0.1,-22773261,6893,9235,0.0,0.0
1677.630,167763,2,0.1,-19281318,6893,9235,0.0,0.0
1677.640,167764,2,0.1,59784684,6893,9235,0.0,0.0
1677.650,167765,2,0.1,-21142671,6893,9235,0.0,0.0
1677.660,167766,2,0.1,20784795,6893,9235,0.0,0.0
1677.670,167767,2,0.1,35255478,6893,9235,0.0,0.0
1677.680,167768,2,0.1,17816534,6893,9235,0.0,0.0
1677.690,167769,2,0.1,13590983,6893,9235,0.0,0.0
1677.700,167770,2,0.1,5061541,6893,9235,0.0,0.0
1677.710,167771,2,0.1,5986194,6893,9235,0.0,0.0
1677.720,167772,2,0.1,5561236,6893,9235,0.0,0.0
1677.730,167773,2,0.1,-16656617,6893,9235,0.0,0.0
1677.740,167774,2,0.1,-37461953,6893,9235,0.0,0.0
1677.750,167775,2,0.1,-2553466,6893,9235,0.0,0.0
1677.760,167776,2,0.1,-1199947,6893,9235,0.0,0.0
1677.770,167777,2,0.1,28448550,6893,9235,0.0,0.0
1677.780,167778,2,0.1,3310352,6893,9235,0.0,0.0
1677.790,167779,2,0.1,-28195220,6893,9235,0.0,0.0
1677.800,167780,2,0.1,9642904,6893,9235,0.0,0.0
1677.810,167781,2,0.1,-274033,6893,9235,0.0,0.0
1677.820,167782,2,0.1,-4360332,6893,9235,0.0,0.0
1677.830,167783,2,0.1,-7925155,6893,9235,0.0,0.0
1677.840,167784,2,0.1,9855937,6893,9235,0.0,0.0
1677.850,167785,2,0.1,2312258,6893,9235,0.0,0.0
1677.860,167786,2,0.1,-8653314,6893,9235,0.0,0.0
1677.870,167787,2,0.1,-4334828,6893,9235,0.0,0.0
1677.880,167788,2,0.1,-37603587,6893,9235,0.0,0.0
1677.890,167789,2,0.1,25938566,6893,9235,0.0,0.0
1677.900,167790,2,0.1,26187719,6893,9235,0.0,0.0
1677.910,167791,2,0.1,2914737,6893,9235,0.0,0.0
1677.920,167792,2,0.1,7339314,6893,9235,0.0,0.0
1677.930,167793,2,0.1,43466865,6893,9235,0.0,0.0
1677.940,167794,2,0.1,-4216313,6893,9235,0.0,0.0
1677.950,167795,2,0.1,8066875,6893,9235,0.0,0.0
1677.960,167796,2,0.1,3450956,6893,9235,0.0,0.0
1677.970,167797,2,0.1,10248010,6893,9235,0.0,0.0
1677.980,167798,2,0.1,-36630721,6893,9235,0.0,0.0
1677.990,167799,2,0.1,-17259881,6893,9235,0.0,0.0
1678.000,167800,2,0.1,4788373,6893,9235,0.0,0.0
1678.010,167801,2,0.1,-21705716,6893,9235,0.0,0.0
1678.020,167802,2,0.1,-26158386,6893,9235,0.0,0.0
1678.030,167803,2,0.1,-8158986,6893,9235,0.0,0.0
1678.040,167804,2,0.1,-14216395,6893,9235,0.0,0.0
1678.050,167805,2,0.1,-12365849,6893,9235,0.0,0.0
1678.060,167806,2,0.1,-22444501,6893,9235,0.0,0.0
1678.070,167807,2,0.1,16120504,6893,9235,0.0,0.0
1678.080,167808,2,0.1,5863381,6893,9235,0.0,0.0
1678.090,167809,2,0.1,-590742,6893,9235,0.0,0.0
1678.100,167810,2,0.1,-26306282,6893,9235,0.0,0.0
1678.110,167811,2,0.1,-20136551,6893,9235,0.0,0.0
1678.120,167812,2,0.1,-10587936,6893,9235,0.0,0.0
1678.130,167813,2,0.1,-24309238,6893,9235,0.0,0.0
1678.140,167814,2,0.1,2838029,6893,9235,0.0,0.0
1678.150,167815,2,0.1,-3724968,6893,9235,0.0,0.0
1678.160,167816,2,0.1,24872553,6893,9235,0.0,0.0
1678.170,167817,2,0.1,-28641447,6893,9235,0.0,0.0
1678.180,167818,2,0.1,-8893835,6893,9235,0.0,0.0
1678.190,167819,2,0.1,-19164819,6893,9235,0.0,0.0
1678.200,167820,2,0.1,2398816,6893,9235,0.0,0.0
1678.210,167821,2,0.1,-17125285,6893,9235,0.0,0.0
1678.220,167822,2,0.1,-15610707,6893,9235,0.0,0.0
1678.230,167823,2,0.1,-15249817,6893,9235,0.0,0.0
1678.240,167824,2,0.1,-23127301,6893,9235,0.0,0.0
1678.250,167825,2,0.1,-15536000,6893,9235,0.0,0.0
1678.260,167826,2,0.1,-5446792,6893,9235,0.0,0.0
1678.270,167827,2,0.1,-28461680,6893,9235,0.0,0.0
1678.280,167828,2,0.1,-9993842,6893,9235,0.0,0.0
1678.290,167829,2,0.1,-45365990,6893,9235,0.0,0.0
1678.300,167830,2,0.1,6310411,6893,9235,0.0,0.0
1678.310,167831,2,0.1,-13413339,6893,9235,0.0,0.0
1678.320,167832,2,0.1,-20432103,6893,9235,0.0,0.0
1678.330,167833,2,0.1,-3757674,6893,9235,0.0,0.0
1678.340,167834,2,0.1,-8972357,6893,9235,0.0,0.0
1678.350,167835,2,0.1,-9455897,6893,9235,0.0,0.0
1678.360,167836,2,0.1,25237071,6893,9235,0.0,0.0
1678.370,167837,2,0.1,7054568,6893,9235,0.0,0.0
1678.380,167838,2,0.1,-9659200,6893,9235,0.0,0.0
1678.390,167839,2,0.1,-19130046,6893,9235,0.0,0.0
1678.400,167840,2,0.1,11686937,6893,9235,0.0,0.0
1678.410,167841,2,0.1,-3932754,6893,9235,0.0,0.0
1678.420,167842,2,0.1,7350020,6893,9235,0.0,0.0
1678.430,167843,2,0.1,-1955205,6893,9235,0.0,0.0
1678.440,167844,2,0.1,-13233291,6893,9235,0.0,0.0
1678.450,167845,2,0.1,1057150,6893,9235,0.0,0.0
1678.460,167846,2,0.1,-5540518,6893,9235,0.0,0.0
1678.470,167847,2,0.1,-5475656,6893,9235,0.0,0.0
1678.480,167848,2,0.1,10863782,6893,9235,0.0,0.0
1678.490,167849,2,0.1,-9020426,6893,9235,0.0,0.0
1678.500,167850,2,0.1,34283428,6893,9235,0.0,0.0
1678.510,167851,2,0.1,14710849,6893,9235,0.0,0.0
1678.520,167852,2,0.1,3244834,6893,9235,0.0,0.0
1678.530,167853,2,0.1,-28858380,6893,9235,0.0,0.0
1678.540,167854,2,0.1,-22093726,6893,9235,0.0,0.0
1678.550,167855,2,0.1,12497849,6893,9235,0.0,0.0
1678.560,167856,2,0.1,-805173,6893,9235,0.0,0.0
1678.570,167857,2,0.1,-5832237,6893,9235,0.0,0.0
1678.580,167858,2,0.1,-27352130,6893,9235,0.0,0.0
1678.590,167859,2,0.1,10108532,6893,9235,0.0,0.0
1678.600,167860,2,0.1,-6571694,6893,9235,0.0,0.0
1678.610,167861,2,0.1,15240062,6893,9235,0.0,0.0
1678.620,167862,2,0.1,-16232250,6893,9235,0.0,0.0
1678.630,167863,2,0.1,-11542890,6893,9235,0.0,0.0
1678.640,167864,2,0.1,-5841321,6893,9235,0.0,0.0
1678.650,167865,2,0.1,-839797,6893,9235,0.0,0.0
1678.660,167866,2,0.1,-11195610,6893,9235,0.0,0.0
1678.670,167867,2,0.1,-45917479,6893,9235,0.0,0.0
1678.680,167868,2,0.1,-16972665,6893,9235,0.0,0.0
1678.690,167869,2,0.1,6323624,6893,9235,0.0,0.0
1678.700,167870,2,0.1,-13951875,6893,9235,0.0,0.0
1678.710,167871,2,0.1,-4384164,6893,9235,0.0,0.0
1678.720,167872,2,0.1,24800680,6893,9235,0.0,0.0
1678.730,167873,2,0.1,-35464590,6893,9235,0.0,0.0
1678.740,167874,2,0.1,-10958047,6893,9235,0.0,0.0
1678.750,167875,2,0.1,11649819,6893,9235,0.0,0.0
1678.760,167876,2,0.1,14398273,6893,9235,0.0,0.0
1678.770,167877,2,0.1,-25967185,6893,9235,0.0,0.0
1678.780,167878,2,0.1,1424769,6893,9235,0.0,0.0
1678.790,167879,2,0.1,-30354642,6893,9235,0.0,0.0
1678.800,167880,2,0.1,4882600,6893,9235,0.0,0.0
1678.810,167881,2,0.1,-4072666,6893,9235,0.0,0.0
1678.820,167882,2,0.1,12316557,6893,9235,0.0,0.0
1678.830,167883,2,0.1,9737433,6893,9235,0.0,0.0
1678.840,167884,2,0.1,-16870660,6893,9235,0.0,0.0
1678.850,167885,2,0.1,-1873404,6893,9235,0.0,0.0
1678.860,167886,2,0.1,8512520,6893,9235,0.0,0.0
1678.870,167887,2,0.1,-9404739,6893,9235,0.0,0.0
1678.880,167888,2,0.1,22783047,6893,9235,0.0,0.0
1678.890,167889,2,0.1,5308138,6893,9235,0.0,0.0
1678.900,167890,2,0.1,19512426,6893,9235,0.0,0.0
1678.910,167891,2,0.1,23710674,6893,9235,0.0,0.0
1678.920,167892,2,0.1,24539870,6893,9235,0.0,0.0
1678.930,167893,2,0.1,-3167952,6893,9235,0.0,0.0
1678.940,167894,2,0.1,-10153024,6893,9235,0.0,0.0
1678.950,167895,2,0.1,-9224197,6893,9235,0.0,0.0
1678.960,167896,2,0.1,-22230868,6893,9235,0.0,0.0
1678.970,167897,2,0.1,-3568677,6893,9235,0.0,0.0
1678.980,167898,2,0.1,22263143,6893,9235,0.0,0.0
1678.990,167899,2,0.1,-9703802,6893,9235,0.0,0.0
1679.000,167900,2,0.1,217720,6893,9235,0.0,0.0
1679.010,167901,2,0.1,2764044,6893,9235,0.0,0.0
1679.020,167902,2,0.1,9420471,6893,9235,0.0,0.0
1679.030,167903,2,0.1,4596076,6893,9235,0.0,0.0
1679.040,167904,2,0.1,7262590,6893,9235,0.0,0.0
1679.050,167905,2,0.1,-5417634,6893,9235,0.0,0.0
1679.060,167906,2,0.1,4429074,6893,9235,0.0,0.0
1679.070,167907,2,0.1,-9079184,6893,9235,0.0,0.0
1679.080,167908,2,0.1,-3858315,6893,9235,0.0,0.0
1679.090,167909,2,0.1,-2026450,6893,9235,0.0,0.0
1679.100,167910,2,0.1,21958557,6893,9235,0.0,0.0
1679.110,167911,2,0.1,-18267420,6893,9235,0.0,0.0
1679.120,167912,2,0.1,-17407398,6893,9235,0.0,0.0
1679.130,167913,2,0.1,282874,6893,9235,0.0,0.0
1679.140,167914,2,0.1,-18860885,6893,9235,0.0,0.0
1679.150,167915,2,0.1,-27714064,6893,9235,0.0,0.0
1679.160,167916,2,0.1,-9929345,6893,9235,0.0,0.0
1679.170,167917,2,0.1,-12438848,6893,9235,0.0,0.0
1679.180,167918,2,0.1,-9809189,6893,9235,0.0,0.0
1679.190,167919,2,0.1,-14962411,6893,9235,0.0,0.0
1679.200,167920,2,0.1,-14116394,6893,9235,0.0,0.0
1679.210,167921,2,0.1,8837715,6893,9235,0.0,0.0
1679.220,167922,2,0.1,-5415250,6893,9235,0.0,0.0
1679.230,167923,2,0.1,-917753,6893,9235,0.0,0.0
1679.240,167924,2,0.1,-12610228,6893,9235,0.0,0.0
1679.250,167925,2,0.1,16565083,6893,9235,0.0,0.0
1679.260,167926,2,0.1,-519993,6893,9235,0.0,0.0
1679.270,167927,2,0.1,-19586247,6893,9235,0.0,0.0
1679.280,167928,2,0.1,-19150143,6893,9235,0.0,0.0
1679.290,167929,2,0.1,-18688717,6893,9235,0.0,0.0
1679.300,167930,2,0.1,-15656074,6893,9235,0.0,0.0
1679.310,167931,2,0.1,-4884720,6893,9235,0.0,0.0
1679.320,167932,2,0.1,-28573260,6893,9235,0.0,0.0
1679.330,167933,2,0.1,-10051831,6893,9235,0.0,0.0
1679.340,167934,2,0.1,-3567315,6893,9235,0.0,0.0
1679.350,167935,2,0.1,15290762,6893,9235,0.0,0.0
1679.360,167936,2,0.1,19955272,6893,9235,0.0,0.0
1679.370,167937,2,0.1,-3515356,6893,9235,0.0,0.0
1679.380,167938,2,0.1,-7111207,6893,9235,0.0,0.0
1679.390,167939,2,0.1,16354885,6893,9235,0.0,0.0
1679.400,167940,2,0.1,9324309,6893,9235,0.0,0.0
1679.410,167941,2,0.1,-25860393,6893,9235,0.0,0.0
1679.420,167942,2,0.1,1285124,6893,9235,0.0,0.0
1679.430,167943,2,0.1,13251723,6893,9235,0.0,0.0
1679.440,167944,2,0.1,18699748,6893,9235,0.0,0.0
1679.450,167945,2,0.1,-1709035,6893,9235,0.0,0.0
1679.460,167946,2,0.1,-6736392,6893,9235,0.0,0.0
1679.470,167947,2,0.1,-16080604,6893,9235,0.0,0.0
1679.480,167948,2,0.1,-20647348,6893,9235,0.0,0.0
1679.490,167949,2,0.1,-17184365,6893,9235,0.0,0.0
1679.500,167950,2,0.1,15844630,6893,9235,0.0,0.0
1679.510,167951,2,0.1,2730625,6893,9235,0.0,0.0
1679.520,167952,2,0.1,-11304700,6893,9235,0.0,0.0
1679.530,167953,2,0.1,-23492407,6893,9235,0.0,0.0
1679.540,167954,2,0.1,1975398,6893,9235,0.0,0.0
1679.550,167955,2,0.1,-19871867,6893,9235,0.0,0.0
1679.560,167956,2,0.1,-21348720,6893,9235,0.0,0.0
1679.570,167957,2,0.1,-24123520,6893,9235,0.0,0.0
1679.580,167958,2,0.1,-13710299,6893,9235,0.0,0.0
1679.590,167959,2,0.1,24395307,6893,9235,0.0,0.0
1679.600,167960,2,0.1,-31252208,6893,9235,0.0,0.0
1679.610,167961,2,0.1,6895526,6893,9235,0.0,0.0
1679.620,167962,2,0.1,-15948314,6893,9235,0.0,0.0
1679.630,167963,2,0.1,16498933,6893,9235,0.0,0.0
1679.640,167964,2,0.1,-6661596,6893,9235,0.0,0.0
1679.650,167965,2,0.1,7459240,6893,9235,0.0,0.0
1679.660,167966,2,0.1,-16070627,6893,9235,0.0,0.0
1679.670,167967,2,0.1,-7630904,6893,9235,0.0,0.0
1679.680,167968,2,0.1,3780104,6893,9235,0.0,0.0
1679.690,167969,2,0.1,-867817,6893,9235,0.0,0.0
1679.700,167970,2,0.1,-22343592,6893,9235,0.0,0.0
1679.710,167971,2,0.1,-11518657,6893,9235,0.0,0.0
1679.720,167972,2,0.1,3263948,6893,9235,0.0,0.0
1679.730,167973,2,0.1,7492784,6893,9235,0.0,0.0
1679.740,167974,2,0.1,-7507130,6893,9235,0.0,0.0
1679.750,167975,2,0.1,-19533174,6893,9235,0.0,0.0
1679.760,167976,2,0.1,-6601777,6893,9235,0.0,0.0
1679.770,167977,2,0.1,-8405535,6893,9235,0.0,0.0
1679.780,167978,2,0.1,-8262117,6893,9235,0.0,0.0
1679.790,167979,2,0.1,4976980,6893,9235,0.0,0.0
1679.800,167980,2,0.1,12521348,6893,9235,0.0,0.0
1679.810,167981,2,0.1,-27156615,6893,9235,0.0,0.0
1679.820,167982,2,0.1,33084480,6893,9235,0.0,0.0
1679.830,167983,2,0.1,1596814,6893,9235,0.0,0.0
1679.840,167984,2,0.1,-12479008,6893,9235,0.0,0.0
1679.850,167985,2,0.1,-16056589,6893,9235,0.0,0.0
1679.860,167986,2,0.1,-15146183,6893,9235,0.0,0.0
1679.870,167987,2,0.1,-17324402,6893,9235,0.0,0.0
1679.880,167988,2,0.1,4000743,6893,9235,0.0,0.0
1679.890,167989,2,0.1,-19410628,6893,9235,0.0,0.0
1679.900,167990,2,0.1,-15546356,6893,9235,0.0,0.0
1679.910,167991,2,0.1,-2161791,6893,9235,0.0,0.0
1679.920,167992,2,0.1,-10569806,6893,9235,0.0,0.0
1679.930,167993,2,0.1,766,6893,9235,0.0,0.0
1679.940,167994,2,0.1,-10769269,6893,9235,0.0,0.0
1679.950,167995,2,0.1,-20012643,6893,9235,0.0,0.0
1679.960,167996,2,0.1,-6573112,6893,9235,0.0,0.0
1679.970,167997,2,0.1,-726104,6893,9235,0.0,0.0
1679.980,167998,2,0.1,19538776,6893,9235,0.0,0.0
1679.990,167999,2,0.1,-1742747,6893,9235,0.0,0.0
1680.000,168000,2,0.1,6423060,6893,9235,0.0,0.0
1680.010,168001,2,0.1,-2462352,6893,9235,0.0,0.0
1680.020,168002,2,0.1,-11213710,6893,9235,0.0,0.0
1680.030,168003,2,0.1,-5616729,6893,9235,0.0,0.0
1680.040,168004,2,0.1,10480256,6893,9235,0.0,0.0
1680.050,168005,2,0.1,20885,6893,9235,0.0,0.0
1680.060,168006,2,0.1,2106175,6893,9235,0.0,0.0
1680.070,168007,2,0.1,-42300284,6893,9235,0.0,0.0
1680.080,168008,2,0.1,-21205821,6893,9235,0.0,0.0
1680.090,168009,2,0.1,-13442492,6893,9235,0.0,0.0
1680.100,168010,2,0.1,-3527288,6893,9235,0.0,0.0
1680.110,168011,2,0.1,-13834568,6893,9235,0.0,0.0
1680.120,168012,2,0.1,-15525270,6893,9235,0.0,0.0
1680.130,168013,2,0.1,-5031331,6893,9235,0.0,0.0
1680.140,168014,2,0.1,-19681580,6893,9235,0.0,0.0
1680.150,168015,2,0.1,-6109109,6893,9235,0.0,0.0
1680.160,168016,2,0.1,-39959650,6893,9235,0.0,0.0
1680.170,168017,2,0.1,3098094,6893,9235,0.0,0.0
1680.180,168018,2,0.1,3712127,6893,9235,0.0,0.0
1680.190,168019,2,0.1,-12424771,6893,9235,0.0,0.0
1680.200,168020,2,0.1,-24417435,6893,9235,0.0,0.0
1680.210,168021,2,0.1,-9499910,6893,9235,0.0,0.0
1680.220,168022,2,0.1,-14565774,6893,9235,0.0,0.0
1680.230,168023,2,0.1,-15875557,6893,9235,0.0,0.0
1680.240,168024,2,0.1,-11453941,6893,9235,0.0,0.0
1680.250,168025,2,0.1,24880996,6893,9235,0.0,0.0
1680.260,168026,2,0.1,-27353011,6893,9235,0.0,0.0
1680.270,168027,2,0.1,1610956,6893,9235,0.0,0.0
1680.280,168028,2,0.1,16308505,6893,9235,0.0,0.0
1680.290,168029,2,0.1,-5350544,6893,9235,0.0,0.0
1680.300,168030,2,0.1,1273530,6893,9235,0.0,0.0
1680.310,168031,2,0.1,12726862,6893,9235,0.0,0.0
1680.320,168032,2,0.1,2290061,6893,9235,0.0,0.0
1680.330,168033,2,0.1,36699788,6893,9235,0.0,0.0
1680.340,168034,2,0.1,8182482,6893,9235,0.0,0.0
1680.350,168035,2,0.1,-29391939,6893,9235,0.0,0.0
1680.360,168036,2,0.1,14806033,6893,9235,0.0,0.0
1680.370,168037,2,0.1,1638813,6893,9235,0.0,0.0
1680.380,168038,2,0.1,3977125,6893,9235,0.0,0.0
1680.390,168039,2,0.1,10084404,6893,9235,0.0,0.0
1680.400,168040,2,0.1,-31358779,6893,9235,0.0,0.0
1680.410,168041,2,0.1,-9400820,6893,9235,0.0,0.0
1680.420,168042,2,0.1,-3279718,6893,9235,0.0,0.0
1680.430,168043,2,0.1,-218110,6893,9235,0.0,0.0
1680.440,168044,2,0.1,5255093,6893,9235,0.0,0.0
1680.450,168045,2,0.1,-4536359,6893,9235,0.0,0.0
1680.460,168046,2,0.1,-8449317,6893,9235,0.0,0.0
1680.470,168047,2,0.1,-3318021,6893,9235,0.0,0.0
1680.480,168048,2,0.1,12769805,6893,9235,0.0,0.0
1680.490,168049,2,0.1,-12169581,6893,9235,0.0,0.0
1680.500,168050,2,0.1,-11027933,6893,9235,0.0,0.0
1680.510,168051,2,0.1,-10936649,6893,9235,0.0,0.0
1680.520,168052,2,0.1,-8322064,6893,9235,0.0,0.0
1680.530,168053,2,0.1,-37631613,6893,9235,0.0,0.0
1680.540,168054,2,0.1,-5576152,6893,9235,0.0,0.0
1680.550,168055,2,0.1,2781270,6893,9235,0.0,0.0
1680.560,168056,2,0.1,-295941,6893,9235,0.0,0.0
1680.570,168057,2,0.1,-9154966,6893,9235,0.0,0.0
1680.580,168058,2,0.1,8552909,6893,9235,0.0,0.0
1680.590,168059,2,0.1,3900781,6893,9235,0.0,0.0
1680.600,168060,2,0.1,-8966770,6893,9235,0.0,0.0
1680.610,168061,2,0.1,-24498301,6893,9235,0.0,0.0
1680.620,168062,2,0.1,-9860110,6893,9235,0.0,0.0
1680.630,168063,2,0.1,-18493612,6893,9235,0.0,0.0
1680.640,168064,2,0.1,27819481,6893,9235,0.0,0.0
1680.650,168065,2,0.1,-2898709,6893,9235,0.0,0.0
1680.660,168066,2,0.1,5569338,6893,9235,0.0,0.0
1680.670,168067,2,0.1,-384885,6893,9235,0.0,0.0
1680.680,168068,2,0.1,-17496629,6893,9235,0.0,0.0
1680.690,168069,2,0.1,9516227,6893,9235,0.0,0.0
1680.700,168070,2,0.1,5058714,6893,9235,0.0,0.0
1680.710,168071,2,0.1,-7889322,6893,9235,0.0,0.0
1680.720,168072,2,0.1,-23856600,6893,9235,0.0,0.0
1680.730,168073,2,0.1,-11595711,6893,9235,0.0,0.0
1680.740,168074,2,0.1,-6016764,6893,9235,0.0,0.0
1680.750,168075,2,0.1,9223348,6893,9235,0.0,0.0
1680.760,168076,2,0.1,-28905255,6893,9235,0.0,0.0
1680.770,168077,2,0.1,7999791,6893,9235,0.0,0.0
1680.780,168078,2,0.1,7321525,6893,9235,0.0,0.0
1680.790,168079,2,0.1,-12613183,6893,9235,0.0,0.0
1680.800,168080,2,0.1,34045353,6893,9235,0.0,0.0
1680.810,168081,2,0.1,-23455430,6893,9235,0.0,0.0
1680.820,168082,2,0.1,-5424710,6893,9235,0.0,0.0
1680.830,168083,2,0.1,-19235411,6893,9235,0.0,0.0
1680.840,168084,2,0.1,-39525742,6893,9235,0.0,0.0
1680.850,168085,2,0.1,-29020752,6893,9235,0.0,0.0
1680.860,168086,2,0.1,-17588636,6893,9235,0.0,0.0
1680.870,168087,2,0.1,2725034,6893,9235,0.0,0.0
1680.880,168088,2,0.1,15334329,6893,9235,0.0,0.0
1680.890,168089,2,0.1,21695756,6893,9235,0.0,0.0
1680.900,168090,2,0.1,1839303,6893,9235,0.0,0.0
1680.910,168091,2,0.1,-5053489,6893,9235,0.0,0.0
1680.920,168092,2,0.1,6725439,6893,9235,0.0,0.0
1680.930,168093,2,0.1,3218760,6893,9235,0.0,0.0
1680.940,168094,2,0.1,-599895,6893,9235,0.0,0.0
1680.950,168095,2,0.1,-11234543,6893,9235,0.0,0.0
1680.960,168096,2,0.1,43790577,6893,9235,0.0,0.0
1680.970,168097,2,0.1,9249478,6893,9235,0.0,0.0
1680.980,168098,2,0.1,27774429,6893,9235,0.0,0.0
1680.990,168099,2,0.1,13457894,6893,9235,0.0,0.0
1681.000,168100,2,0.1,-14866130,6893,9235,0.0,0.0
1681.010,168101,2,0.1,26530737,6893,9235,0.0,0.0
1681.020,168102,2,0.1,-17867055,6893,9235,0.0,0.0
1681.030,168103,2,0.1,-18613658,6893,9235,0.0,0.0
1681.040,168104,2,0.1,6950225,6893,9235,0.0,0.0
1681.050,168105,2,0.1,-31839023,6893,9235,0.0,0.0
1681.060,168106,2,0.1,-6617483,6893,9235,0.0,0.0
1681.070,168107,2,0.1,-1265622,6893,9235,0.0,0.0
1681.080,168108,2,0.1,-14717984,6893,9235,0.0,0.0
1681.090,168109,2,0.1,15198929,6893,9235,0.0,0.0
1681.100,168110,2,0.1,23586267,6893,9235,0.0,0.0
1681.110,168111,2,0.1,9438591,6893,9235,0.0,0.0
1681.120,168112,2,0.1,8538380,6893,9235,0.0,0.0
1681.130,168113,2,0.1,-3363399,6893,9235,0.0,0.0
1681.140,168114,2,0.1,4614004,6893,9235,0.0,0.0
1681.150,168115,2,0.1,14601210,6893,9235,0.0,0.0
1681.160,168116,2,0.1,-14821643,6893,9235,0.0,0.0
1681.170,168117,2,0.1,-26946114,6893,9235,0.0,0.0
1681.180,168118,2,0.1,-3110332,6893,9235,0.0,0.0
1681.190,168119,2,0.1,-4882638,6893,9235,0.0,0.0
1681.200,168120,2,0.1,4902917,6893,9235,0.0,0.0
1681.210,168121,2,0.1,13896515,6893,9235,0.0,0.0
1681.220,168122,2,0.1,19348648,6893,9235,0.0,0.0
1681.230,168123,2,0.1,2893688,6893,9235,0.0,0.0
1681.240,168124,2,0.1,25906081,6893,9235,0.0,0.0
1681.250,168125,2,0.1,24230201,6893,9235,0.0,0.0
1681.260,168126,2,0.1,-11491005,6893,9235,0.0,0.0
1681.270,168127,2,0.1,864758,6893,9235,0.0,0.0
1681.280,168128,2,0.1,7262564,6893,9235,0.0,0.0
1681.290,168129,2,0.1,18645838,6893,9235,0.0,0.0
1681.300,168130,2,0.1,-27503352,6893,9235,0.0,0.0
1681.310,168131,2,0.1,37313196,6893,9235,0.0,0.0
1681.320,168132,2,0.1,2889914,6893,9235,0.0,0.0
1681.330,168133,2,0.1,-3018971,6893,9235,0.0,0.0
1681.340,168134,2,0.1,14244646,6893,9235,0.0,0.0
1681.350,168135,2,0.1,14063536,6893,9235,0.0,0.0
1681.360,168136,2,0.1,17611570,6893,9235,0.0,0.0
1681.370,168137,2,0.1,-24967107,6893,9235,0.0,0.0
1681.380,168138,2,0.1,8353870,6893,9235,0.0,0.0
1681.390,168139,2,0.1,-6867089,6893,9235,0.0,0.0
1681.400,168140,2,0.1,6881703,6893,9235,0.0,0.0
1681.410,168141,2,0.1,3583781,6893,9235,0.0,0.0
1681.420,168142,2,0.1,5710578,6893,9235,0.0,0.0
1681.430,168143,2,0.1,21906215,6893,9235,0.0,0.0
1681.440,168144,2,0.1,5684624,6893,9235,0.0,0.0
1681.450,168145,2,0.1,-3000229,6893,9235,0.0,0.0
1681.460,168146,2,0.1,-1517251,6893,9235,0.0,0.0
1681.470,168147,2,0.1,38258062,6893,9235,0.0,0.0
1681.480,168148,2,0.1,-5649678,6893,9235,0.0,0.0
1681.490,168149,2,0.1,10115468,6893,9235,0.0,0.0
1681.500,168150,2,0.1,-7722759,6893,9235,0.0,0.0
1681.510,168151,2,0.1,9519926,6893,9235,0.0,0.0
1681.520,168152,2,0.1,8454480,6893,9235,0.0,0.0
1681.530,168153,2,0.1,9410727,6893,9235,0.0,0.0
1681.540,168154,2,0.1,21669332,6893,9235,0.0,0.0
1681.550,168155,2,0.1,-17968949,6893,9235,0.0,0.0
1681.560,168156,2,0.1,-8776266,6893,9235,0.0,0.0
1681.570,168157,2,0.1,-36293496,6893,9235,0.0,0.0
1681.580,168158,2,0.1,28945027,6893,9235,0.0,0.0
1681.590,168159,2,0.1,29310181,6893,9235,0.0,0.0
1681.600,168160,2,0.1,15900598,6893,9235,0.0,0.0
1681.610,168161,2,0.1,-11004675,6893,9235,0.0,0.0
1681.620,168162,2,0.1,13994120,6893,9235,0.0,0.0
1681.630,168163,2,0.1,12838627,6893,9235,0.0,0.0
1681.640,168164,2,0.1,7793366,6893,9235,0.0,0.0
1681.650,168165,2,0.1,-13166835,6893,9235,0.0,0.0
1681.660,168166,2,0.1,-15365939,6893,9235,0.0,0.0
1681.670,168167,2,0.1,-17208551,6893,9235,0.0,0.0
1681.680,168168,2,0.1,1576077,6893,9235,0.0,0.0
1681.690,168169,2,0.1,19631124,6893,9235,0.0,0.0
1681.700,168170,2,0.1,-14145405,6893,9235,0.0,0.0
1681.710,168171,2,0.1,-1865766,6893,9235,0.0,0.0
1681.720,168172,2,0.1,15889049,6893,9235,0.0,0.0
1681.730,168173,2,0.1,5791945,6893,9235,0.0,0.0
1681.740,168174,2,0.1,11138417,6893,9235,0.0,0.0
1681.750,168175,2,0.1,-8182192,6893,9235,0.0,0.0
1681.760,168176,2,0.1,-12735522,6893,9235,0.0,0.0
1681.770,168177,2,0.1,-2457147,6893,9235,0.0,0.0
1681.780,168178,2,0.1,-775603,6893,9235,0.0,0.0
1681.790,168179,2,0.1,-2790005,6893,9235,0.0,0.0
1681.800,168180,2,0.1,-14931472,6893,9235,0.0,0.0
1681.810,168181,2,0.1,5855086,6893,9235,0.0,0.0
1681.820,168182,2,0.1,-448949,6893,9235,0.0,0.0
1681.830,168183,2,0.1,-15436131,6893,9235,0.0,0.0
1681.840,168184,2,0.1,-4324612,6893,9235,0.0,0.0
1681.850,168185,2,0.1,-5259376,6893,9235,0.0,0.0
1681.860,168186,2,0.1,34651016,6893,9235,0.0,0.0
1681.870,168187,2,0.1,2646503,6893,9235,0.0,0.0
1681.880,168188,2,0.1,-12212382,6893,9235,0.0,0.0
1681.890,168189,2,0.1,-3194182,6893,9235,0.0,0.0
1681.900,168190,2,0.1,11299445,6893,9235,0.0,0.0
1681.910,168191,2,0.1,5262978,6893,9235,0.0,0.0
1681.920,168192,2,0.1,7059685,6893,9235,0.0,0.0
1681.930,168193,2,0.1,8231856,6893,9235,0.0,0.0
1681.940,168194,2,0.1,-3905436,6893,9235,0.0,0.0
1681.950,168195,2,0.1,-2875652,6893,9235,0.0,0.0
1681.960,168196,2,0.1,12460812,6893,9235,0.0,0.0
1681.970,168197,2,0.1,12294207,6893,9235,0.0,0.0
1681.980,168198,2,0.1,-6645880,6893,9235,0.0,0.0
1681.990,168199,2,0.1,-12837969,6893,9235,0.0,0.0
1682.000,168200,2,0.1,13386752,6893,9235,0.0,0.0
1682.010,168201,2,0.1,20465110,6893,9235,0.0,0.0
1682.020,168202,2,0.1,-12523844,6893,9235,0.0,0.0
1682.030,168203,2,0.1,-2250044,6893,9235,0.0,0.0
1682.040,168204,2,0.1,-7864327,6893,9235,0.0,0.0
1682.050,168205,2,0.1,10436823,6893,9235,0.0,0.0
1682.060,168206,2,0.1,-32173928,6893,9235,0.0,0.0
1682.070,168207,2,0.1,-9604168,6893,9235,0.0,0.0
1682.080,168208,2,0.1,-22064250,6893,9235,0.0,0.0
1682.090,168209,2,0.1,-11544921,6893,9235,0.0,0.0
1682.100,168210,2,0.1,19324297,6893,9235,0.0,0.0
1682.110,168211,2,0.1,81914,6893,9235,0.0,0.0
1682.120,168212,2,0.1,-19470187,6893,9235,0.0,0.0
1682.130,168213,2,0.1,-16956538,6893,9235,0.0,0.0
1682.140,168214,2,0.1,22726347,6893,9235,0.0,0.0
1682.150,168215,2,0.1,11136193,6893,9235,0.0,0.0
1682.160,168216,2,0.1,-13970123,6893,9235,0.0,0.0
1682.170,168217,2,0.1,-31023185,6893,9235,0.0,0.0
1682.180,168218,2,0.1,-22701095,6893,9235,0.0,0.0
1682.190,168219,2,0.1,8909374,6893,9235,0.0,0.0
1682.200,168220,2,0.1,-34485078,6893,9235,0.0,0.0
1682.210,168221,2,0.1,7202999,6893,9235,0.0,0.0
1682.220,168222,2,0.1,6021172,6893,9235,0.0,0.0
1682.230,168223,2,0.1,-21715370,6893,9235,0.0,0.0
1682.240,168224,2,0.1,-10793018,6893,9235,0.0,0.0
1682.250,168225,2,0.1,10066549,6893,9235,0.0,0.0
1682.260,168226,2,0.1,-4649639,6893,9235,0.0,0.0
1682.270,168227,2,0.1,6243237,6893,9235,0.0,0.0
1682.280,168228,2,0.1,1958773,6893,9235,0.0,0.0
1682.290,168229,2,0.1,5691478,6893,9235,0.0,0.0
1682.300,168230,2,0.1,-3097932,6893,9235,0.0,0.0
1682.310,168231,2,0.1,10286656,6893,9235,0.0,0.0
1682.320,168232,2,0.1,15936862,6893,9235,0.0,0.0
1682.330,168233,2,0.1,6576623,6893,9235,0.0,0.0
1682.340,168234,2,0.1,7740737,6893,9235,0.0,0.0
1682.350,168235,2,0.1,-7319183,6893,9235,0.0,0.0
1682.360,168236,2,0.1,7528881,6893,9235,0.0,0.0
1682.370,168237,2,0.1,-18851047,6893,9235,0.0,0.0
1682.380,168238,2,0.1,-22500129,6893,9235,0.0,0.0
1682.390,168239,2,0.1,12717207,6893,9235,0.0,0.0
1682.400,168240,2,0.1,9309348,6893,9235,0.0,0.0
1682.410,168241,2,0.1,-2430372,6893,9235,0.0,0.0
1682.420,168242,2,0.1,14204079,6893,9235,0.0,0.0
1682.430,168243,2,0.1,-2714609,6893,9235,0.0,0.0
1682.440,168244,2,0.1,9011164,6893,9235,0.0,0.0
1682.450,168245,2,0.1,-4314565,6893,9235,0.0,0.0
1682.460,168246,2,0.1,4547838,6893,9235,0.0,0.0
1682.470,168247,2,0.1,-10885529,6893,9235,0.0,0.0
1682.480,168248,2,0.1,-3777667,6893,9235,0.0,0.0
1682.490,168249,2,0.1,-9154056,6893,9235,0.0,0.0
1682.500,168250,2,0.1,-18090340,6893,9235,0.0,0.0
1682.510,168251,2,0.1,-6300834,6893,9235,0.0,0.0
1682.520,168252,2,0.1,11157037,6893,9235,0.0,0.0
1682.530,168253,2,0.1,-18883399,6893,9235,0.0,0.0
1682.540,168254,2,0.1,10715526,6893,9235,0.0,0.0
1682.550,168255,2,0.1,-8925430,6893,9235,0.0,0.0
1682.560,168256,2,0.1,-8879082,6893,9235,0.0,0.0
1682.570,168257,2,0.1,-6073263,6893,9235,0.0,0.0
1682.580,168258,2,0.1,35333364,6893,9235,0.0,0.0
1682.590,168259,2,0.1,-19914844,6893,9235,0.0,0.0
1682.600,168260,2,0.1,-5976127,6893,9235,0.0,0.0
1682.610,168261,2,0.1,2974689,6893,9235,0.0,0.0
1682.620,168262,2,0.1,-23312910,6893,9235,0.0,0.0
1682.630,168263,2,0.1,17361514,6893,9235,0.0,0.0
1682.640,168264,2,0.1,-10394197,6893,9235,0.0,0.0
1682.650,168265,2,0.1,-10521069,6893,9235,0.0,0.0
1682.660,168266,2,0.1,-19783232,6893,9235,0.0,0.0
1682.670,168267,2,0.1,14628211,6893,9235,0.0,0.0
1682.680,168268,2,0.1,-1795681,6893,9235,0.0,0.0
1682.690,168269,2,0.1,-14799882,6893,9235,0.0,0.0
1682.700,168270,2,0.1,-35963826,6893,9235,0.0,0.0
1682.710,168271,2,0.1,-21533860,6893,9235,0.0,0.0
1682.720,168272,2,0.1,11841328,6893,9235,0.0,0.0
1682.730,168273,2,0.1,-27309088,6893,9235,0.0,0.0
1682.740,168274,2,0.1,8353252,6893,9235,0.0,0.0
1682.750,168275,2,0.1,-12300640,6893,9235,0.0,0.0
1682.760,168276,2,0.1,2724839,6893,9235,0.0,0.0
1682.770,168277,2,0.1,-6106206,6893,9235,0.0,0.0
1682.780,168278,2,0.1,-9937455,6893,9235,0.0,0.0
1682.790,168279,2,0.1,13263908,6893,9235,0.0,0.0
1682.800,168280,2,0.1,31357648,6893,9235,0.0,0.0
1682.810,168281,2,0.1,-14064236,6893,9235,0.0,0.0
1682.820,168282,2,0.1,638602,6893,9235,0.0,0.0
1682.830,168283,2,0.1,13543239,6893,9235,0.0,0.0
1682.840,168284,2,0.1,4918222,6893,9235,0.0,0.0
1682.850,168285,2,0.1,14210421,6893,9235,0.0,0.0
1682.860,168286,2,0.1,16895458,6893,9235,0.0,0.0
1682.870,168287,2,0.1,-11935288,6893,9235,0.0,0.0
1682.880,168288,2,0.1,-35758068,6893,9235,0.0,0.0
1682.890,168289,2,0.1,29136446,6893,9235,0.0,0.0
1682.900,168290,2,0.1,-14382004,6893,9235,0.0,0.0
1682.910,168291,2,0.1,-14919382,6893,9235,0.0,0.0
1682.920,168292,2,0.1,26696793,6893,9235,0.0,0.0
1682.930,168293,2,0.1,-11314898,6893,9235,0.0,0.0
1682.940,168294,2,0.1,-10983599,6893,9235,0.0,0.0
1682.950,168295,2,0.1,-23573591,6893,9235,0.0,0.0
1682.960,168296,2,0.1,-5116742,6893,9235,0.0,0.0
1682.970,168297,2,0.1,-17180451,6893,9235,0.0,0.0
1682.980,168298,2,0.1,-3367411,6893,9235,0.0,0.0
1682.990,168299,2,0.1,-36510306,6893,9235,0.0,0.0
1683.000,168300,2,0.1,-29788444,6893,9235,0.0,0.0
1683.010,168301,2,0.1,-14794146,6893,9235,0.0,0.0
1683.020,168302,2,0.1,-13725848,6893,9235,0.0,0.0
1683.030,168303,2,0.1,-22032137,6893,9235,0.0,0.0
1683.040,168304,2,0.1,-2056211,6893,9235,0.0,0.0
1683.050,168305,2,0.1,-3930762,6893,9235,0.0,0.0
1683.060,168306,2,0.1,-6886763,6893,9235,0.0,0.0
1683.070,168307,2,0.1,-13969399,6893,9235,0.0,0.0
1683.080,168308,2,0.1,-16680017,6893,9235,0.0,0.0
1683.090,168309,2,0.1,-2612949,6893,9235,0.0,0.0
1683.100,168310,2,0.1,-6503055,6893,9235,0.0,0.0
1683.110,168311,2,0.1,-37597912,6893,9235,0.0,0.0
1683.120,168312,2,0.1,-7455287,6893,9235,0.0,0.0
1683.130,168313,2,0.1,-20928568,6893,9235,0.0,0.0
1683.140,168314,2,0.1,8315993,6893,9235,0.0,0.0
1683.150,168315,2,0.1,-28202605,6893,9235,0.0,0.0
1683.160,168316,2,0.1,-12935641,6893,9235,0.0,0.0
1683.170,168317,2,0.1,-22375955,6893,9235,0.0,0.0
1683.180,168318,2,0.1,-17794580,6893,9235,0.0,0.0
1683.190,168319,2,0.1,25649622,6893,9235,0.0,0.0
1683.200,168320,2,0.1,-2090496,6893,9235,0.0,0.0
1683.210,168321,2,0.1,-1768079,6893,9235,0.0,0.0
1683.220,168322,2,0.1,-3839039,6893,9235,0.0,0.0
1683.230,168323,2,0.1,1675121,6893,9235,0.0,0.0
1683.240,168324,2,0.1,-7481334,6893,9235,0.0,0.0
1683.250,168325,2,0.1,-9417504,6893,9235,0.0,0.0
1683.260,168326,2,0.1,12939806,6893,9235,0.0,0.0
1683.270,168327,2,0.1,-19237643,6893,9235,0.0,0.0
1683.280,168328,2,0.1,749255,6893,9235,0.0,0.0
1683.290,168329,2,0.1,-19301604,6893,9235,0.0,0.0
1683.300,168330,2,0.1,-16249909,6893,9235,0.0,0.0
1683.310,168331,2,0.1,-12914378,6893,9235,0.0,0.0
1683.320,168332,2,0.1,-12572870,6893,9235,0.0,0.0
1683.330,168333,2,0.1,-6101942,6893,9235,0.0,0.0
1683.340,168334,2,0.1,15482852,6893,9235,0.0,0.0
1683.350,168335,2,0.1,-7110665,6893,9235,0.0,0.0
1683.360,168336,2,0.1,12365798,6893,9235,0.0,0.0
1683.370,168337,2,0.1,13783564,6893,9235,0.0,0.0
1683.380,168338,2,0.1,-24614408,6893,9235,0.0,0.0
1683.390,168339,2,0.1,4924821,6893,9235,0.0,0.0
1683.400,168340,2,0.1,25702061,6893,9235,0.0,0.0
1683.410,168341,2,0.1,-7066713,6893,9235,0.0,0.0
1683.420,168342,2,0.1,-21385128,6893,9235,0.0,0.0
1683.430,168343,2,0.1,-494007,6893,9235,0.0,0.0
1683.440,168344,2,0.1,12109472,6893,9235,0.0,0.0
1683.450,168345,2,0.1,-916304,6893,9235,0.0,0.0
1683.460,168346,2,0.1,5423475,6893,9235,0.0,0.0
1683.470,168347,2,0.1,12172942,6893,9235,0.0,0.0
1683.480,168348,2,0.1,5677587,6893,9235,0.0,0.0
1683.490,168349,2,0.1,15463107,6893,9235,0.0,0.0
1683.500,168350,2,0.1,-15231294,6893,9235,0.0,0.0
1683.510,168351,2,0.1,-6102244,6893,9235,0.0,0.0
1683.520,168352,2,0.1,-29634507,6893,9235,0.0,0.0
1683.530,168353,2,0.1,15392486,6893,9235,0.0,0.0
1683.540,168354,2,0.1,-19998691,6893,9235,0.0,0.0
1683.550,168355,2,0.1,-35490045,6893,9235,0.0,0.0
1683.560,168356,2,0.1,-7722110,6893,9235,0.0,0.0
1683.570,168357,2,0.1,-8090932,6893,9235,0.0,0.0
1683.580,168358,2,0.1,292563,6893,9235,0.0,0.0
1683.590,168359,2,0.1,1977913,6893,9235,0.0,0.0
1683.600,168360,2,0.1,3657702,6893,9235,0.0,0.0
1683.610,168361,2,0.1,14595634,6893,9235,0.0,0.0
1683.620,168362,2,0.1,-7940591,6893,9235,0.0,0.0
1683.630,168363,2,0.1,9460738,6893,9235,0.0,0.0
1683.640,168364,2,0.1,-7230081,6893,9235,0.0,0.0
1683.650,168365,2,0.1,-7380201,6893,9235,0.0,0.0
1683.660,168366,2,0.1,11176668,6893,9235,0.0,0.0
1683.670,168367,2,0.1,15532097,6893,9235,0.0,0.0
1683.680,168368,2,0.1,949647,6893,9235,0.0,0.0
1683.690,168369,2,0.1,12224831,6893,9235,0.0,0.0
1683.700,168370,2,0.1,11959123,6893,9235,0.0,0.0
1683.710,168371,2,0.1,-9052589,6893,9235,0.0,0.0
1683.720,168372,2,0.1,-21718255,6893,9235,0.0,0.0
1683.730,168373,2,0.1,-19246803,6893,9235,0.0,0.0
1683.740,168374,2,0.1,-6180782,6893,9235,0.0,0.0
1683.750,168375,2,0.1,66905,6893,9235,0.0,0.0
1683.760,168376,2,0.1,12986261,6893,9235,0.0,0.0
1683.770,168377,2,0.1,1104808,6893,9235,0.0,0.0
1683.780,168378,2,0.1,-32277808,6893,9235,0.0,0.0
1683.790,168379,2,0.1,-11942450,6893,9235,0.0,0.0
1683.800,168380,2,0.1,-11810708,6893,9235,0.0,0.0
1683.810,168381,2,0.1,2851046,6893,9235,0.0,0.0
1683.820,168382,2,0.1,8992993,6893,9235,0.0,0.0
1683.830,168383,2,0.1,3992910,6893,9235,0.0,0.0
1683.840,168384,2,0.1,-27071767,6893,9235,0.0,0.0
1683.850,168385,2,0.1,14524880,6893,9235,0.0,0.0
1683.860,168386,2,0.1,-7792845,6893,9235,0.0,0.0
1683.870,168387,2,0.1,7432974,6893,9235,0.0,0.0
1683.880,168388,2,0.1,6409584,6893,9235,0.0,0.0
1683.890,168389,2,0.1,-1000205,6893,9235,0.0,0.0
1683.900,168390,2,0.1,7891335,6893,9235,0.0,0.0
1683.910,168391,2,0.1,-27040854,6893,9235,0.0,0.0
1683.920,168392,2,0.1,-1541829,6893,9235,0.0,0.0
1683.930,168393,2,0.1,15285461,6893,9235,0.0,0.0
1683.940,168394,2,0.1,-7797245,6893,9235,0.0,0.0
1683.950,168395,2,0.1,-27142185,6893,9235,0.0,0.0
1683.960,168396,2,0.1,11955059,6893,9235,0.0,0.0
1683.970,168397,2,0.1,27073020,6893,9235,0.0,0.0
1683.980,168398,2,0.1,-2572463,6893,9235,0.0,0.0
1683.990,168399,2,0.1,-12463223,6893,9235,0.0,0.0
1684.000,168400,2,0.1,-11466305,6893,9235,0.0,0.0
1684.010,168401,2,0.1,27241390,6893,9235,0.0,0.0
1684.020,168402,2,0.1,-1867831,6893,9235,0.0,0.0
1684.030,168403,2,0.1,14257614,6893,9235,0.0,0.0
1684.040,168404,2,0.1,-15270647,6893,9235,0.0,0.0
1684.050,168405,2,0.1,-26795676,6893,9235,0.0,0.0
1684.060,168406,2,0.1,5293150,6893,9235,0.0,0.0
1684.070,168407,2,0.1,-10727498,6893,9235,0.0,0.0
1684.080,168408,2,0.1,12242708,6893,9235,0.0,0.0
1684.090,168409,2,0.1,20349033,6893,9235,0.0,0.0
1684.100,168410,2,0.1,-19282366,6893,9235,0.0,0.0
1684.110,168411,2,0.1,-42367172,6893,9235,0.0,0.0
1684.120,168412,2,0.1,24220066,6893,9235,0.0,0.0
1684.130,168413,2,0.1,40169729,6893,9235,0.0,0.0
1684.140,168414,2,0.1,-12432874,6893,9235,0.0,0.0
1684.150,168415,2,0.1,6866965,6893,9235,0.0,0.0
1684.160,168416,2,0.1,12013896,6893,9235,0.0,0.0
1684.170,168417,2,0.1,-25483563,6893,9235,0.0,0.0
1684.180,168418,2,0.1,-9209865,6893,9235,0.0,0.0
1684.190,168419,2,0.1,-9351518,6893,9235,0.0,0.0
1684.200,168420,2,0.1,-293027,6893,9235,0.0,0.0
1684.210,168421,2,0.1,-4261453,6893,9235,0.0,0.0
1684.220,168422,2,0.1,-8394110,6893,9235,0.0,0.0
1684.230,168423,2,0.1,34176486,6893,9235,0.0,0.0
1684.240,168424,2,0.1,-18509610,6893,9235,0.0,0.0
1684.250,168425,2,0.1,-8733310,6893,9235,0.0,0.0
1684.260,168426,2,0.1,2500062,6893,9235,0.0,0.0
1684.270,168427,2,0.1,7285466,6893,9235,0.0,0.0
1684.280,168428,2,0.1,-4794073,6893,9235,0.0,0.0
1684.290,168429,2,0.1,-11185955,6893,9235,0.0,0.0
1684.300,168430,2,0.1,-8378457,6893,9235,0.0,0.0
1684.310,168431,2,0.1,6504006,6893,9235,0.0,0.0
1684.320,168432,2,0.1,6536262,6893,9235,0.0,0.0
1684.330,168433,2,0.1,5841566,6893,9235,0.0,0.0
1684.340,168434,2,0.1,24446570,6893,9235,0.0,0.0
1684.350,168435,2,0.1,33213433,6893,9235,0.0,0.0
1684.360,168436,2,0.1,-16602657,6893,9235,0.0,0.0
1684.370,168437,2,0.1,6838188,6893,9235,0.0,0.0
1684.380,168438,2,0.1,-5900666,6893,9235,0.0,0.0
1684.390,168439,2,0.1,-1551479,6893,9235,0.0,0.0
1684.400,168440,2,0.1,4559121,6893,9235,0.0,0.0
1684.410,168441,2,0.1,-13813361,6893,9235,0.0,0.0
1684.420,168442,2,0.1,17930091,6893,9235,0.0,0.0
1684.430,168443,2,0.1,104892,6893,9235,0.0,0.0
1684.440,168444,2,0.1,-1903298,6893,9235,0.0,0.0
1684.450,168445,2,0.1,19265288,6893,9235,0.0,0.0
1684.460,168446,2,0.1,-20114187,6893,9235,0.0,0.0
1684.470,168447,2,0.1,-24560866,6893,9235,0.0,0.0
1684.480,168448,2,0.1,-16364457,6893,9235,0.0,0.0
1684.490,168449,2,0.1,828215,6893,9235,0.0,0.0
1684.500,168450,2,0.1,17383007,6893,9235,0.0,0.0
1684.510,168451,2,0.1,352550,6893,9235,0.0,0.0
1684.520,168452,2,0.1,-4506850,6893,9235,0.0,0.0
1684.530,168453,2,0.1,-37494712,6893,9235,0.0,0.0
1684.540,168454,2,0.1,-19176960,6893,9235,0.0,0.0
1684.550,168455,2,0.1,-15927780,6893,9235,0.0,0.0
1684.560,168456,2,0.1,-321280,6893,9235,0.0,0.0
1684.570,168457,2,0.1,-1207325,6893,9235,0.0,0.0
1684.580,168458,2,0.1,-8450095,6893,9235,0.0,0.0
1684.590,168459,2,0.1,15909369,6893,9235,0.0,0.0
1684.600,168460,2,0.1,25877584,6893,9235,0.0,0.0
1684.610,168461,2,0.1,-2715809,6893,9235,0.0,0.0
1684.620,168462,2,0.1,-30837509,6893,9235,0.0,0.0
1684.630,168463,2,0.1,-12184098,6893,9235,0.0,0.0
1684.640,168464,2,0.1,-18002687,6893,9235,0.0,0.0
1684.650,168465,2,0.1,-18370603,6893,9235,0.0,0.0
1684.660,168466,2,0.1,-9100803,6893,9235,0.0,0.0
1684.670,168467,2,0.1,-40784810,6893,9235,0.0,0.0
1684.680,168468,2,0.1,-9210961,6893,9235,0.0,0.0
1684.690,168469,2,0.1,-6758354,6893,9235,0.0,0.0
1684.700,168470,2,0.1,3075481,6893,9235,0.0,0.0
1684.710,168471,2,0.1,-14322594,6893,9235,0.0,0.0
1684.720,168472,2,0.1,12866840,6893,9235,0.0,0.0
1684.730,168473,2,0.1,17122340,6893,9235,0.0,0.0
1684.740,168474,2,0.1,13583734,6893,9235,0.0,0.0
1684.750,168475,2,0.1,3049072,6893,9235,0.0,0.0
1684.760,168476,2,0.1,-761731,6893,9235,0.0,0.0
1684.770,168477,2,0.1,3550409,6893,9235,0.0,0.0
1684.780,168478,2,0.1,-6582662,6893,9235,0.0,0.0
1684.790,168479,2,0.1,-17228810,6893,9235,0.0,0.0
1684.800,168480,2,0.1,10309658,6893,9235,0.0,0.0
1684.810,168481,2,0.1,2754827,6893,9235,0.0,0.0
1684.820,168482,2,0.1,6233905,6893,9235,0.0,0.0
1684.830,168483,2,0.1,-51102101,6893,9235,0.0,0.0
1684.840,168484,2,0.1,-25802919,6893,9235,0.0,0.0
1684.850,168485,2,0.1,-17088727,6893,9235,0.0,0.0
1684.860,168486,2,0.1,-15830984,6893,9235,0.0,0.0
1684.870,168487,2,0.1,11067772,6893,9235,0.0,0.0
1684.880,168488,2,0.1,-18038552,6893,9235,0.0,0.0
1684.890,168489,2,0.1,-13189394,6893,9235,0.0,0.0
1684.900,168490,2,0.1,3841951,6893,9235,0.0,0.0
1684.910,168491,2,0.1,10576521,6893,9235,0.0,0.0
1684.920,168492,2,0.1,3905293,6893,9235,0.0,0.0
1684.930,168493,2,0.1,233961,6893,9235,0.0,0.0
1684.940,168494,2,0.1,-6961414,6893,9235,0.0,0.0
1684.950,168495,2,0.1,4715222,6893,9235,0.0,0.0
1684.960,168496,2,0.1,-11860093,6893,9235,0.0,0.0
1684.970,168497,2,0.1,-6641375,6893,9235,0.0,0.0
1684.980,168498,2,0.1,-18376264,6893,9235,0.0,0.0
1684.990,168499,2,0.1,-21295485,6893,9235,0.0,0.0
1685.000,168500,2,0.1,-22576092,6893,9235,0.0,0.0
1685.010,168501,2,0.1,-1840607,6893,9235,0.0,0.0
1685.020,168502,2,0.1,20092799,6893,9235,0.0,0.0
1685.030,168503,2,0.1,9422123,6893,9235,0.0,0.0
1685.040,168504,2,0.1,-8496097,6893,9235,0.0,0.0
1685.050,168505,2,0.1,15505040,6893,9235,0.0,0.0
1685.060,168506,2,0.1,-28230568,6893,9235,0.0,0.0
1685.070,168507,2,0.1,26263752,6893,9235,0.0,0.0
1685.080,168508,2,0.1,14868415,6893,9235,0.0,0.0
1685.090,168509,2,0.1,-18902068,6893,9235,0.0,0.0
1685.100,168510,2,0.1,-26164128,6893,9235,0.0,0.0
1685.110,168511,2,0.1,-747518,6893,9235,0.0,0.0
1685.120,168512,2,0.1,22791062,6893,9235,0.0,0.0
1685.130,168513,2,0.1,4502956,6893,9235,0.0,0.0
1685.140,168514,2,0.1,22819659,6893,9235,0.0,0.0
1685.150,168515,2,0.1,-7877414,6893,9235,0.0,0.0
1685.160,168516,2,0.1,7021742,6893,9235,0.0,0.0
1685.170,168517,2,0.1,-417614,6893,9235,0.0,0.0
1685.180,168518,2,0.1,-20299654,6893,9235,0.0,0.0
1685.190,168519,2,0.1,-4437438,6893,9235,0.0,0.0
1685.200,168520,2,0.1,29529845,6893,9235,0.0,0.0
1685.210,168521,2,0.1,2005003,6893,9235,0.0,0.0
1685.220,168522,2,0.1,2550966,6893,9235,0.0,0.0
1685.230,168523,2,0.1,-17650604,6893,9235,0.0,0.0
1685.240,168524,2,0.1,-7296377,6893,9235,0.0,0.0
1685.250,168525,2,0.1,-14906150,6893,9235,0.0,0.0
1685.260,168526,2,0.1,-3417838,6893,9235,0.0,0.0
1685.270,168527,2,0.1,19646829,6893,9235,0.0,0.0
1685.280,168528,2,0.1,-21909467,6893,9235,0.0,0.0
1685.290,168529,2,0.1,-748303,6893,9235,0.0,0.0
1685.300,168530,2,0.1,-129724,6893,9235,0.0,0.0
1685.310,168531,2,0.1,-15421851,6893,9235,0.0,0.0
1685.320,168532,2,0.1,12680201,6893,9235,0.0,0.0
1685.330,168533,2,0.1,-2172036,6893,9235,0.0,0.0
1685.340,168534,2,0.1,13175772,6893,9235,0.0,0.0
1685.350,168535,2,0.1,384034,6893,9235,0.0,0.0
1685.360,168536,2,0.1,8482873,6893,9235,0.0,0.0
1685.370,168537,2,0.1,15013411,6893,9235,0.0,0.0
1685.380,168538,2,0.1,-14579163,6893,9235,0.0,0.0
1685.390,168539,2,0.1,730462,6893,9235,0.0,0.0
1685.400,168540,2,0.1,8143293,6893,9235,0.0,0.0
1685.410,168541,2,0.1,-32323977,6893,9235,0.0,0.0
1685.420,168542,2,0.1,6141985,6893,9235,0.0,0.0
1685.430,168543,2,0.1,-29496731,6893,9235,0.0,0.0
1685.440,168544,2,0.1,-16337624,6893,9235,0.0,0.0
1685.450,168545,2,0.1,-26336093,6893,9235,0.0,0.0
1685.460,168546,2,0.1,-5972051,6893,9235,0.0,0.0
1685.470,168547,2,0.1,-25934842,6893,9235,0.0,0.0
1685.480,168548,2,0.1,49003,6893,9235,0.0,0.0
1685.490,168549,2,0.1,24192198,6893,9235,0.0,0.0
1685.500,168550,2,0.1,-3457552,6893,9235,0.0,0.0
1685.510,168551,2,0.1,-8827135,6893,9235,0.0,0.0
1685.520,168552,2,0.1,-3935232,6893,9235,0.0,0.0
1685.530,168553,2,0.1,-29455207,6893,9235,0.0,0.0
1685.540,168554,2,0.1,12963803,6893,9235,0.0,0.0
1685.550,168555,2,0.1,-14560506,6893,9235,0.0,0.0
1685.560,168556,2,0.1,-14400711,6893,9235,0.0,0.0
1685.570,168557,2,0.1,-3028287,6893,9235,0.0,0.0
1685.580,168558,2,0.1,8884490,6893,9235,0.0,0.0
1685.590,168559,2,0.1,-7455270,6893,9235,0.0,0.0
1685.600,168560,2,0.1,1940445,6893,9235,0.0,0.0
1685.610,168561,2,0.1,-10680250,6893,9235,0.0,0.0
1685.620,168562,2,0.1,-28416410,6893,9235,0.0,0.0
1685.630,168563,2,0.1,-1432670,6893,9235,0.0,0.0
1685.640,168564,2,0.1,10635772,6893,9235,0.0,0.0
1685.650,168565,2,0.1,-14099855,6893,9235,0.0,0.0
1685.660,168566,2,0.1,-18013804,6893,9235,0.0,0.0
1685.670,168567,2,0.1,-10758370,6893,9235,0.0,0.0
1685.680,168568,2,0.1,-5525316,6893,9235,0.0,0.0
1685.690,168569,2,0.1,-5548956,6893,9235,0.0,0.0
1685.700,168570,2,0.1,-22365817,6893,9235,0.0,0.0
1685.710,168571,2,0.1,-21978993,6893,9235,0.0,0.0
1685.720,168572,2,0.1,-30750274,6893,9235,0.0,0.0
1685.730,168573,2,0.1,7163620,6893,9235,0.0,0.0
1685.740,168574,2,0.1,16139878,6893,9235,0.0,0.0
1685.750,168575,2,0.1,5316085,6893,9235,0.0,0.0
1685.760,168576,2,0.1,2105022,6893,9235,0.0,0.0
1685.770,168577,2,0.1,-2230846,6893,9235,0.0,0.0
1685.780,168578,2,0.1,22797110,6893,9235,0.0,0.0
1685.790,168579,2,0.1,7844439,6893,9235,0.0,0.0
1685.800,168580,2,0.1,23086948,6893,9235,0.0,0.0
1685.810,168581,2,0.1,-20231135,6893,9235,0.0,0.0
1685.820,168582,2,0.1,-38474790,6893,9235,0.0,0.0
1685.830,168583,2,0.1,-19802433,6893,9235,0.0,0.0
1685.840,168584,2,0.1,-20212834,6893,9235,0.0,0.0
1685.850,168585,2,0.1,-18255493,6893,9235,0.0,0.0
1685.860,168586,2,0.1,-2605030,6893,9235,0.0,0.0
1685.870,168587,2,0.1,-4215785,6893,9235,0.0,0.0
1685.880,168588,2,0.1,-15921786,6893,9235,0.0,0.0
1685.890,168589,2,0.1,27493426,6893,9235,0.0,0.0
1685.900,168590,2,0.1,-18988393,6893,9235,0.0,0.0
1685.910,168591,2,0.1,-31311385,6893,9235,0.0,0.0
1685.920,168592,2,0.1,7867141,6893,9235,0.0,0.0
1685.930,168593,2,0.1,-14368622,6893,9235,0.0,0.0
1685.940,168594,2,0.1,-21862515,6893,9235,0.0,0.0
1685.950,168595,2,0.1,-22098047,6893,9235,0.0,0.0
1685.960,168596,2,0.1,10296132,6893,9235,0.0,0.0
1685.970,168597,2,0.1,3043313,6893,9235,0.0,0.0
1685.980,168598,2,0.1,24636632,6893,9235,0.0,0.0
1685.990,168599,2,0.1,-11382809,6893,9235,0.0,0.0
1686.000,168600,2,0.1,-15904986,6893,9235,0.0,0.0
1686.010,168601,2,0.1,-40414556,6893,9235,0.0,0.0
1686.020,168602,2,0.1,-14410630,6893,9235,0.0,0.0
1686.030,168603,2,0.1,-8338659,6893,9235,0.0,0.0
1686.040,168604,2,0.1,15616749,6893,9235,0.0,0.0
1686.050,168605,2,0.1,-26283773,6893,9235,0.0,0.0
1686.060,168606,2,0.1,-28283395,6893,9235,0.0,0.0
1686.070,168607,2,0.1,-1985335,6893,9235,0.0,0.0
1686.080,168608,2,0.1,-22658426,6893,9235,0.0,0.0
1686.090,168609,2,0.1,4004932,6893,9235,0.0,0.0
1686.100,168610,2,0.1,-2630880,6893,9235,0.0,0.0
1686.110,168611,2,0.1,-41470682,6893,9235,0.0,0.0
1686.120,168612,2,0.1,-13794666,6893,9235,0.0,0.0
1686.130,168613,2,0.1,-6533380,6893,9235,0.0,0.0
1686.140,168614,2,0.1,-6599372,6893,9235,0.0,0.0
1686.150,168615,2,0.1,17096208,6893,9235,0.0,0.0
1686.160,168616,2,0.1,7748632,6893,9235,0.0,0.0
1686.170,168617,2,0.1,11029372,6893,9235,0.0,0.0
1686.180,168618,2,0.1,-7637800,6893,9235,0.0,0.0
1686.190,168619,2,0.1,-14121431,6893,9235,0.0,0.0
1686.200,168620,2,0.1,-11663120,6893,9235,0.0,0.0
1686.210,168621,2,0.1,-29193510,6893,9235,0.0,0.0
1686.220,168622,2,0.1,1257784,6893,9235,0.0,0.0
1686.230,168623,2,0.1,-13611065,6893,9235,0.0,0.0
1686.240,168624,2,0.1,-9074320,6893,9235,0.0,0.0
1686.250,168625,2,0.1,18668680,6893,9235,0.0,0.0
1686.260,168626,2,0.1,518952,6893,9235,0.0,0.0
1686.270,168627,2,0.1,-14166058,6893,9235,0.0,0.0
1686.280,168628,2,0.1,-31047647,6893,9235,0.0,0.0
1686.290,168629,2,0.1,-14711842,6893,9235,0.0,0.0
1686.300,168630,2,0.1,-18150964,6893,9235,0.0,0.0
1686.310,168631,2,0.1,-10835456,6893,9235,0.0,0.0
1686.320,168632,2,0.1,-16293008,6893,9235,0.0,0.0
1686.330,168633,2,0.1,18981945,6893,9235,0.0,0.0
1686.340,168634,2,0.1,-11764513,6893,9235,0.0,0.0
1686.350,168635,2,0.1,8257116,6893,9235,0.0,0.0
1686.360,168636,2,0.1,-18493449,6893,9235,0.0,0.0
1686.370,168637,2,0.1,14304424,6893,9235,0.0,0.0
1686.380,168638,2,0.1,-3410401,6893,9235,0.0,0.0
1686.390,168639,2,0.1,-22873589,6893,9235,0.0,0.0
1686.400,168640,2,0.1,14564018,6893,9235,0.0,0.0
1686.410,168641,2,0.1,-16882094,6893,9235,0.0,0.0
1686.420,168642,2,0.1,11562754,6893,9235,0.0,0.0
1686.430,168643,2,0.1,-37893785,6893,9235,0.0,0.0
1686.440,168644,2,0.1,11894582,6893,9235,0.0,0.0
1686.450,168645,2,0.1,31926636,6893,9235,0.0,0.0
1686.460,168646,2,0.1,-11757092,6893,9235,0.0,0.0
1686.470,168647,2,0.1,-2245419,6893,9235,0.0,0.0
1686.480,168648,2,0.1,-9030384,6893,9235,0.0,0.0
1686.490,168649,2,0.1,2532231,6893,9235,0.0,0.0
1686.500,168650,2,0.1,-13944641,6893,9235,0.0,0.0
1686.510,168651,2,0.1,6793410,6893,9235,0.0,0.0
1686.520,168652,2,0.1,19141521,6893,9235,0.0,0.0
1686.530,168653,2,0.1,1234825,6893,9235,0.0,0.0
1686.540,168654,2,0.1,-39066160,6893,9235,0.0,0.0
1686.550,168655,2,0.1,27319641,6893,9235,0.0,0.0
1686.560,168656,2,0.1,-14018782,6893,9235,0.0,0.0
1686.570,168657,2,0.1,21075132,6893,9235,0.0,0.0
1686.580,168658,2,0.1,-7604583,6893,9235,0.0,0.0
1686.590,168659,2,0.1,-351615,6893,9235,0.0,0.0
1686.600,168660,2,0.1,1220602,6893,9235,0.0,0.0
1686.610,168661,2,0.1,3640710,6893,9235,0.0,0.0
1686.620,168662,2,0.1,-5412879,6893,9235,0.0,0.0
1686.630,168663,2,0.1,-6179386,6893,9235,0.0,0.0
1686.640,168664,2,0.1,5754260,6893,9235,0.0,0.0
1686.650,168665,2,0.1,-20456822,6893,9235,0.0,0.0
1686.660,168666,2,0.1,11601259,6893,9235,0.0,0.0
1686.670,168667,2,0.1,2829928,6893,9235,0.0,0.0
1686.680,168668,2,0.1,-27812553,6893,9235,0.0,0.0
1686.690,168669,2,0.1,24288861,6893,9235,0.0,0.0
1686.700,168670,2,0.1,-41996063,6893,9235,0.0,0.0
1686.710,168671,2,0.1,-1311430,6893,9235,0.0,0.0
1686.720,168672,2,0.1,-16796975,6893,9235,0.0,0.0
1686.730,168673,2,0.1,6961373,6893,9235,0.0,0.0
1686.740,168674,2,0.1,-536567,6893,9235,0.0,0.0
1686.750,168675,2,0.1,-18697511,6893,9235,0.0,0.0
1686.760,168676,2,0.1,-32223541,6893,9235,0.0,0.0
1686.770,168677,2,0.1,8278644,6893,9235,0.0,0.0
1686.780,168678,2,0.1,-13781258,6893,9235,0.0,0.0
1686.790,168679,2,0.1,-33824957,6893,9235,0.0,0.0
1686.800,168680,2,0.1,-4381317,6893,9235,0.0,0.0
1686.810,168681,2,0.1,128595,6893,9235,0.0,0.0
1686.820,168682,2,0.1,13378018,6893,9235,0.0,0.0
1686.830,168683,2,0.1,-11915243,6893,9235,0.0,0.0
1686.840,168684,2,0.1,-1736014,6893,9235,0.0,0.0
1686.850,168685,2,0.1,-6803398,6893,9235,0.0,0.0
1686.860,168686,2,0.1,-28437971,6893,9235,0.0,0.0
1686.870,168687,2,0.1,-9431457,6893,9235,0.0,0.0
1686.880,168688,2,0.1,14852425,6893,9235,0.0,0.0
1686.890,168689,2,0.1,-7548972,6893,9235,0.0,0.0
1686.900,168690,2,0.1,-3227964,6893,9235,0.0,0.0
1686.910,168691,2,0.1,-12684011,6893,9235,0.0,0.0
1686.920,168692,2,0.1,18086224,6893,9235,0.0,0.0
1686.930,168693,2,0.1,-7729526,6893,9235,0.0,0.0
1686.940,168694,2,0.1,-35369118,6893,9235,0.0,0.0
1686.950,168695,2,0.1,-10742708,6893,9235,0.0,0.0
1686.960,168696,2,0.1,21901813,6893,9235,0.0,0.0
1686.970,168697,2,0.1,9134442,6893,9235,0.0,0.0
1686.980,168698,2,0.1,8535696,6893,9235,0.0,0.0
1686.990,168699,2,0.1,18894301,6893,9235,0.0,0.0
1687.000,168700,2,0.1,1593426,6893,9235,0.0,0.0
1687.010,168701,2,0.1,-9208218,6893,9235,0.0,0.0
1687.020,168702,2,0.1,-17001661,6893,9235,0.0,0.0
1687.030,168703,2,0.1,812169,6893,9235,0.0,0.0
1687.040,168704,2,0.1,-11728517,6893,9235,0.0,0.0
1687.050,168705,2,0.1,-11160981,6893,9235,0.0,0.0
1687.060,168706,2,0.1,-5240225,6893,9235,0.0,0.0
1687.070,168707,2,0.1,-4531577,6893,9235,0.0,0.0
1687.080,168708,2,0.1,-13213836,6893,9235,0.0,0.0
1687.090,168709,2,0.1,-19609527,6893,9235,0.0,0.0
1687.100,168710,2,0.1,13317153,6893,9235,0.0,0.0
1687.110,168711,2,0.1,2331130,6893,9235,0.0,0.0
1687.120,168712,2,0.1,4099037,6893,9235,0.0,0.0
1687.130,168713,2,0.1,-4419898,6893,9235,0.0,0.0
1687.140,168714,2,0.1,-11564533,6893,9235,0.0,0.0
1687.150,168715,2,0.1,-19519159,6893,9235,0.0,0.0
1687.160,168716,2,0.1,-14589211,6893,9235,0.0,0.0
1687.170,168717,2,0.1,-16382858,6893,9235,0.0,0.0
1687.180,168718,2,0.1,-29043968,6893,9235,0.0,0.0
1687.190,168719,2,0.1,15857256,6893,9235,0.0,0.0
1687.200,168720,2,0.1,-7884931,6893,9235,0.0,0.0
1687.210,168721,2,0.1,-32151075,6893,9235,0.0,0.0
1687.220,168722,2,0.1,-4878704,6893,9235,0.0,0.0
1687.230,168723,2,0.1,-37004742,6893,9235,0.0,0.0
1687.240,168724,2,0.1,18314428,6893,9235,0.0,0.0
1687.250,168725,2,0.1,-1572779,6893,9235,0.0,0.0
1687.260,168726,2,0.1,-1186867,6893,9235,0.0,0.0
1687.270,168727,2,0.1,-11164276,6893,9235,0.0,0.0
1687.280,168728,2,0.1,-2370136,6893,9235,0.0,0.0
1687.290,168729,2,0.1,7014929,6893,9235,0.0,0.0
1687.300,168730,2,0.1,-9797,6893,9235,0.0,0.0
1687.310,168731,2,0.1,11711521,6893,9235,0.0,0.0
1687.320,168732,2,0.1,-14418003,6893,9235,0.0,0.0
1687.330,168733,2,0.1,-45803848,6893,9235,0.0,0.0
1687.340,168734,2,0.1,8844517,6893,9235,0.0,0.0
1687.350,168735,2,0.1,-28295130,6893,9235,0.0,0.0
1687.360,168736,2,0.1,4807951,6893,9235,0.0,0.0
1687.370,168737,2,0.1,-43938702,6893,9235,0.0,0.0
1687.380,168738,2,0.1,-10325345,6893,9235,0.0,0.0
1687.390,168739,2,0.1,12025619,6893,9235,0.0,0.0
1687.400,168740,2,0.1,3011462,6893,9235,0.0,0.0
1687.410,168741,2,0.1,-20139373,6893,9235,0.0,0.0
1687.420,168742,2,0.1,10323124,6893,9235,0.0,0.0
1687.430,168743,2,0.1,-20826669,6893,9235,0.0,0.0
1687.440,168744,2,0.1,-14186542,6893,9235,0.0,0.0
1687.450,168745,2,0.1,-12991406,6893,9235,0.0,0.0
1687.460,168746,2,0.1,-12969096,6893,9235,0.0,0.0
1687.470,168747,2,0.1,-13536362,6893,9235,0.0,0.0
1687.480,168748,2,0.1,3874334,6893,9235,0.0,0.0
1687.490,168749,2,0.1,-13887973,6893,9235,0.0,0.0
1687.500,168750,2,0.1,-22229277,6893,9235,0.0,0.0
1687.510,168751,2,0.1,-39025440,6893,9235,0.0,0.0
1687.520,168752,2,0.1,-502133,6893,9235,0.0,0.0
1687.530,168753,2,0.1,-6341237,6893,9235,0.0,0.0
1687.540,168754,2,0.1,16617946,6893,9235,0.0,0.0
1687.550,168755,2,0.1,-2559820,6893,9235,0.0,0.0
1687.560,168756,2,0.1,24740346,6893,9235,0.0,0.0
1687.570,168757,2,0.1,-17978247,6893,9235,0.0,0.0
1687.580,168758,2,0.1,-21966723,6893,9235,0.0,0.0
1687.590,168759,2,0.1,-47165898,6893,9235,0.0,0.0
1687.600,168760,2,0.1,-3104898,6893,9235,0.0,0.0
1687.610,168761,2,0.1,-14300698,6893,9235,0.0,0.0
1687.620,168762,2,0.1,3206424,6893,9235,0.0,0.0
1687.630,168763,2,0.1,12766836,6893,9235,0.0,0.0
1687.640,168764,2,0.1,-20187988,6893,9235,0.0,0.0
1687.650,168765,2,0.1,4901920,6893,9235,0.0,0.0
1687.660,168766,2,0.1,-7005935,6893,9235,0.0,0.0
1687.670,168767,2,0.1,-11452797,6893,9235,0.0,0.0
1687.680,168768,2,0.1,3191560,6893,9235,0.0,0.0
1687.690,168769,2,0.1,18007251,6893,9235,0.0,0.0
1687.700,168770,2,0.1,-13618754,6893,9235,0.0,0.0
1687.710,168771,2,0.1,40841824,6893,9235,0.0,0.0
1687.720,168772,2,0.1,-7130330,6893,9235,0.0,0.0
1687.730,168773,2,0.1,-2411268,6893,9235,0.0,0.0
1687.740,168774,2,0.1,-27578923,6893,9235,0.0,0.0
1687.750,168775,2,0.1,4646006,6893,9235,0.0,0.0
1687.760,168776,2,0.1,-7155221,6893,9235,0.0,0.0
1687.770,168777,2,0.1,-10771124,6893,9235,0.0,0.0
1687.780,168778,2,0.1,-19313514,6893,9235,0.0,0.0
1687.790,168779,2,0.1,-10795209,6893,9235,0.0,0.0
1687.800,168780,2,0.1,14226481,6893,9235,0.0,0.0
1687.810,168781,2,0.1,-11536662,6893,9235,0.0,0.0
1687.820,168782,2,0.1,-7755116,6893,9235,0.0,0.0
1687.830,168783,2,0.1,-19338315,6893,9235,0.0,0.0
1687.840,168784,2,0.1,-11984770,6893,9235,0.0,0.0
1687.850,168785,2,0.1,2270456,6893,9235,0.0,0.0
1687.860,168786,2,0.1,18033071,6893,9235,0.0,0.0
1687.870,168787,2,0.1,-6019607,6893,9235,0.0,0.0
1687.880,168788,2,0.1,21597291,6893,9235,0.0,0.0
1687.890,168789,2,0.1,14062826,6893,9235,0.0,0.0
1687.900,168790,2,0.1,-6047283,6893,9235,0.0,0.0
1687.910,168791,2,0.1,17179474,6893,9235,0.0,0.0
1687.920,168792,2,0.1,3447016,6893,9235,0.0,0.0
1687.930,168793,2,0.1,-16473166,6893,9235,0.0,0.0
1687.940,168794,2,0.1,-11158924,6893,9235,0.0,0.0
1687.950,168795,2,0.1,-11462072,6893,9235,0.0,0.0
1687.960,168796,2,0.1,-7851073,6893,9235,0.0,0.0
1687.970,168797,2,0.1,-9891020,6893,9235,0.0,0.0
1687.980,168798,2,0.1,31184889,6893,9235,0.0,0.0
1687.990,168799,2,0.1,-1703730,6893,9235,0.0,0.0
1688.000,168800,2,0.1,-7012481,6893,9235,0.0,0.0
1688.010,168801,2,0.1,-40221279,6893,9235,0.0,0.0
1688.020,168802,2,0.1,-20923879,6893,9235,0.0,0.0
1688.030,168803,2,0.1,-1682437,6893,9235,0.0,0.0
1688.040,168804,2,0.1,-5699775,6893,9235,0.0,0.0
1688.050,168805,2,0.1,931597,6893,9235,0.0,0.0
1688.060,168806,2,0.1,-9244104,6893,9235,0.0,0.0
1688.070,168807,2,0.1,-15732175,6893,9235,0.0,0.0
1688.080,168808,2,0.1,10647541,6893,9235,0.0,0.0
1688.090,168809,2,0.1,-31818868,6893,9235,0.0,0.0
1688.100,168810,2,0.1,-13146774,6893,9235,0.0,0.0
1688.110,168811,2,0.1,21860532,6893,9235,0.0,0.0
1688.120,168812,2,0.1,-1151569,6893,9235,0.0,0.0
1688.130,168813,2,0.1,1650670,6893,9235,0.0,0.0
1688.140,168814,2,0.1,-13652365,6893,9235,0.0,0.0
1688.150,168815,2,0.1,-3270080,6893,9235,0.0,0.0
1688.160,168816,2,0.1,-4494116,6893,9235,0.0,0.0
1688.170,168817,2,0.1,12371696,6893,9235,0.0,0.0
1688.180,168818,2,0.1,14428482,6893,9235,0.0,0.0
1688.190,168819,2,0.1,-20397200,6893,9235,0.0,0.0
1688.200,168820,2,0.1,-14265679,6893,9235,0.0,0.0
1688.210,168821,2,0.1,-8604000,6893,9235,0.0,0.0
1688.220,168822,2,0.1,-23617559,6893,9235,0.0,0.0
1688.230,168823,2,0.1,10877940,6893,9235,0.0,0.0
1688.240,168824,2,0.1,2781390,6893,9235,0.0,0.0
1688.250,168825,2,0.1,-17791027,6893,9235,0.0,0.0
1688.260,168826,2,0.1,5309874,6893,9235,0.0,0.0
1688.270,168827,2,0.1,-9313678,6893,9235,0.0,0.0
1688.280,168828,2,0.1,-11004525,6893,9235,0.0,0.0
1688.290,168829,2,0.1,-26456345,6893,9235,0.0,0.0
1688.300,168830,2,0.1,-14695583,6893,9235,0.0,0.0
1688.310,168831,2,0.1,26142062,6893,9235,0.0,0.0
1688.320,168832,2,0.1,-17698021,6893,9235,0.0,0.0
1688.330,168833,2,0.1,-8036829,6893,9235,0.0,0.0
1688.340,168834,2,0.1,12557970,6893,9235,0.0,0.0
1688.350,168835,2,0.1,-7079160,6893,9235,0.0,0.0
1688.360,168836,2,0.1,-16954669,6893,9235,0.0,0.0
1688.370,168837,2,0.1,12963850,6893,9235,0.0,0.0
1688.380,168838,2,0.1,-19628128,6893,9235,0.0,0.0
1688.390,168839,2,0.1,-15408483,6893,9235,0.0,0.0
1688.400,168840,2,0.1,-24244992,6893,9235,0.0,0.0
1688.410,168841,2,0.1,5322367,6893,9235,0.0,0.0
1688.420,168842,2,0.1,2677555,6893,9235,0.0,0.0
1688.430,168843,2,0.1,-384443,6893,9235,0.0,0.0
1688.440,168844,2,0.1,-21207960,6893,9235,0.0,0.0
1688.450,168845,2,0.1,-26122222,6893,9235,0.0,0.0
1688.460,168846,2,0.1,-3788812,6893,9235,0.0,0.0
1688.470,168847,2,0.1,-19093331,6893,9235,0.0,0.0
1688.480,168848,2,0.1,-38932171,6893,9235,0.0,0.0
1688.490,168849,2,0.1,-8729946,6893,9235,0.0,0.0
1688.500,168850,2,0.1,-39639220,6893,9235,0.0,0.0
1688.510,168851,2,0.1,-2231485,6893,9235,0.0,0.0
1688.520,168852,2,0.1,-5865191,6893,9235,0.0,0.0
1688.530,168853,2,0.1,-2990508,6893,9235,0.0,0.0
1688.540,168854,2,0.1,25291198,6893,9235,0.0,0.0
1688.550,168855,2,0.1,-14970506,6893,9235,0.0,0.0
1688.560,168856,2,0.1,7915689,6893,9235,0.0,0.0
1688.570,168857,2,0.1,8353259,6893,9235,0.0,0.0
1688.580,168858,2,0.1,-9764089,6893,9235,0.0,0.0
1688.590,168859,2,0.1,-7547926,6893,9235,0.0,0.0
1688.600,168860,2,0.1,-6118480,6893,9235,0.0,0.0
1688.610,168861,2,0.1,-22757873,6893,9235,0.0,0.0
1688.620,168862,2,0.1,-7681529,6893,9235,0.0,0.0
1688.630,168863,2,0.1,-3097050,6893,9235,0.0,0.0
1688.640,168864,2,0.1,-4917133,6893,9235,0.0,0.0
1688.650,168865,2,0.1,-2995020,6893,9235,0.0,0.0
1688.660,168866,2,0.1,-7551634,6893,9235,0.0,0.0
1688.670,168867,2,0.1,29450050,6893,9235,0.0,0.0
1688.680,168868,2,0.1,-24610798,6893,9235,0.0,0.0
1688.690,168869,2,0.1,-16934627,6893,9235,0.0,0.0
1688.700,168870,2,0.1,23035692,6893,9235,0.0,0.0
1688.710,168871,2,0.1,18191458,6893,9235,0.0,0.0
1688.720,168872,2,0.1,11299369,6893,9235,0.0,0.0
1688.730,168873,2,0.1,-17944830,6893,9235,0.0,0.0
1688.740,168874,2,0.1,-38665628,6893,9235,0.0,0.0
1688.750,168875,2,0.1,-5978292,6893,9235,0.0,0.0
1688.760,168876,2,0.1,-6057855,6893,9235,0.0,0.0
1688.770,168877,2,0.1,-4696898,6893,9235,0.0,0.0
1688.780,168878,2,0.1,-3204884,6893,9235,0.0,0.0
1688.790,168879,2,0.1,12265864,6893,9235,0.0,0.0
1688.800,168880,2,0.1,-12057336,6893,9235,0.0,0.0
1688.810,168881,2,0.1,-11557421,6893,9235,0.0,0.0
1688.820,168882,2,0.1,-16526087,6893,9235,0.0,0.0
1688.830,168883,2,0.1,-6824788,6893,9235,0.0,0.0
1688.840,168884,2,0.1,-4917904,6893,9235,0.0,0.0
1688.850,168885,2,0.1,17016074,6893,9235,0.0,0.0
1688.860,168886,2,0.1,5104266,6893,9235,0.0,0.0
1688.870,168887,2,0.1,-398362,6893,9235,0.0,0.0
1688.880,168888,2,0.1,-20199769,6893,9235,0.0,0.0
1688.890,168889,2,0.1,-855136,6893,9235,0.0,0.0
1688.900,168890,2,0.1,-641840,6893,9235,0.0,0.0
1688.910,168891,2,0.1,-22405445,6893,9235,0.0,0.0
1688.920,168892,2,0.1,11037871,6893,9235,0.0,0.0
1688.930,168893,2,0.1,-5878122,6893,9235,0.0,0.0
1688.940,168894,2,0.1,5342786,6893,9235,0.0,0.0
1688.950,168895,2,0.1,-2552512,6893,9235,0.0,0.0
1688.960,168896,2,0.1,12966221,6893,9235,0.0,0.0
1688.970,168897,2,0.1,-31627814,6893,9235,0.0,0.0
1688.980,168898,2,0.1,-15581393,6893,9235,0.0,0.0
1688.990,168899,2,0.1,-8751197,6893,9235,0.0,0.0
1689.000,168900,2,0.1,-9297872,6893,9235,0.0,0.0
1689.010,168901,2,0.1,2415700,6893,9235,0.0,0.0
1689.020,168902,2,0.1,6083001,6893,9235,0.0,0.0
1689.030,168903,2,0.1,-17454370,6893,9235,0.0,0.0
1689.040,168904,2,0.1,16445065,6893,9235,0.0,0.0
1689.050,168905,2,0.1,17267414,6893,9235,0.0,0.0
1689.060,168906,2,0.1,-16224515,6893,9235,0.0,0.0
1689.070,168907,2,0.1,-27091522,6893,9235,0.0,0.0
1689.080,168908,2,0.1,-8326334,6893,9235,0.0,0.0
1689.090,168909,2,0.1,-4584568,6893,9235,0.0,0.0
1689.100,168910,2,0.1,27514331,6893,9235,0.0,0.0
1689.110,168911,2,0.1,947422,6893,9235,0.0,0.0
1689.120,168912,2,0.1,10864432,6893,9235,0.0,0.0
1689.130,168913,2,0.1,6609805,6893,9235,0.0,0.0
1689.140,168914,2,0.1,-11817054,6893,9235,0.0,0.0
1689.150,168915,2,0.1,-3717890,6893,9235,0.0,0.0
1689.160,168916,2,0.1,4257982,6893,9235,0.0,0.0
1689.170,168917,2,0.1,-28019860,6893,9235,0.0,0.0
1689.180,168918,2,0.1,-2136951,6893,9235,0.0,0.0
1689.190,168919,2,0.1,-2021749,6893,9235,0.0,0.0
1689.200,168920,2,0.1,-19845588,6893,9235,0.0,0.0
1689.210,168921,2,0.1,5637078,6893,9235,0.0,0.0
1689.220,168922,2,0.1,-11822851,6893,9235,0.0,0.0
1689.230,168923,2,0.1,7994392,6893,9235,0.0,0.0
1689.240,168924,2,0.1,-29543471,6893,9235,0.0,0.0
1689.250,168925,2,0.1,-33166015,6893,9235,0.0,0.0
1689.260,168926,2,0.1,-1543739,6893,9235,0.0,0.0
1689.270,168927,2,0.1,-9994410,6893,9235,0.0,0.0
1689.280,168928,2,0.1,-9846241,6893,9235,0.0,0.0
1689.290,168929,2,0.1,29004986,6893,9235,0.0,0.0
1689.300,168930,2,0.1,2109615,6893,9235,0.0,0.0
1689.310,168931,2,0.1,-26622808,6893,9235,0.0,0.0
1689.320,168932,2,0.1,-5696496,6893,9235,0.0,0.0
1689.330,168933,2,0.1,-4551236,6893,9235,0.0,0.0
1689.340,168934,2,0.1,-617271,6893,9235,0.0,0.0
1689.350,168935,2,0.1,11064176,6893,9235,0.0,0.0
1689.360,168936,2,0.1,-26490119,6893,9235,0.0,0.0
1689.370,168937,2,0.1,-37898123,6893,9235,0.0,0.0
1689.380,168938,2,0.1,-12311053,6893,9235,0.0,0.0
1689.390,168939,2,0.1,-4046939,6893,9235,0.0,0.0
1689.400,168940,2,0.1,-20968697,6893,9235,0.0,0.0
1689.410,168941,2,0.1,-9691546,6893,9235,0.0,0.0
1689.420,168942,2,0.1,-7023676,6893,9235,0.0,0.0
1689.430,168943,2,0.1,-13281919,6893,9235,0.0,0.0
1689.440,168944,2,0.1,7982781,6893,9235,0.0,0.0
1689.450,168945,2,0.1,12074716,6893,9235,0.0,0.0
1689.460,168946,2,0.1,-8672159,6893,9235,0.0,0.0
1689.470,168947,2,0.1,-1766065,6893,9235,0.0,0.0
1689.480,168948,2,0.1,-4373280,6893,9235,0.0,0.0
1689.490,168949,2,0.1,-19769127,6893,9235,0.0,0.0
1689.500,168950,2,0.1,-35276339,6893,9235,0.0,0.0
1689.510,168951,2,0.1,-13668658,6893,9235,0.0,0.0
1689.520,168952,2,0.1,4357687,6893,9235,0.0,0.0
1689.530,168953,2,0.1,-19676192,6893,9235,0.0,0.0
1689.540,168954,2,0.1,-3059125,6893,9235,0.0,0.0
1689.550,168955,2,0.1,-8233537,6893,9235,0.0,0.0
1689.560,168956,2,0.1,-7304841,6893,9235,0.0,0.0
1689.570,168957,2,0.1,-10158028,6893,9235,0.0,0.0
1689.580,168958,2,0.1,5646944,6893,9235,0.0,0.0
1689.590,168959,2,0.1,-38534378,6893,9235,0.0,0.0
1689.600,168960,2,0.1,-1642578,6893,9235,0.0,0.0
1689.610,168961,2,0.1,-5891191,6893,9235,0.0,0.0
1689.620,168962,2,0.1,24382597,6893,9235,0.0,0.0
1689.630,168963,2,0.1,-16347948,6893,9235,0.0,0.0
1689.640,168964,2,0.1,-8563961,6893,9235,0.0,0.0
1689.650,168965,2,0.1,-10654176,6893,9235,0.0,0.0
1689.660,168966,2,0.1,25884186,6893,9235,0.0,0.0
1689.670,168967,2,0.1,22230847,6893,9235,0.0,0.0
1689.680,168968,2,0.1,1702080,6893,9235,0.0,0.0
1689.690,168969,2,0.1,-16884235,6893,9235,0.0,0.0
1689.700,168970,2,0.1,-4548158,6893,9235,0.0,0.0
1689.710,168971,2,0.1,22002,6893,9235,0.0,0.0
1689.720,168972,2,0.1,-15459214,6893,9235,0.0,0.0
1689.730,168973,2,0.1,-1992091,6893,9235,0.0,0.0
1689.740,168974,2,0.1,-14044002,6893,9235,0.0,0.0
1689.750,168975,2,0.1,23907542,6893,9235,0.0,0.0
1689.760,168976,2,0.1,9663301,6893,9235,0.0,0.0
1689.770,168977,2,0.1,-15585648,6893,9235,0.0,0.0
1689.780,168978,2,0.1,-32191475,6893,9235,0.0,0.0
1689.790,168979,2,0.1,-10650561,6893,9235,0.0,0.0
1689.800,168980,2,0.1,-27731137,6893,9235,0.0,0.0
1689.810,168981,2,0.1,-482539,6893,9235,0.0,0.0
1689.820,168982,2,0.1,-4633773,6893,9235,0.0,0.0
1689.830,168983,2,0.1,8253785,6893,9235,0.0,0.0
1689.840,168984,2,0.1,11665213,6893,9235,0.0,0.0
1689.850,168985,2,0.1,-19717730,6893,9235,0.0,0.0
1689.860,168986,2,0.1,14770936,6893,9235,0.0,0.0
1689.870,168987,2,0.1,-13609188,6893,9235,0.0,0.0
1689.880,168988,2,0.1,13635509,6893,9235,0.0,0.0
1689.890,168989,2,0.1,-21559797,6893,9235,0.0,0.0
1689.900,168990,2,0.1,34428658,6893,9235,0.0,0.0
1689.910,168991,2,0.1,-4533627,6893,9235,0.0,0.0
1689.920,168992,2,0.1,9482009,6893,9235,0.0,0.0
1689.930,168993,2,0.1,-10198996,6893,9235,0.0,0.0
1689.940,168994,2,0.1,16001763,6893,9235,0.0,0.0
1689.950,168995,2,0.1,13880613,6893,9235,0.0,0.0
1689.960,168996,2,0.1,501270,6893,9235,0.0,0.0
1689.970,168997,2,0.1,10188984,6893,9235,0.0,0.0
1689.980,168998,2,0.1,5349441,6893,9235,0.0,0.0
1689.990,168999,2,0.1,-31792857,6893,9235,0.0,0.0
1690.000,169000,2,0.1,456001,6893,9235,0.0,0.0
1690.010,169001,2,0.1,-25425657,6893,9235,0.0,0.0
1690.020,169002,2,0.1,22502009,6893,9235,0.0,0.0
1690.030,169003,2,0.1,-3061366,6893,9235,0.0,0.0
1690.040,169004,2,0.1,-17086025,6893,9235,0.0,0.0
1690.050,169005,2,0.1,-20617386,6893,9235,0.0,0.0
1690.060,169006,2,0.1,-24570225,6893,9235,0.0,0.0
1690.070,169007,2,0.1,-19192137,6893,9235,0.0,0.0
1690.080,169008,2,0.1,-28359303,6893,9235,0.0,0.0
1690.090,169009,2,0.1,-5482460,6893,9235,0.0,0.0
1690.100,169010,2,0.1,740525,6893,9235,0.0,0.0
1690.110,169011,2,0.1,9420903,6893,9235,0.0,0.0
1690.120,169012,2,0.1,-7525708,6893,9235,0.0,0.0
1690.130,169013,2,0.1,-9137789,6893,9235,0.0,0.0
1690.140,169014,2,0.1,1744308,6893,9235,0.0,0.0
1690.150,169015,2,0.1,-5749782,6893,9235,0.0,0.0
1690.160,169016,2,0.1,16704459,6893,9235,0.0,0.0
1690.170,169017,2,0.1,-3071599,6893,9235,0.0,0.0
1690.180,169018,2,0.1,-18121173,6893,9235,0.0,0.0
1690.190,169019,2,0.1,17080760,6893,9235,0.0,0.0
1690.200,169020,2,0.1,-1673353,6893,9235,0.0,0.0
1690.210,169021,2,0.1,-30155142,6893,9235,0.0,0.0
1690.220,169022,2,0.1,-19403425,6893,9235,0.0,0.0
1690.230,169023,2,0.1,17173135,6893,9235,0.0,0.0
1690.240,169024,2,0.1,20594966,6893,9235,0.0,0.0
1690.250,169025,2,0.1,16100950,6893,9235,0.0,0.0
1690.260,169026,2,0.1,27183305,6893,9235,0.0,0.0
1690.270,169027,2,0.1,-14055713,6893,9235,0.0,0.0
1690.280,169028,2,0.1,9616044,6893,9235,0.0,0.0
1690.290,169029,2,0.1,-10494849,6893,9235,0.0,0.0
1690.300,169030,2,0.1,-6483771,6893,9235,0.0,0.0
1690.310,169031,2,0.1,-66612,6893,9235,0.0,0.0
1690.320,169032,2,0.1,-21153902,6893,9235,0.0,0.0
1690.330,169033,2,0.1,23835313,6893,9235,0.0,0.0
1690.340,169034,2,0.1,9388993,6893,9235,0.0,0.0
1690.350,169035,2,0.1,17158499,6893,9235,0.0,0.0
1690.360,169036,2,0.1,1030341,6893,9235,0.0,0.0
1690.370,169037,2,0.1,5601432,6893,9235,0.0,0.0
1690.380,169038,2,0.1,439096,6893,9235,0.0,0.0
1690.390,169039,2,0.1,11935115,6893,9235,0.0,0.0
1690.400,169040,2,0.1,-938579,6893,9235,0.0,0.0
1690.410,169041,2,0.1,-1466494,6893,9235,0.0,0.0
1690.420,169042,2,0.1,14503505,6893,9235,0.0,0.0
1690.430,169043,2,0.1,6409826,6893,9235,0.0,0.0
1690.440,169044,2,0.1,-30923375,6893,9235,0.0,0.0
1690.450,169045,2,0.1,-17319373,6893,9235,0.0,0.0
1690.460,169046,2,0.1,-26094972,6893,9235,0.0,0.0
1690.470,169047,2,0.1,21004029,6893,9235,0.0,0.0
1690.480,169048,2,0.1,-18996017,6893,9235,0.0,0.0
1690.490,169049,2,0.1,-21532836,6893,9235,0.0,0.0
1690.500,169050,2,0.1,12493722,6893,9235,0.0,0.0
1690.510,169051,2,0.1,-13936956,6893,9235,0.0,0.0
1690.520,169052,2,0.1,-18726708,6893,9235,0.0,0.0
1690.530,169053,2,0.1,-2472435,6893,9235,0.0,0.0
1690.540,169054,2,0.1,8563115,6893,9235,0.0,0.0
1690.550,169055,2,0.1,-14526276,6893,9235,0.0,0.0
1690.560,169056,2,0.1,6765565,6893,9235,0.0,0.0
1690.570,169057,2,0.1,-14175447,6893,9235,0.0,0.0
1690.580,169058,2,0.1,3953002,6893,9235,0.0,0.0
1690.590,169059,2,0.1,-13077238,6893,9235,0.0,0.0
1690.600,169060,2,0.1,-3089033,6893,9235,0.0,0.0
1690.610,169061,2,0.1,-35592769,6893,9235,0.0,0.0
1690.620,169062,2,0.1,-6942692,6893,9235,0.0,0.0
1690.630,169063,2,0.1,-16321939,6893,9235,0.0,0.0
1690.640,169064,2,0.1,1789882,6893,9235,0.0,0.0
1690.650,169065,2,0.1,-4662194,6893,9235,0.0,0.0
1690.660,169066,2,0.1,-7340226,6893,9235,0.0,0.0
1690.670,169067,2,0.1,-5962943,6893,9235,0.0,0.0
1690.680,169068,2,0.1,-40851203,6893,9235,0.0,0.0
1690.690,169069,2,0.1,-27694705,6893,9235,0.0,0.0
1690.700,169070,2,0.1,7358458,6893,9235,0.0,0.0
1690.710,169071,2,0.1,-19921392,6893,9235,0.0,0.0
1690.720,169072,2,0.1,-6452669,6893,9235,0.0,0.0
1690.730,169073,2,0.1,-3847140,6893,9235,0.0,0.0
1690.740,169074,2,0.1,-11427032,6893,9235,0.0,0.0
1690.750,169075,2,0.1,-2194073,6893,9235,0.0,0.0
1690.760,169076,2,0.1,-8655463,6893,9235,0.0,0.0
1690.770,169077,2,0.1,1598048,6893,9235,0.0,0.0
1690.780,169078,2,0.1,30766226,6893,9235,0.0,0.0
1690.790,169079,2,0.1,-103992,6893,9235,0.0,0.0
1690.800,169080,2,0.1,-321183,6893,9235,0.0,0.0
1690.810,169081,2,0.1,1335330,6893,9235,0.0,0.0
1690.820,169082,2,0.1,-6033659,6893,9235,0.0,0.0
1690.830,169083,2,0.1,-8610502,6893,9235,0.0,0.0
1690.840,169084,2,0.1,-1484210,6893,9235,0.0,0.0
1690.850,169085,2,0.1,-4790857,6893,9235,0.0,0.0
1690.860,169086,2,0.1,-35907192,6893,9235,0.0,0.0
1690.870,169087,2,0.1,-8378998,6893,9235,0.0,0.0
1690.880,169088,2,0.1,-3825851,6893,9235,0.0,0.0
1690.890,169089,2,0.1,-5373985,6893,9235,0.0,0.0
1690.900,169090,2,0.1,-9942043,6893,9235,0.0,0.0
1690.910,169091,2,0.1,5461258,6893,9235,0.0,0.0
1690.920,169092,2,0.1,4845471,6893,9235,0.0,0.0
1690.930,169093,2,0.1,-6637401,6893,9235,0.0,0.0
1690.940,169094,2,0.1,-27195437,6893,9235,0.0,0.0
1690.950,169095,2,0.1,2207001,6893,9235,0.0,0.0
1690.960,169096,2,0.1,-6370119,6893,9235,0.0,0.0
1690.970,169097,2,0.1,-36409172,6893,9235,0.0,0.0
1690.980,169098,2,0.1,14241373,6893,9235,0.0,0.0
1690.990,169099,2,0.1,5313058,6893,9235,0.0,0.0
1691.000,169100,2,0.1,-27313715,6893,9235,0.0,0.0
1691.010,169101,2,0.1,-6531077,6893,9235,0.0,0.0
1691.020,169102,2,0.1,-27469845,6893,9235,0.0,0.0
1691.030,169103,2,0.1,8067039,6893,9235,0.0,0.0
1691.040,169104,2,0.1,-4120010,6893,9235,0.0,0.0
1691.050,169105,2,0.1,-14245114,6893,9235,0.0,0.0
1691.060,169106,2,0.1,-6897563,6893,9235,0.0,0.0
1691.070,169107,2,0.1,-15231777,6893,9235,0.0,0.0
1691.080,169108,2,0.1,21999012,6893,9235,0.0,0.0
1691.090,169109,2,0.1,-2469725,6893,9235,0.0,0.0
1691.100,169110,2,0.1,3822407,6893,9235,0.0,0.0
1691.110,169111,2,0.1,2043825,6893,9235,0.0,0.0
1691.120,169112,2,0.1,471787,6893,9235,0.0,0.0
1691.130,169113,2,0.1,12822369,6893,9235,0.0,0.0
1691.140,169114,2,0.1,-413696,6893,9235,0.0,0.0
1691.150,169115,2,0.1,8824073,6893,9235,0.0,0.0
1691.160,169116,2,0.1,-15553486,6893,9235,0.0,0.0
1691.170,169117,2,0.1,-6575616,6893,9235,0.0,0.0
1691.180,169118,2,0.1,-11690180,6893,9235,0.0,0.0
1691.190,169119,2,0.1,-5077843,6893,9235,0.0,0.0
1691.200,169120,2,0.1,-15051319,6893,9235,0.0,0.0
1691.210,169121,2,0.1,-14225131,6893,9235,0.0,0.0
1691.220,169122,2,0.1,-19343350,6893,9235,0.0,0.0
1691.230,169123,2,0.1,29487413,6893,9235,0.0,0.0
1691.240,169124,2,0.1,-9969134,6893,9235,0.0,0.0
1691.250,169125,2,0.1,-18278020,6893,9235,0.0,0.0
1691.260,169126,2,0.1,-6696123,6893,9235,0.0,0.0
1691.270,169127,2,0.1,-18841537,6893,9235,0.0,0.0
1691.280,169128,2,0.1,8911117,6893,9235,0.0,0.0
1691.290,169129,2,0.1,5482368,6893,9235,0.0,0.0
1691.300,169130,2,0.1,-22941917,6893,9235,0.0,0.0
1691.310,169131,2,0.1,6050313,6893,9235,0.0,0.0
1691.320,169132,2,0.1,-6098914,6893,9235,0.0,0.0
1691.330,169133,2,0.1,-13431201,6893,9235,0.0,0.0
1691.340,169134,2,0.1,5925584,6893,9235,0.0,0.0
1691.350,169135,2,0.1,2119449,6893,9235,0.0,0.0
1691.360,169136,2,0.1,6927069,6893,9235,0.0,0.0
1691.370,169137,2,0.1,8759714,6893,9235,0.0,0.0
1691.380,169138,2,0.1,-887541,6893,9235,0.0,0.0
1691.390,169139,2,0.1,-18861990,6893,9235,0.0,0.0
1691.400,169140,2,0.1,-10827400,6893,9235,0.0,0.0
1691.410,169141,2,0.1,12178546,6893,9235,0.0,0.0
1691.420,169142,2,0.1,33237262,6893,9235,0.0,0.0
1691.430,169143,2,0.1,-13114161,6893,9235,0.0,0.0
1691.440,169144,2,0.1,-32011102,6893,9235,0.0,0.0
1691.450,169145,2,0.1,-8531162,6893,9235,0.0,0.0
1691.460,169146,2,0.1,1684339,6893,9235,0.0,0.0
1691.470,169147,2,0.1,-8107,6893,9235,0.0,0.0
1691.480,169148,2,0.1,18373999,6893,9235,0.0,0.0
1691.490,169149,2,0.1,-11377524,6893,9235,0.0,0.0
1691.500,169150,2,0.1,6265171,6893,9235,0.0,0.0
1691.510,169151,2,0.1,-10074191,6893,9235,0.0,0.0
1691.520,169152,2,0.1,-28563249,6893,9235,0.0,0.0
1691.530,169153,2,0.1,-4387712,6893,9235,0.0,0.0
1691.540,169154,2,0.1,32999190,6893,9235,0.0,0.0
1691.550,169155,2,0.1,12413168,6893,9235,0.0,0.0
1691.560,169156,2,0.1,3263967,6893,9235,0.0,0.0
1691.570,169157,2,0.1,-11256109,6893,9235,0.0,0.0
1691.580,169158,2,0.1,-5465355,6893,9235,0.0,0.0
1691.590,169159,2,0.1,10384454,6893,9235,0.0,0.0
1691.600,169160,2,0.1,13925854,6893,9235,0.0,0.0
1691.610,169161,2,0.1,-22750222,6893,9235,0.0,0.0
1691.620,169162,2,0.1,-11354737,6893,9235,0.0,0.0
1691.630,169163,2,0.1,5746169,6893,9235,0.0,0.0
1691.640,169164,2,0.1,3480123,6893,9235,0.0,0.0
1691.650,169165,2,0.1,-3625232,6893,9235,0.0,0.0
1691.660,169166,2,0.1,-1637836,6893,9235,0.0,0.0
1691.670,169167,2,0.1,2824054,6893,9235,0.0,0.0
1691.680,169168,2,0.1,-8504142,6893,9235,0.0,0.0
1691.690,169169,2,0.1,-8474888,6893,9235,0.0,0.0
1691.700,169170,2,0.1,-12331393,6893,9235,0.0,0.0
1691.710,169171,2,0.1,-14226570,6893,9235,0.0,0.0
1691.720,169172,2,0.1,439731,6893,9235,0.0,0.0
1691.730,169173,2,0.1,-9046581,6893,9235,0.0,0.0
1691.740,169174,2,0.1,-33550606,6893,9235,0.0,0.0
1691.750,169175,2,0.1,9832783,6893,9235,0.0,0.0
1691.760,169176,2,0.1,-10439472,6893,9235,0.0,0.0
1691.770,169177,2,0.1,-3812018,6893,9235,0.0,0.0
1691.780,169178,2,0.1,-8641870,6893,9235,0.0,0.0
1691.790,169179,2,0.1,2843661,6893,9235,0.0,0.0
1691.800,169180,2,0.1,6731036,6893,9235,0.0,0.0
1691.810,169181,2,0.1,2577734,6893,9235,0.0,0.0
1691.820,169182,2,0.1,25179014,6893,9235,0.0,0.0
1691.830,169183,2,0.1,-13268622,6893,9235,0.0,0.0
1691.840,169184,2,0.1,-9590030,6893,9235,0.0,0.0
1691.850,169185,2,0.1,-24101842,6893,9235,0.0,0.0
1691.860,169186,2,0.1,-33582202,6893,9235,0.0,0.0
1691.870,169187,2,0.1,-23255589,6893,9235,0.0,0.0
1691.880,169188,2,0.1,-13442520,6893,9235,0.0,0.0
1691.890,169189,2,0.1,-4779438,6893,9235,0.0,0.0
1691.900,169190,2,0.1,-5967658,6893,9235,0.0,0.0
1691.910,169191,2,0.1,-13088304,6893,9235,0.0,0.0
1691.920,169192,2,0.1,-3322577,6893,9235,0.0,0.0
1691.930,169193,2,0.1,-4037165,6893,9235,0.0,0.0
1691.940,169194,2,0.1,215568,6893,9235,0.0,0.0
1691.950,169195,2,0.1,-16757657,6893,9235,0.0,0.0
1691.960,169196,2,0.1,11670336,6893,9235,0.0,0.0
1691.970,169197,2,0.1,-3512050,6893,9235,0.0,0.0
1691.980,169198,2,0.1,-11401257,6893,9235,0.0,0.0
1691.990,169199,2,0.1,-16396105,6893,9235,0.0,0.0
1692.000,169200,2,0.1,850618,6893,9235,0.0,0.0
1692.010,169201,2,0.1,7453155,6893,9235,0.0,0.0
1692.020,169202,2,0.1,-16676537,6893,9235,0.0,0.0
1692.030,169203,2,0.1,28639975,6893,9235,0.0,0.0
1692.040,169204,2,0.1,-15783509,6893,9235,0.0,0.0
1692.050,169205,2,0.1,-12876576,6893,9235,0.0,0.0
1692.060,169206,2,0.1,-33710271,6893,9235,0.0,0.0
1692.070,169207,2,0.1,11080631,6893,9235,0.0,0.0
1692.080,169208,2,0.1,853494,6893,9235,0.0,0.0
1692.090,169209,2,0.1,1216441,6893,9235,0.0,0.0
1692.100,169210,2,0.1,2635782,6893,9235,0.0,0.0
1692.110,169211,2,0.1,-16748336,6893,9235,0.0,0.0
1692.120,169212,2,0.1,-21609538,6893,9235,0.0,0.0
1692.130,169213,2,0.1,13610236,6893,9235,0.0,0.0
1692.140,169214,2,0.1,-1284688,6893,9235,0.0,0.0
1692.150,169215,2,0.1,12481151,6893,9235,0.0,0.0
1692.160,169216,2,0.1,-51345457,6893,9235,0.0,0.0
1692.170,169217,2,0.1,1367904,6893,9235,0.0,0.0
1692.180,169218,2,0.1,270575,6893,9235,0.0,0.0
1692.190,169219,2,0.1,11098980,6893,9235,0.0,0.0
1692.200,169220,2,0.1,-20200403,6893,9235,0.0,0.0
1692.210,169221,2,0.1,-22115550,6893,9235,0.0,0.0
1692.220,169222,2,0.1,-29701509,6893,9235,0.0,0.0
1692.230,169223,2,0.1,-8870931,6893,9235,0.0,0.0
1692.240,169224,2,0.1,20427265,6893,9235,0.0,0.0
1692.250,169225,2,0.1,-18036242,6893,9235,0.0,0.0
1692.260,169226,2,0.1,4338472,6893,9235,0.0,0.0
1692.270,169227,2,0.1,1934896,6893,9235,0.0,0.0
1692.280,169228,2,0.1,-3739538,6893,9235,0.0,0.0
1692.290,169229,2,0.1,11877520,6893,9235,0.0,0.0
1692.300,169230,2,0.1,403339,6893,9235,0.0,0.0
1692.310,169231,2,0.1,-17924311,6893,9235,0.0,0.0
1692.320,169232,2,0.1,-20910470,6893,9235,0.0,0.0
1692.330,169233,2,0.1,16055590,6893,9235,0.0,0.0
1692.340,169234,2,0.1,44226222,6893,9235,0.0,0.0
1692.350,169235,2,0.1,-19813051,6893,9235,0.0,0.0
1692.360,169236,2,0.1,16397685,6893,9235,0.0,0.0
1692.370,169237,2,0.1,4329371,6893,9235,0.0,0.0
1692.380,169238,2,0.1,-1740968,6893,9235,0.0,0.0
1692.390,169239,2,0.1,-6989856,6893,9235,0.0,0.0
1692.400,169240,2,0.1,-17019632,6893,9235,0.0,0.0
1692.410,169241,2,0.1,22658048,6893,9235,0.0,0.0
1692.420,169242,2,0.1,-2092184,6893,9235,0.0,0.0
1692.430,169243,2,0.1,1516232,6893,9235,0.0,0.0
1692.440,169244,2,0.1,11029700,6893,9235,0.0,0.0
1692.450,169245,2,0.1,-23066503,6893,9235,0.0,0.0
1692.460,169246,2,0.1,-21839968,6893,9235,0.0,0.0
1692.470,169247,2,0.1,3342168,6893,9235,0.0,0.0
1692.480,169248,2,0.1,-18464562,6893,9235,0.0,0.0
1692.490,169249,2,0.1,2528154,6893,9235,0.0,0.0
1692.500,169250,2,0.1,21936466,6893,9235,0.0,0.0
1692.510,169251,2,0.1,-6688026,6893,9235,0.0,0.0
1692.520,169252,2,0.1,-15863375,6893,9235,0.0,0.0
1692.530,169253,2,0.1,-11435826,6893,9235,0.0,0.0
1692.540,169254,2,0.1,7491358,6893,9235,0.0,0.0
1692.550,169255,2,0.1,-24357970,6893,9235,0.0,0.0
1692.560,169256,2,0.1,-4280787,6893,9235,0.0,0.0
1692.570,169257,2,0.1,16899369,6893,9235,0.0,0.0
1692.580,169258,2,0.1,-2810589,6893,9235,0.0,0.0
1692.590,169259,2,0.1,-5085044,6893,9235,0.0,0.0
1692.600,169260,2,0.1,6295633,6893,9235,0.0,0.0
1692.610,169261,2,0.1,-13068437,6893,9235,0.0,0.0
1692.620,169262,2,0.1,-16344847,6893,9235,0.0,0.0
1692.630,169263,2,0.1,6045543,6893,9235,0.0,0.0
1692.640,169264,2,0.1,-15889357,6893,9235,0.0,0.0
1692.650,169265,2,0.1,33047687,6893,9235,0.0,0.0
1692.660,169266,2,0.1,17863837,6893,9235,0.0,0.0
1692.670,169267,2,0.1,-20131151,6893,9235,0.0,0.0
1692.680,169268,2,0.1,-2474537,6893,9235,0.0,0.0
1692.690,169269,2,0.1,27087416,6893,9235,0.0,0.0
1692.700,169270,2,0.1,21967412,6893,9235,0.0,0.0
1692.710,169271,2,0.1,-20812938,6893,9235,0.0,0.0
1692.720,169272,2,0.1,-20711979,6893,9235,0.0,0.0
1692.730,169273,2,0.1,-1712906,6893,9235,0.0,0.0
1692.740,169274,2,0.1,6135708,6893,9235,0.0,0.0
1692.750,169275,2,0.1,34981479,6893,9235,0.0,0.0
1692.760,169276,2,0.1,-1293347,6893,9235,0.0,0.0
1692.770,169277,2,0.1,-16073107,6893,9235,0.0,0.0
1692.780,169278,2,0.1,6476013,6893,9235,0.0,0.0
1692.790,169279,2,0.1,-17123964,6893,9235,0.0,0.0
1692.800,169280,2,0.1,19759506,6893,9235,0.0,0.0
1692.810,169281,2,0.1,-22664681,6893,9235,0.0,0.0
1692.820,169282,2,0.1,-15195621,6893,9235,0.0,0.0
1692.830,169283,2,0.1,6972034,6893,9235,0.0,0.0
1692.840,169284,2,0.1,8937291,6893,9235,0.0,0.0
1692.850,169285,2,0.1,-9075204,6893,9235,0.0,0.0
1692.860,169286,2,0.1,-1109531,6893,9235,0.0,0.0
1692.870,169287,2,0.1,-4530133,6893,9235,0.0,0.0
1692.880,169288,2,0.1,9331434,6893,9235,0.0,0.0
1692.890,169289,2,0.1,-10250287,6893,9235,0.0,0.0
1692.900,169290,2,0.1,-16332058,6893,9235,0.0,0.0
1692.910,169291,2,0.1,12579120,6893,9235,0.0,0.0
1692.920,169292,2,0.1,1403253,6893,9235,0.0,0.0
1692.930,169293,2,0.1,4555621,6893,9235,0.0,0.0
1692.940,169294,2,0.1,-10282859,6893,9235,0.0,0.0
1692.950,169295,2,0.1,6442279,6893,9235,0.0,0.0
1692.960,169296,2,0.1,28907838,6893,9235,0.0,0.0
1692.970,169297,2,0.1,6505552,6893,9235,0.0,0.0
1692.980,169298,2,0.1,-12359647,6893,9235,0.0,0.0
1692.990,169299,2,0.1,18937877,6893,9235,0.0,0.0
1693.000,169300,2,0.1,4661215,6893,9235,0.0,0.0
1693.010,169301,2,0.1,1417550,6893,9235,0.0,0.0
1693.020,169302,2,0.1,9929617,6893,9235,0.0,0.0
1693.030,169303,2,0.1,-6606190,6893,9235,0.0,0.0
1693.040,169304,2,0.1,4780148,6893,9235,0.0,0.0
1693.050,169305,2,0.1,-24382234,6893,9235,0.0,0.0
1693.060,169306,2,0.1,-28579198,6893,9235,0.0,0.0
1693.070,169307,2,0.1,19775068,6893,9235,0.0,0.0
1693.080,169308,2,0.1,-17204808,6893,9235,0.0,0.0
1693.090,169309,2,0.1,-32409515,6893,9235,0.0,0.0
1693.100,169310,2,0.1,-25148660,6893,9235,0.0,0.0
1693.110,169311,2,0.1,-507635,6893,9235,0.0,0.0
1693.120,169312,2,0.1,-7251244,6893,9235,0.0,0.0
1693.130,169313,2,0.1,8642709,6893,9235,0.0,0.0
1693.140,169314,2,0.1,5261928,6893,9235,0.0,0.0
1693.150,169315,2,0.1,9433051,6893,9235,0.0,0.0
1693.160,169316,2,0.1,-18183911,6893,9235,0.0,0.0
1693.170,169317,2,0.1,10436759,6893,9235,0.0,0.0
1693.180,169318,2,0.1,-21796726,6893,9235,0.0,0.0
1693.190,169319,2,0.1,-15154900,6893,9235,0.0,0.0
1693.200,169320,2,0.1,-36025921,6893,9235,0.0,0.0
1693.210,169321,2,0.1,-21050175,6893,9235,0.0,0.0
1693.220,169322,2,0.1,-1826684,6893,9235,0.0,0.0
1693.230,169323,2,0.1,13256772,6893,9235,0.0,0.0
1693.240,169324,2,0.1,12134236,6893,9235,0.0,0.0
1693.250,169325,2,0.1,-4580142,6893,9235,0.0,0.0
1693.260,169326,2,0.1,534270,6893,9235,0.0,0.0
1693.270,169327,2,0.1,2972106,6893,9235,0.0,0.0
1693.280,169328,2,0.1,-1900335,6893,9235,0.0,0.0
1693.290,169329,2,0.1,-8578051,6893,9235,0.0,0.0
1693.300,169330,2,0.1,4049009,6893,9235,0.0,0.0
1693.310,169331,2,0.1,6648943,6893,9235,0.0,0.0
1693.320,169332,2,0.1,-6710158,6893,9235,0.0,0.0
1693.330,169333,2,0.1,2102142,6893,9235,0.0,0.0
1693.340,169334,2,0.1,-1167094,6893,9235,0.0,0.0
1693.350,169335,2,0.1,-15088935,6893,9235,0.0,0.0
1693.360,169336,2,0.1,26386258,6893,9235,0.0,0.0
1693.370,169337,2,0.1,-13973518,6893,9235,0.0,0.0
1693.380,169338,2,0.1,-15603698,6893,9235,0.0,0.0
1693.390,169339,2,0.1,6345275,6893,9235,0.0,0.0
1693.400,169340,2,0.1,-2457524,6893,9235,0.0,0.0
1693.410,169341,2,0.1,-5444409,6893,9235,0.0,0.0
1693.420,169342,2,0.1,-4327446,6893,9235,0.0,0.0
1693.430,169343,2,0.1,5515704,6893,9235,0.0,0.0
1693.440,169344,2,0.1,8995082,6893,9235,0.0,0.0
1693.450,169345,2,0.1,10301237,6893,9235,0.0,0.0
1693.460,169346,2,0.1,5544543,6893,9235,0.0,0.0
1693.470,169347,2,0.1,27270363,6893,9235,0.0,0.0
1693.480,169348,2,0.1,-15983492,6893,9235,0.0,0.0
1693.490,169349,2,0.1,21938591,6893,9235,0.0,0.0
1693.500,169350,2,0.1,-9239498,6893,9235,0.0,0.0
1693.510,169351,2,0.1,9558403,6893,9235,0.0,0.0
1693.520,169352,2,0.1,-18197260,6893,9235,0.0,0.0
1693.530,169353,2,0.1,-6545987,6893,9235,0.0,0.0
1693.540,169354,2,0.1,-41040921,6893,9235,0.0,0.0
1693.550,169355,2,0.1,-39614,6893,9235,0.0,0.0
1693.560,169356,2,0.1,-2698892,6893,9235,0.0,0.0
1693.570,169357,2,0.1,-7626154,6893,9235,0.0,0.0
1693.580,169358,2,0.1,-18644305,6893,9235,0.0,0.0
1693.590,169359,2,0.1,-45197949,6893,9235,0.0,0.0
1693.600,169360,2,0.1,23057700,6893,9235,0.0,0.0
1693.610,169361,2,0.1,-11788949,6893,9235,0.0,0.0
1693.620,169362,2,0.1,-6440906,6893,9235,0.0,0.0
1693.630,169363,2,0.1,-16322353,6893,9235,0.0,0.0
1693.640,169364,2,0.1,-1190458,6893,9235,0.0,0.0
1693.650,169365,2,0.1,29246055,6893,9235,0.0,0.0
1693.660,169366,2,0.1,17906205,6893,9235,0.0,0.0
1693.670,169367,2,0.1,374868,6893,9235,0.0,0.0
1693.680,169368,2,0.1,14432072,6893,9235,0.0,0.0
1693.690,169369,2,0.1,-10121381,6893,9235,0.0,0.0
1693.700,169370,2,0.1,-21164074,6893,9235,0.0,0.0
1693.710,169371,2,0.1,6702285,6893,9235,0.0,0.0
1693.720,169372,2,0.1,-13748161,6893,9235,0.0,0.0
1693.730,169373,2,0.1,-1514696,6893,9235,0.0,0.0
1693.740,169374,2,0.1,-9382331,6893,9235,0.0,0.0
1693.750,169375,2,0.1,28206208,6893,9235,0.0,0.0
1693.760,169376,2,0.1,-1718155,6893,9235,0.0,0.0
1693.770,169377,2,0.1,-14646044,6893,9235,0.0,0.0
1693.780,169378,2,0.1,-5117795,6893,9235,0.0,0.0
1693.790,169379,2,0.1,11400817,6893,9235,0.0,0.0
1693.800,169380,2,0.1,880780,6893,9235,0.0,0.0
1693.810,169381,2,0.1,-5927924,6893,9235,0.0,0.0
1693.820,169382,2,0.1,-8201143,6893,9235,0.0,0.0
1693.830,169383,2,0.1,2081049,6893,9235,0.0,0.0
1693.840,169384,2,0.1,-19143850,6893,9235,0.0,0.0
1693.850,169385,2,0.1,-1787700,6893,9235,0.0,0.0
1693.860,169386,2,0.1,-1111142,6893,9235,0.0,0.0
1693.870,169387,2,0.1,10617827,6893,9235,0.0,0.0
1693.880,169388,2,0.1,3525427,6893,9235,0.0,0.0
1693.890,169389,2,0.1,-5244508,6893,9235,0.0,0.0
1693.900,169390,2,0.1,17984694,6893,9235,0.0,0.0
1693.910,169391,2,0.1,-3555678,6893,9235,0.0,0.0
1693.920,169392,2,0.1,4277555,6893,9235,0.0,0.0
1693.930,169393,2,0.1,3303787,6893,9235,0.0,0.0
1693.940,169394,2,0.1,-25495226,6893,9235,0.0,0.0
1693.950,169395,2,0.1,13228129,6893,9235,0.0,0.0
1693.960,169396,2,0.1,-8757965,6893,9235,0.0,0.0
1693.970,169397,2,0.1,-15311809,6893,9235,0.0,0.0
1693.980,169398,2,0.1,-9885594,6893,9235,0.0,0.0
1693.990,169399,2,0.1,-20733866,6893,9235,0.0,0.0
1694.000,169400,2,0.1,-17871605,6893,9235,0.0,0.0
1694.010,169401,2,0.1,-29369106,6893,9235,0.0,0.0
1694.020,169402,2,0.1,4970746,6893,9235,0.0,0.0
1694.030,169403,2,0.1,15954938,6893,9235,0.0,0.0
1694.040,169404,2,0.1,22198376,6893,9235,0.0,0.0
1694.050,169405,2,0.1,-22872749,6893,9235,0.0,0.0
1694.060,169406,2,0.1,2589786,6893,9235,0.0,0.0
1694.070,169407,2,0.1,18270280,6893,9235,0.0,0.0
1694.080,169408,2,0.1,-2665522,6893,9235,0.0,0.0
1694.090,169409,2,0.1,7335260,6893,9235,0.0,0.0
1694.100,169410,2,0.1,10560596,6893,9235,0.0,0.0
1694.110,169411,2,0.1,-606856,6893,9235,0.0,0.0
1694.120,169412,2,0.1,14114080,6893,9235,0.0,0.0
1694.130,169413,2,0.1,-23237237,6893,9235,0.0,0.0
1694.140,169414,2,0.1,10599342,6893,9235,0.0,0.0
1694.150,169415,2,0.1,-14473285,6893,9235,0.0,0.0
1694.160,169416,2,0.1,6422424,6893,9235,0.0,0.0
1694.170,169417,2,0.1,-32916590,6893,9235,0.0,0.0
1694.180,169418,2,0.1,12077282,6893,9235,0.0,0.0
1694.190,169419,2,0.1,-1490471,6893,9235,0.0,0.0
1694.200,169420,2,0.1,-11217819,6893,9235,0.0,0.0
1694.210,169421,2,0.1,6681668,6893,9235,0.0,0.0
1694.220,169422,2,0.1,2146849,6893,9235,0.0,0.0
1694.230,169423,2,0.1,6983057,6893,9235,0.0,0.0
1694.240,169424,2,0.1,18332941,6893,9235,0.0,0.0
1694.250,169425,2,0.1,-20890188,6893,9235,0.0,0.0
1694.260,169426,2,0.1,-33400623,6893,9235,0.0,0.0
1694.270,169427,2,0.1,8875282,6893,9235,0.0,0.0
1694.280,169428,2,0.1,-13160086,6893,9235,0.0,0.0
1694.290,169429,2,0.1,7217476,6893,9235,0.0,0.0
1694.300,169430,2,0.1,-12595391,6893,9235,0.0,0.0
1694.310,169431,2,0.1,-28074517,6893,9235,0.0,0.0
1694.320,169432,2,0.1,-19580800,6893,9235,0.0,0.0
1694.330,169433,2,0.1,-13413309,6893,9235,0.0,0.0
1694.340,169434,2,0.1,14935012,6893,9235,0.0,0.0
1694.350,169435,2,0.1,19687306,6893,9235,0.0,0.0
1694.360,169436,2,0.1,-3310803,6893,9235,0.0,0.0
1694.370,169437,2,0.1,742347,6893,9235,0.0,0.0
1694.380,169438,2,0.1,-18359119,6893,9235,0.0,0.0
1694.390,169439,2,0.1,10252475,6893,9235,0.0,0.0
1694.400,169440,2,0.1,-830604,6893,9235,0.0,0.0
1694.410,169441,2,0.1,-6485083,6893,9235,0.0,0.0
1694.420,169442,2,0.1,26263450,6893,9235,0.0,0.0
1694.430,169443,2,0.1,26050172,6893,9235,0.0,0.0
1694.440,169444,2,0.1,-9703061,6893,9235,0.0,0.0
1694.450,169445,2,0.1,-4314358,6893,9235,0.0,0.0
1694.460,169446,2,0.1,-20214717,6893,9235,0.0,0.0
1694.470,169447,2,0.1,-5249771,6893,9235,0.0,0.0
1694.480,169448,2,0.1,-17820264,6893,9235,0.0,0.0
1694.490,169449,2,0.1,-14710599,6893,9235,0.0,0.0
1694.500,169450,2,0.1,1939789,6893,9235,0.0,0.0
1694.510,169451,2,0.1,-16428399,6893,9235,0.0,0.0
1694.520,169452,2,0.1,32199296,6893,9235,0.0,0.0
1694.530,169453,2,0.1,16036954,6893,9235,0.0,0.0
1694.540,169454,2,0.1,-9047118,6893,9235,0.0,0.0
1694.550,169455,2,0.1,8226487,6893,9235,0.0,0.0
1694.560,169456,2,0.1,19180052,6893,9235,0.0,0.0
1694.570,169457,2,0.1,-18780230,6893,9235,0.0,0.0
1694.580,169458,2,0.1,-3062959,6893,9235,0.0,0.0
1694.590,169459,2,0.1,212721,6893,9235,0.0,0.0
1694.600,169460,2,0.1,22272095,6893,9235,0.0,0.0
1694.610,169461,2,0.1,12378183,6893,9235,0.0,0.0
1694.620,169462,2,0.1,-6366168,6893,9235,0.0,0.0
1694.630,169463,2,0.1,15145035,6893,9235,0.0,0.0
1694.640,169464,2,0.1,30738416,6893,9235,0.0,0.0
1694.650,169465,2,0.1,-9521526,6893,9235,0.0,0.0
1694.660,169466,2,0.1,-187428,6893,9235,0.0,0.0
1694.670,169467,2,0.1,1976805,6893,9235,0.0,0.0
1694.680,169468,2,0.1,3751220,6893,9235,0.0,0.0
1694.690,169469,2,0.1,1500482,6893,9235,0.0,0.0
1694.700,169470,2,0.1,16987219,6893,9235,0.0,0.0
1694.710,169471,2,0.1,27172628,6893,9235,0.0,0.0
1694.720,169472,2,0.1,5857028,6893,9235,0.0,0.0
1694.730,169473,2,0.1,-16918606,6893,9235,0.0,0.0
1694.740,169474,2,0.1,-9377035,6893,9235,0.0,0.0
1694.750,169475,2,0.1,-10604918,6893,9235,0.0,0.0
1694.760,169476,2,0.1,-5152811,6893,9235,0.0,0.0
1694.770,169477,2,0.1,-2438154,6893,9235,0.0,0.0
1694.780,169478,2,0.1,-14894035,6893,9235,0.0,0.0
1694.790,169479,2,0.1,-8600106,6893,9235,0.0,0.0
1694.800,169480,2,0.1,-10939510,6893,9235,0.0,0.0
1694.810,169481,2,0.1,-2143962,6893,9235,0.0,0.0
1694.820,169482,2,0.1,-32348879,6893,9235,0.0,0.0
1694.830,169483,2,0.1,7287397,6893,9235,0.0,0.0
1694.840,169484,2,0.1,-9582937,6893,9235,0.0,0.0
1694.850,169485,2,0.1,-129478,6893,9235,0.0,0.0
1694.860,169486,2,0.1,-15294544,6893,9235,0.0,0.0
1694.870,169487,2,0.1,4774462,6893,9235,0.0,0.0
1694.880,169488,2,0.1,-34536918,6893,9235,0.0,0.0
1694.890,169489,2,0.1,-8445239,6893,9235,0.0,0.0
1694.900,169490,2,0.1,-5011532,6893,9235,0.0,0.0
1694.910,169491,2,0.1,-624186,6893,9235,0.0,0.0
1694.920,169492,2,0.1,14949654,6893,9235,0.0,0.0
1694.930,169493,2,0.1,13098776,6893,9235,0.0,0.0
1694.940,169494,2,0.1,11440638,6893,9235,0.0,0.0
1694.950,169495,2,0.1,-36135701,6893,9235,0.0,0.0
1694.960,169496,2,0.1,604998,6893,9235,0.0,0.0
1694.970,169497,2,0.1,18209595,6893,9235,0.0,0.0
1694.980,169498,2,0.1,-33297316,6893,9235,0.0,0.0
1694.990,169499,2,0.1,-37208118,6893,9235,0.0,0.0
1695.000,169500,2,0.1,-23856520,6893,9235,0.0,0.0
1695.010,169501,2,0.1,-17815502,6893,9235,0.0,0.0
1695.020,169502,2,0.1,-27076263,6893,9235,0.0,0.0
1695.030,169503,2,0.1,-13516814,6893,9235,0.0,0.0
1695.040,169504,2,0.1,4494662,6893,9235,0.0,0.0
1695.050,169505,2,0.1,13611258,6893,9235,0.0,0.0
1695.060,169506,2,0.1,-18760896,6893,9235,0.0,0.0
1695.070,169507,2,0.1,45073082,6893,9235,0.0,0.0
1695.080,169508,2,0.1,25031301,6893,9235,0.0,0.0
1695.090,169509,2,0.1,-37814090,6893,9235,0.0,0.0
1695.100,169510,2,0.1,-14060890,6893,9235,0.0,0.0
1695.110,169511,2,0.1,-11019147,6893,9235,0.0,0.0
1695.120,169512,2,0.1,136519,6893,9235,0.0,0.0
1695.130,169513,2,0.1,-12683112,6893,9235,0.0,0.0
1695.140,169514,2,0.1,-517099,6893,9235,0.0,0.0
1695.150,169515,2,0.1,-19927144,6893,9235,0.0,0.0
1695.160,169516,2,0.1,-5829252,6893,9235,0.0,0.0
1695.170,169517,2,0.1,-10162268,6893,9235,0.0,0.0
1695.180,169518,2,0.1,14995697,6893,9235,0.0,0.0
1695.190,169519,2,0.1,-2151298,6893,9235,0.0,0.0
1695.200,169520,2,0.1,-10857311,6893,9235,0.0,0.0
1695.210,169521,2,0.1,8877511,6893,9235,0.0,0.0
1695.220,169522,2,0.1,-4746381,6893,9235,0.0,0.0
1695.230,169523,2,0.1,-18613822,6893,9235,0.0,0.0
1695.240,169524,2,0.1,520317,6893,9235,0.0,0.0
1695.250,169525,2,0.1,-3665982,6893,9235,0.0,0.0
1695.260,169526,2,0.1,-2930127,6893,9235,0.0,0.0
1695.270,169527,2,0.1,-15310946,6893,9235,0.0,0.0
1695.280,169528,2,0.1,10558941,6893,9235,0.0,0.0
1695.290,169529,2,0.1,-12288478,6893,9235,0.0,0.0
1695.300,169530,2,0.1,34571908,6893,9235,0.0,0.0
1695.310,169531,2,0.1,-26000302,6893,9235,0.0,0.0
1695.320,169532,2,0.1,-21390180,6893,9235,0.0,0.0
1695.330,169533,2,0.1,1700328,6893,9235,0.0,0.0
1695.340,169534,2,0.1,-16763969,6893,9235,0.0,0.0
1695.350,169535,2,0.1,2092815,6893,9235,0.0,0.0
1695.360,169536,2,0.1,-38152062,6893,9235,0.0,0.0
1695.370,169537,2,0.1,19712806,6893,9235,0.0,0.0
1695.380,169538,2,0.1,22622357,6893,9235,0.0,0.0
1695.390,169539,2,0.1,-11950141,6893,9235,0.0,0.0
1695.400,169540,2,0.1,-8871866,6893,9235,0.0,0.0
1695.410,169541,2,0.1,-7542533,6893,9235,0.0,0.0
1695.420,169542,2,0.1,3644776,6893,9235,0.0,0.0
1695.430,169543,2,0.1,9502906,6893,9235,0.0,0.0
1695.440,169544,2,0.1,-14501916,6893,9235,0.0,0.0
1695.450,169545,2,0.1,10850914,6893,9235,0.0,0.0
1695.460,169546,2,0.1,-17728820,6893,9235,0.0,0.0
1695.470,169547,2,0.1,6514935,6893,9235,0.0,0.0
1695.480,169548,2,0.1,-1351292,6893,9235,0.0,0.0
1695.490,169549,2,0.1,-6354012,6893,9235,0.0,0.0
1695.500,169550,2,0.1,12518218,6893,9235,0.0,0.0
1695.510,169551,2,0.1,7135614,6893,9235,0.0,0.0
1695.520,169552,2,0.1,16869297,6893,9235,0.0,0.0
1695.530,169553,2,0.1,-12534850,6893,9235,0.0,0.0
1695.540,169554,2,0.1,26446086,6893,9235,0.0,0.0
1695.550,169555,2,0.1,-9388063,6893,9235,0.0,0.0
1695.560,169556,2,0.1,-17167912,6893,9235,0.0,0.0
1695.570,169557,2,0.1,11104426,6893,9235,0.0,0.0
1695.580,169558,2,0.1,22655815,6893,9235,0.0,0.0
1695.590,169559,2,0.1,8155517,6893,9235,0.0,0.0
1695.600,169560,2,0.1,-8734412,6893,9235,0.0,0.0
1695.610,169561,2,0.1,-33420117,6893,9235,0.0,0.0
1695.620,169562,2,0.1,9435235,6893,9235,0.0,0.0
1695.630,169563,2,0.1,9491933,6893,9235,0.0,0.0
1695.640,169564,2,0.1,-10600900,6893,9235,0.0,0.0
1695.650,169565,2,0.1,15709709,6893,9235,0.0,0.0
1695.660,169566,2,0.1,-2366387,6893,9235,0.0,0.0
1695.670,169567,2,0.1,2744190,6893,9235,0.0,0.0
1695.680,169568,2,0.1,2421355,6893,9235,0.0,0.0
1695.690,169569,2,0.1,-28918246,6893,9235,0.0,0.0
1695.700,169570,2,0.1,29508062,6893,9235,0.0,0.0
1695.710,169571,2,0.1,-10912102,6893,9235,0.0,0.0
1695.720,169572,2,0.1,-14042271,6893,9235,0.0,0.0
1695.730,169573,2,0.1,-18339401,6893,9235,0.0,0.0
1695.740,169574,2,0.1,-25950989,6893,9235,0.0,0.0
1695.750,169575,2,0.1,7746891,6893,9235,0.0,0.0
1695.760,169576,2,0.1,17338844,6893,9235,0.0,0.0
1695.770,169577,2,0.1,16975872,6893,9235,0.0,0.0
1695.780,169578,2,0.1,8740021,6893,9235,0.0,0.0
1695.790,169579,2,0.1,13904066,6893,9235,0.0,0.0
1695.800,169580,2,0.1,18571746,6893,9235,0.0,0.0
1695.810,169581,2,0.1,21196112,6893,9235,0.0,0.0
1695.820,169582,2,0.1,-1526021,6893,9235,0.0,0.0
1695.830,169583,2,0.1,4133611,6893,9235,0.0,0.0
1695.840,169584,2,0.1,-18793073,6893,9235,0.0,0.0
1695.850,169585,2,0.1,-16992278,6893,9235,0.0,0.0
1695.860,169586,2,0.1,9086056,6893,9235,0.0,0.0
1695.870,169587,2,0.1,-360493,6893,9235,0.0,0.0
1695.880,169588,2,0.1,-7959061,6893,9235,0.0,0.0
1695.890,169589,2,0.1,7032184,6893,9235,0.0,0.0
1695.900,169590,2,0.1,7860628,6893,9235,0.0,0.0
1695.910,169591,2,0.1,-12723621,6893,9235,0.0,0.0
1695.920,169592,2,0.1,-1043515,6893,9235,0.0,0.0
1695.930,169593,2,0.1,-11635316,6893,9235,0.0,0.0
1695.940,169594,2,0.1,-1355710,6893,9235,0.0,0.0
1695.950,169595,2,0.1,-27529210,6893,9235,0.0,0.0
1695.960,169596,2,0.1,21999235,6893,9235,0.0,0.0
1695.970,169597,2,0.1,8251965,6893,9235,0.0,0.0
1695.980,169598,2,0.1,-28285946,6893,9235,0.0,0.0
1695.990,169599,2,0.1,-7498171,6893,9235,0.0,0.0
1696.000,169600,2,0.1,-7134097,6893,9235,0.0,0.0
1696.010,169601,2,0.1,-5278908,6893,9235,0.0,0.0
1696.020,169602,2,0.1,-15479397,6893,9235,0.0,0.0
1696.030,169603,2,0.1,3688117,6893,9235,0.0,0.0
1696.040,169604,2,0.1,-1821794,6893,9235,0.0,0.0
1696.050,169605,2,0.1,-7976889,6893,9235,0.0,0.0
1696.060,169606,2,0.1,-8443478,6893,9235,0.0,0.0
1696.070,169607,2,0.1,-29144456,6893,9235,0.0,0.0
1696.080,169608,2,0.1,-4757410,6893,9235,0.0,0.0
1696.090,169609,2,0.1,-17019834,6893,9235,0.0,0.0
1696.100,169610,2,0.1,-34241067,6893,9235,0.0,0.0
1696.110,169611,2,0.1,-19634620,6893,9235,0.0,0.0
1696.120,169612,2,0.1,3542507,6893,9235,0.0,0.0
1696.130,169613,2,0.1,-56950108,6893,9235,0.0,0.0
1696.140,169614,2,0.1,-24871154,6893,9235,0.0,0.0
1696.150,169615,2,0.1,5822995,6893,9235,0.0,0.0
1696.160,169616,2,0.1,-11076892,6893,9235,0.0,0.0
1696.170,169617,2,0.1,12879961,6893,9235,0.0,0.0
1696.180,169618,2,0.1,-14104631,6893,9235,0.0,0.0
1696.190,169619,2,0.1,14856943,6893,9235,0.0,0.0
1696.200,169620,2,0.1,-24367305,6893,9235,0.0,0.0
1696.210,169621,2,0.1,-24955969,6893,9235,0.0,0.0
1696.220,169622,2,0.1,-6975609,6893,9235,0.0,0.0
1696.230,169623,2,0.1,5790127,6893,9235,0.0,0.0
1696.240,169624,2,0.1,8129496,6893,9235,0.0,0.0
1696.250,169625,2,0.1,-1385251,6893,9235,0.0,0.0
1696.260,169626,2,0.1,504833,6893,9235,0.0,0.0
1696.270,169627,2,0.1,-8762062,6893,9235,0.0,0.0
1696.280,169628,2,0.1,-23093826,6893,9235,0.0,0.0
1696.290,169629,2,0.1,8136986,6893,9235,0.0,0.0
1696.300,169630,2,0.1,-5564446,6893,9235,0.0,0.0
1696.310,169631,2,0.1,18160222,6893,9235,0.0,0.0
1696.320,169632,2,0.1,-6813392,6893,9235,0.0,0.0
1696.330,169633,2,0.1,-11111761,6893,9235,0.0,0.0
1696.340,169634,2,0.1,-28432971,6893,9235,0.0,0.0
1696.350,169635,2,0.1,13894903,6893,9235,0.0,0.0
1696.360,169636,2,0.1,-4493966,6893,9235,0.0,0.0
1696.370,169637,2,0.1,-13412255,6893,9235,0.0,0.0
1696.380,169638,2,0.1,-12316375,6893,9235,0.0,0.0
1696.390,169639,2,0.1,21153796,6893,9235,0.0,0.0
1696.400,169640,2,0.1,-7144325,6893,9235,0.0,0.0
1696.410,169641,2,0.1,-5233716,6893,9235,0.0,0.0
1696.420,169642,2,0.1,-9774751,6893,9235,0.0,0.0
1696.430,169643,2,0.1,7280084,6893,9235,0.0,0.0
1696.440,169644,2,0.1,-22685749,6893,9235,0.0,0.0
1696.450,169645,2,0.1,11320052,6893,9235,0.0,0.0
1696.460,169646,2,0.1,11472408,6893,9235,0.0,0.0
1696.470,169647,2,0.1,18346083,6893,9235,0.0,0.0
1696.480,169648,2,0.1,-16089810,6893,9235,0.0,0.0
1696.490,169649,2,0.1,14038229,6893,9235,0.0,0.0
1696.500,169650,2,0.1,4025068,6893,9235,0.0,0.0
1696.510,169651,2,0.1,-5977240,6893,9235,0.0,0.0
1696.520,169652,2,0.1,6762549,6893,9235,0.0,0.0
1696.530,169653,2,0.1,1822866,6893,9235,0.0,0.0
1696.540,169654,2,0.1,-13032709,6893,9235,0.0,0.0
1696.550,169655,2,0.1,125327,6893,9235,0.0,0.0
1696.560,169656,2,0.1,22536103,6893,9235,0.0,0.0
1696.570,169657,2,0.1,-11362216,6893,9235,0.0,0.0
1696.580,169658,2,0.1,-31440977,6893,9235,0.0,0.0
1696.590,169659,2,0.1,-35124503,6893,9235,0.0,0.0
1696.600,169660,2,0.1,-19077702,6893,9235,0.0,0.0
1696.610,169661,2,0.1,-20572148,6893,9235,0.0,0.0
1696.620,169662,2,0.1,-30683317,6893,9235,0.0,0.0
1696.630,169663,2,0.1,859914,6893,9235,0.0,0.0
1696.640,169664,2,0.1,-4906223,6893,9235,0.0,0.0
1696.650,169665,2,0.1,-3608784,6893,9235,0.0,0.0
1696.660,169666,2,0.1,3278006,6893,9235,0.0,0.0
1696.670,169667,2,0.1,-3681101,6893,9235,0.0,0.0
1696.680,169668,2,0.1,-13643837,6893,9235,0.0,0.0
1696.690,169669,2,0.1,-11269460,6893,9235,0.0,0.0
1696.700,169670,2,0.1,-131917,6893,9235,0.0,0.0
1696.710,169671,2,0.1,-5872759,6893,9235,0.0,0.0
1696.720,169672,2,0.1,20224526,6893,9235,0.0,0.0
1696.730,169673,2,0.1,-6540131,6893,9235,0.0,0.0
1696.740,169674,2,0.1,13533381,6893,9235,0.0,0.0
1696.750,169675,2,0.1,-15522732,6893,9235,0.0,0.0
1696.760,169676,2,0.1,-14332611,6893,9235,0.0,0.0
1696.770,169677,2,0.1,-3053651,6893,9235,0.0,0.0
1696.780,169678,2,0.1,29266915,6893,9235,0.0,0.0
1696.790,169679,2,0.1,-7368695,6893,9235,0.0,0.0
1696.800,169680,2,0.1,4455001,6893,9235,0.0,0.0
1696.810,169681,2,0.1,7626811,6893,9235,0.0,0.0
1696.820,169682,2,0.1,-399409,6893,9235,0.0,0.0
1696.830,169683,2,0.1,-29692737,6893,9235,0.0,0.0
1696.840,169684,2,0.1,-15907168,6893,9235,0.0,0.0
1696.850,169685,2,0.1,-7985298,6893,9235,0.0,0.0
1696.860,169686,2,0.1,-30723660,6893,9235,0.0,0.0
1696.870,169687,2,0.1,-10160524,6893,9235,0.0,0.0
1696.880,169688,2,0.1,-21446019,6893,9235,0.0,0.0
1696.890,169689,2,0.1,-10257809,6893,9235,0.0,0.0
1696.900,169690,2,0.1,-8677474,6893,9235,0.0,0.0
1696.910,169691,2,0.1,12539579,6893,9235,0.0,0.0
1696.920,169692,2,0.1,711838,6893,9235,0.0,0.0
1696.930,169693,2,0.1,-6379707,6893,9235,0.0,0.0
1696.940,169694,2,0.1,5643750,6893,9235,0.0,0.0
1696.950,169695,2,0.1,19729988,6893,9235,0.0,0.0
1696.960,169696,2,0.1,-10467942,6893,9235,0.0,0.0
1696.970,169697,2,0.1,-336808,6893,9235,0.0,0.0
1696.980,169698,2,0.1,-29204983,6893,9235,0.0,0.0
1696.990,169699,2,0.1,16768966,6893,9235,0.0,0.0
1697.000,169700,2,0.1,3203083,6893,9235,0.0,0.0
1697.010,169701,2,0.1,-5537601,6893,9235,0.0,0.0
1697.020,169702,2,0.1,-15992806,6893,9235,0.0,0.0
1697.030,169703,2,0.1,-20374364,6893,9235,0.0,0.0
1697.040,169704,2,0.1,3630539,6893,9235,0.0,0.0
1697.050,169705,2,0.1,803456,6893,9235,0.0,0.0
1697.060,169706,2,0.1,-17919963,6893,9235,0.0,0.0
1697.070,169707,2,0.1,-14241680,6893,9235,0.0,0.0
1697.080,169708,2,0.1,3945201,6893,9235,0.0,0.0
1697.090,169709,2,0.1,-28892464,6893,9235,0.0,0.0
1697.100,169710,2,0.1,29265058,6893,9235,0.0,0.0
1697.110,169711,2,0.1,-47196897,6893,9235,0.0,0.0
1697.120,169712,2,0.1,-17581293,6893,9235,0.0,0.0
1697.130,169713,2,0.1,1174539,6893,9235,0.0,0.0
1697.140,169714,2,0.1,-7497864,6893,9235,0.0,0.0
1697.150,169715,2,0.1,-35862715,6893,9235,0.0,0.0
1697.160,169716,2,0.1,-41717394,6893,9235,0.0,0.0
1697.170,169717,2,0.1,-12378714,6893,9235,0.0,0.0
1697.180,169718,2,0.1,-16600378,6893,9235,0.0,0.0
1697.190,169719,2,0.1,-12868891,6893,9235,0.0,0.0
1697.200,169720,2,0.1,-12651435,6893,9235,0.0,0.0
1697.210,169721,2,0.1,-6146751,6893,9235,0.0,0.0
1697.220,169722,2,0.1,-19429180,6893,9235,0.0,0.0
1697.230,169723,2,0.1,-22702549,6893,9235,0.0,0.0
1697.240,169724,2,0.1,1488966,6893,9235,0.0,0.0
1697.250,169725,2,0.1,-886896,6893,9235,0.0,0.0
1697.260,169726,2,0.1,17551390,6893,9235,0.0,0.0
1697.270,169727,2,0.1,641903,6893,9235,0.0,0.0
1697.280,169728,2,0.1,16643237,6893,9235,0.0,0.0
1697.290,169729,2,0.1,20217795,6893,9235,0.0,0.0
1697.300,169730,2,0.1,-8279375,6893,9235,0.0,0.0
1697.310,169731,2,0.1,8250227,6893,9235,0.0,0.0
1697.320,169732,2,0.1,-11763098,6893,9235,0.0,0.0
1697.330,169733,2,0.1,14946701,6893,9235,0.0,0.0
1697.340,169734,2,0.1,-15078931,6893,9235,0.0,0.0
1697.350,169735,2,0.1,-32623747,6893,9235,0.0,0.0
1697.360,169736,2,0.1,-29465885,6893,9235,0.0,0.0
1697.370,169737,2,0.1,-22301665,6893,9235,0.0,0.0
1697.380,169738,2,0.1,-34497781,6893,9235,0.0,0.0
1697.390,169739,2,0.1,-134445,6893,9235,0.0,0.0
1697.400,169740,2,0.1,10131034,6893,9235,0.0,0.0
1697.410,169741,2,0.1,-24979421,6893,9235,0.0,0.0
1697.420,169742,2,0.1,-12730183,6893,9235,0.0,0.0
1697.430,169743,2,0.1,-16366472,6893,9235,0.0,0.0
1697.440,169744,2,0.1,6391270,6893,9235,0.0,0.0
1697.450,169745,2,0.1,-21026132,6893,9235,0.0,0.0
1697.460,169746,2,0.1,-8443348,6893,9235,0.0,0.0
1697.470,169747,2,0.1,-120134,6893,9235,0.0,0.0
1697.480,169748,2,0.1,20024218,6893,9235,0.0,0.0
1697.490,169749,2,0.1,-24586172,6893,9235,0.0,0.0
1697.500,169750,2,0.1,-23318246,6893,9235,0.0,0.0
1697.510,169751,2,0.1,-15669605,6893,9235,0.0,0.0
1697.520,169752,2,0.1,4916613,6893,9235,0.0,0.0
1697.530,169753,2,0.1,-27609554,6893,9235,0.0,0.0
1697.540,169754,2,0.1,-17452371,6893,9235,0.0,0.0
1697.550,169755,2,0.1,-5377077,6893,9235,0.0,0.0
1697.560,169756,2,0.1,-21328687,6893,9235,0.0,0.0
1697.570,169757,2,0.1,-6588524,6893,9235,0.0,0.0
1697.580,169758,2,0.1,13058367,6893,9235,0.0,0.0
1697.590,169759,2,0.1,-3210161,6893,9235,0.0,0.0
1697.600,169760,2,0.1,-20892179,6893,9235,0.0,0.0
1697.610,169761,2,0.1,-11866700,6893,9235,0.0,0.0
1697.620,169762,2,0.1,-9185564,6893,9235,0.0,0.0
1697.630,169763,2,0.1,23307502,6893,9235,0.0,0.0
1697.640,169764,2,0.1,-1221336,6893,9235,0.0,0.0
1697.650,169765,2,0.1,-3269923,6893,9235,0.0,0.0
1697.660,169766,2,0.1,-9638234,6893,9235,0.0,0.0
1697.670,169767,2,0.1,-6485822,6893,9235,0.0,0.0
1697.680,169768,2,0.1,-5532742,6893,9235,0.0,0.0
1697.690,169769,2,0.1,1524047,6893,9235,0.0,0.0
1697.700,169770,2,0.1,-18328788,6893,9235,0.0,0.0
1697.710,169771,2,0.1,-15581007,6893,9235,0.0,0.0
1697.720,169772,2,0.1,-8065855,6893,9235,0.0,0.0
1697.730,169773,2,0.1,-36005177,6893,9235,0.0,0.0
1697.740,169774,2,0.1,-11724102,6893,9235,0.0,0.0
1697.750,169775,2,0.1,-17455227,6893,9235,0.0,0.0
1697.760,169776,2,0.1,31397327,6893,9235,0.0,0.0
1697.770,169777,2,0.1,2836246,6893,9235,0.0,0.0
1697.780,169778,2,0.1,-24533466,6893,9235,0.0,0.0
1697.790,169779,2,0.1,13574898,6893,9235,0.0,0.0
1697.800,169780,2,0.1,-25049457,6893,9235,0.0,0.0
1697.810,169781,2,0.1,-5096933,6893,9235,0.0,0.0
1697.820,169782,2,0.1,-13983969,6893,9235,0.0,0.0
1697.830,169783,2,0.1,10069164,6893,9235,0.0,0.0
1697.840,169784,2,0.1,-2033840,6893,9235,0.0,0.0
1697.850,169785,2,0.1,-4761051,6893,9235,0.0,0.0
1697.860,169786,2,0.1,24364123,6893,9235,0.0,0.0
1697.870,169787,2,0.1,-28947641,6893,9235,0.0,0.0
1697.880,169788,2,0.1,-29890653,6893,9235,0.0,0.0
1697.890,169789,2,0.1,-29587659,6893,9235,0.0,0.0
1697.900,169790,2,0.1,-1377338,6893,9235,0.0,0.0
1697.910,169791,2,0.1,-9157698,6893,9235,0.0,0.0
1697.920,169792,2,0.1,9741286,6893,9235,0.0,0.0
1697.930,169793,2,0.1,5507529,6893,9235,0.0,0.0
1697.940,169794,2,0.1,-22429715,6893,9235,0.0,0.0
1697.950,169795,2,0.1,-12306435,6893,9235,0.0,0.0
1697.960,169796,2,0.1,-3357762,6893,9235,0.0,0.0
1697.970,169797,2,0.1,-18076414,6893,9235,0.0,0.0
1697.980,169798,2,0.1,10553190,6893,9235,0.0,0.0
1697.990,169799,2,0.1,-25054105,6893,9235,0.0,0.0
1698.000,169800,2,0.1,17591348,6893,9235,0.0,0.0
1698.010,169801,2,0.1,-17109912,6893,9235,0.0,0.0
1698.020,169802,2,0.1,-23734645,6893,9235,0.0,0.0
1698.030,169803,2,0.1,-13911092,6893,9235,0.0,0.0
1698.040,169804,2,0.1,-17763176,6893,9235,0.0,0.0
1698.050,169805,2,0.1,7960784,6893,9235,0.0,0.0
1698.060,169806,2,0.1,-30736239,6893,9235,0.0,0.0
1698.070,169807,2,0.1,-3202929,6893,9235,0.0,0.0
1698.080,169808,2,0.1,-19268312,6893,9235,0.0,0.0
1698.090,169809,2,0.1,10771472,6893,9235,0.0,0.0
1698.100,169810,2,0.1,-21765598,6893,9235,0.0,0.0
1698.110,169811,2,0.1,-13359498,6893,9235,0.0,0.0
1698.120,169812,2,0.1,21523261,6893,9235,0.0,0.0
1698.130,169813,2,0.1,-10932368,6893,9235,0.0,0.0
1698.140,169814,2,0.1,-9565830,6893,9235,0.0,0.0
1698.150,169815,2,0.1,-9128098,6893,9235,0.0,0.0
1698.160,169816,2,0.1,-14636021,6893,9235,0.0,0.0
1698.170,169817,2,0.1,-5887216,6893,9235,0.0,0.0
1698.180,169818,2,0.1,-8629122,6893,9235,0.0,0.0
1698.190,169819,2,0.1,-5605045,6893,9235,0.0,0.0
1698.200,169820,2,0.1,22200613,6893,9235,0.0,0.0
1698.210,169821,2,0.1,-11303729,6893,9235,0.0,0.0
1698.220,169822,2,0.1,-24399427,6893,9235,0.0,0.0
1698.230,169823,2,0.1,-11868429,6893,9235,0.0,0.0
1698.240,169824,2,0.1,-23209413,6893,9235,0.0,0.0
1698.250,169825,2,0.1,-1472551,6893,9235,0.0,0.0
1698.260,169826,2,0.1,1901321,6893,9235,0.0,0.0
1698.270,169827,2,0.1,10968370,6893,9235,0.0,0.0
1698.280,169828,2,0.1,-13065833,6893,9235,0.0,0.0
1698.290,169829,2,0.1,-8239494,6893,9235,0.0,0.0
1698.300,169830,2,0.1,-2969077,6893,9235,0.0,0.0
1698.310,169831,2,0.1,899449,6893,9235,0.0,0.0
1698.320,169832,2,0.1,-40152333,6893,9235,0.0,0.0
1698.330,169833,2,0.1,10557370,6893,9235,0.0,0.0
1698.340,169834,2,0.1,969774,6893,9235,0.0,0.0
1698.350,169835,2,0.1,-44860000,6893,9235,0.0,0.0
1698.360,169836,2,0.1,50420939,6893,9235,0.0,0.0
1698.370,169837,2,0.1,-20184386,6893,9235,0.0,0.0
1698.380,169838,2,0.1,14177865,6893,9235,0.0,0.0
1698.390,169839,2,0.1,-2971889,6893,9235,0.0,0.0
1698.400,169840,2,0.1,-1511216,6893,9235,0.0,0.0
1698.410,169841,2,0.1,-5535200,6893,9235,0.0,0.0
1698.420,169842,2,0.1,-3536759,6893,9235,0.0,0.0
1698.430,169843,2,0.1,28313759,6893,9235,0.0,0.0
1698.440,169844,2,0.1,-17955275,6893,9235,0.0,0.0
1698.450,169845,2,0.1,296532,6893,9235,0.0,0.0
1698.460,169846,2,0.1,-28231199,6893,9235,0.0,0.0
1698.470,169847,2,0.1,-4446786,6893,9235,0.0,0.0
1698.480,169848,2,0.1,-29363924,6893,9235,0.0,0.0
1698.490,169849,2,0.1,-15214473,6893,9235,0.0,0.0
1698.500,169850,2,0.1,-37524879,6893,9235,0.0,0.0
1698.510,169851,2,0.1,-4287732,6893,9235,0.0,0.0
1698.520,169852,2,0.1,-10507085,6893,9235,0.0,0.0
1698.530,169853,2,0.1,-18526777,6893,9235,0.0,0.0
1698.540,169854,2,0.1,-2855220,6893,9235,0.0,0.0
1698.550,169855,2,0.1,-2801737,6893,9235,0.0,0.0
1698.560,169856,2,0.1,-10585494,6893,9235,0.0,0.0
1698.570,169857,2,0.1,-6224796,6893,9235,0.0,0.0
1698.580,169858,2,0.1,-24951314,6893,9235,0.0,0.0
1698.590,169859,2,0.1,18663064,6893,9235,0.0,0.0
1698.600,169860,2,0.1,-2116725,6893,9235,0.0,0.0
1698.610,169861,2,0.1,-34923040,6893,9235,0.0,0.0
1698.620,169862,2,0.1,-35695366,6893,9235,0.0,0.0
1698.630,169863,2,0.1,6742357,6893,9235,0.0,0.0
1698.640,169864,2,0.1,-23899998,6893,9235,0.0,0.0
1698.650,169865,2,0.1,-9629264,6893,9235,0.0,0.0
1698.660,169866,2,0.1,21749456,6893,9235,0.0,0.0
1698.670,169867,2,0.1,-8588797,6893,9235,0.0,0.0
1698.680,169868,2,0.1,-758756,6893,9235,0.0,0.0
1698.690,169869,2,0.1,23451184,6893,9235,0.0,0.0
1698.700,169870,2,0.1,-8006408,6893,9235,0.0,0.0
1698.710,169871,2,0.1,-1397949,6893,9235,0.0,0.0
1698.720,169872,2,0.1,-15069018,6893,9235,0.0,0.0
1698.730,169873,2,0.1,-16295038,6893,9235,0.0,0.0
1698.740,169874,2,0.1,-245375,6893,9235,0.0,0.0
1698.750,169875,2,0.1,-33484235,6893,9235,0.0,0.0
1698.760,169876,2,0.1,-10263423,6893,9235,0.0,0.0
1698.770,169877,2,0.1,-21771681,6893,9235,0.0,0.0
1698.780,169878,2,0.1,-34034444,6893,9235,0.0,0.0
1698.790,169879,2,0.1,-20781049,6893,9235,0.0,0.0
1698.800,169880,2,0.1,-24488172,6893,9235,0.0,0.0
1698.810,169881,2,0.1,5016121,6893,9235,0.0,0.0
1698.820,169882,2,0.1,-15520744,6893,9235,0.0,0.0
1698.830,169883,2,0.1,9635499,6893,9235,0.0,0.0
1698.840,169884,2,0.1,-8750545,6893,9235,0.0,0.0
1698.850,169885,2,0.1,-5972807,6893,9235,0.0,0.0
1698.860,169886,2,0.1,9675461,6893,9235,0.0,0.0
1698.870,169887,2,0.1,-4763646,6893,9235,0.0,0.0
1698.880,169888,2,0.1,-30758486,6893,9235,0.0,0.0
1698.890,169889,2,0.1,-19451771,6893,9235,0.0,0.0
1698.900,169890,2,0.1,5927227,6893,9235,0.0,0.0
1698.910,169891,2,0.1,-8894861,6893,9235,0.0,0.0
1698.920,169892,2,0.1,-36072817,6893,9235,0.0,0.0
1698.930,169893,2,0.1,8354823,6893,9235,0.0,0.0
1698.940,169894,2,0.1,-13791654,6893,9235,0.0,0.0
1698.950,169895,2,0.1,-2412942,6893,9235,0.0,0.0
1698.960,169896,2,0.1,12956825,6893,9235,0.0,0.0
1698.970,169897,2,0.1,-31243503,6893,9235,0.0,0.0
1698.980,169898,2,0.1,-15248082,6893,9235,0.0,0.0
1698.990,169899,2,0.1,-23475454,6893,9235,0.0,0.0
1699.000,169900,2,0.1,-3519070,6893,9235,0.0,0.0
1699.010,169901,2,0.1,-11744884,6893,9235,0.0,0.0
1699.020,169902,2,0.1,-23217736,6893,9235,0.0,0.0
1699.030,169903,2,0.1,-7810964,6893,9235,0.0,0.0
1699.040,169904,2,0.1,-559548,6893,9235,0.0,0.0
1699.050,169905,2,0.1,-23553882,6893,9235,0.0,0.0
1699.060,169906,2,0.1,-32757329,6893,9235,0.0,0.0
1699.070,169907,2,0.1,-5380745,6893,9235,0.0,0.0
1699.080,169908,2,0.1,768497,6893,9235,0.0,0.0
1699.090,169909,2,0.1,-274091,6893,9235,0.0,0.0
1699.100,169910,2,0.1,22514507,6893,9235,0.0,0.0
1699.110,169911,2,0.1,-5416536,6893,9235,0.0,0.0
1699.120,169912,2,0.1,-8299862,6893,9235,0.0,0.0
1699.130,169913,2,0.1,-1845699,6893,9235,0.0,0.0
1699.140,169914,2,0.1,-32367209,6893,9235,0.0,0.0
1699.150,169915,2,0.1,4771361,6893,9235,0.0,0.0
1699.160,169916,2,0.1,-22659511,6893,9235,0.0,0.0
1699.170,169917,2,0.1,14169201,6893,9235,0.0,0.0
1699.180,169918,2,0.1,-12546356,6893,9235,0.0,0.0
1699.190,169919,2,0.1,-10038429,6893,9235,0.0,0.0
1699.200,169920,2,0.1,-2956850,6893,9235,0.0,0.0
1699.210,169921,2,0.1,-19045585,6893,9235,0.0,0.0
1699.220,169922,2,0.1,10010562,6893,9235,0.0,0.0
1699.230,169923,2,0.1,7572678,6893,9235,0.0,0.0
1699.240,169924,2,0.1,-20898405,6893,9235,0.0,0.0
1699.250,169925,2,0.1,-695965,6893,9235,0.0,0.0
1699.260,169926,2,0.1,-22224005,6893,9235,0.0,0.0
1699.270,169927,2,0.1,3098398,6893,9235,0.0,0.0
1699.280,169928,2,0.1,-15345134,6893,9235,0.0,0.0
1699.290,169929,2,0.1,-1683518,6893,9235,0.0,0.0
1699.300,169930,2,0.1,38285093,6893,9235,0.0,0.0
1699.310,169931,2,0.1,-1804763,6893,9235,0.0,0.0
1699.320,169932,2,0.1,-13420850,6893,9235,0.0,0.0
1699.330,169933,2,0.1,-23647713,6893,9235,0.0,0.0
1699.340,169934,2,0.1,-21457966,6893,9235,0.0,0.0
1699.350,169935,2,0.1,-22883787,6893,9235,0.0,0.0
1699.360,169936,2,0.1,-12279585,6893,9235,0.0,0.0
1699.370,169937,2,0.1,-27030060,6893,9235,0.0,0.0
1699.380,169938,2,0.1,-22199671,6893,9235,0.0,0.0
1699.390,169939,2,0.1,589472,6893,9235,0.0,0.0
1699.400,169940,2,0.1,17449071,6893,9235,0.0,0.0
1699.410,169941,2,0.1,5699475,6893,9235,0.0,0.0
1699.420,169942,2,0.1,-24717620,6893,9235,0.0,0.0
1699.430,169943,2,0.1,-7814135,6893,9235,0.0,0.0
1699.440,169944,2,0.1,-5111336,6893,9235,0.0,0.0
1699.450,169945,2,0.1,-14447592,6893,9235,0.0,0.0
1699.460,169946,2,0.1,-15661356,6893,9235,0.0,0.0
1699.470,169947,2,0.1,-20818514,6893,9235,0.0,0.0
1699.480,169948,2,0.1,6264872,6893,9235,0.0,0.0
1699.490,169949,2,0.1,-3306134,6893,9235,0.0,0.0
1699.500,169950,2,0.1,18015726,6893,9235,0.0,0.0
1699.510,169951,2,0.1,-4151969,6893,9235,0.0,0.0
1699.520,169952,2,0.1,22377923,6893,9235,0.0,0.0
1699.530,169953,2,0.1,-45387937,6893,9235,0.0,0.0
1699.540,169954,2,0.1,6703290,6893,9235,0.0,0.0
1699.550,169955,2,0.1,-12005266,6893,9235,0.0,0.0
1699.560,169956,2,0.1,-2737785,6893,9235,0.0,0.0
1699.570,169957,2,0.1,-8059155,6893,9235,0.0,0.0
1699.580,169958,2,0.1,8621922,6893,9235,0.0,0.0
1699.590,169959,2,0.1,-10118075,6893,9235,0.0,0.0
1699.600,169960,2,0.1,-17869074,6893,9235,0.0,0.0
1699.610,169961,2,0.1,3931138,6893,9235,0.0,0.0
1699.620,169962,2,0.1,-14585630,6893,9235,0.0,0.0
1699.630,169963,2,0.1,-15209597,6893,9235,0.0,0.0
1699.640,169964,2,0.1,-14664427,6893,9235,0.0,0.0
1699.650,169965,2,0.1,2871638,6893,9235,0.0,0.0
1699.660,169966,2,0.1,-4336015,6893,9235,0.0,0.0
1699.670,169967,2,0.1,-3599467,6893,9235,0.0,0.0
1699.680,169968,2,0.1,-17885660,6893,9235,0.0,0.0
1699.690,169969,2,0.1,-18498101,6893,9235,0.0,0.0
1699.700,169970,2,0.1,-28236594,6893,9235,0.0,0.0
1699.710,169971,2,0.1,116017,6893,9235,0.0,0.0
1699.720,169972,2,0.1,-19788274,6893,9235,0.0,0.0
1699.730,169973,2,0.1,-27264107,6893,9235,0.0,0.0
1699.740,169974,2,0.1,-17777500,6893,9235,0.0,0.0
1699.750,169975,2,0.1,-15880657,6893,9235,0.0,0.0
1699.760,169976,2,0.1,14181061,6893,9235,0.0,0.0
1699.770,169977,2,0.1,6997655,6893,9235,0.0,0.0
1699.780,169978,2,0.1,-29387296,6893,9235,0.0,0.0
1699.790,169979,2,0.1,-16698796,6893,9235,0.0,0.0
1699.800,169980,2,0.1,-36883880,6893,9235,0.0,0.0
1699.810,169981,2,0.1,16756348,6893,9235,0.0,0.0
1699.820,169982,2,0.1,4971608,6893,9235,0.0,0.0
1699.830,169983,2,0.1,-31767697,6893,9235,0.0,0.0
1699.840,169984,2,0.1,-27212085,6893,9235,0.0,0.0
1699.850,169985,2,0.1,-9673051,6893,9235,0.0,0.0
1699.860,169986,2,0.1,-18702087,6893,9235,0.0,0.0
1699.870,169987,2,0.1,-41080810,6893,9235,0.0,0.0
1699.880,169988,2,0.1,-6593560,6893,9235,0.0,0.0
1699.890,169989,2,0.1,-17970070,6893,9235,0.0,0.0
1699.900,169990,2,0.1,-6156589,6893,9235,0.0,0.0
1699.910,169991,2,0.1,17569803,6893,9235,0.0,0.0
1699.920,169992,2,0.1,-18623551,6893,9235,0.0,0.0
1699.930,169993,2,0.1,10991241,6893,9235,0.0,0.0
1699.940,169994,2,0.1,-1371711,6893,9235,0.0,0.0
1699.950,169995,2,0.1,1314444,6893,9235,0.0,0.0
1699.960,169996,2,0.1,16860066,6893,9235,0.0,0.0
1699.970,169997,2,0.1,1586674,6893,9235,0.0,0.0
1699.980,169998,2,0.1,-27733847,6893,9235,0.0,0.0
1699.990,169999,2,0.1,19307356,6893,9235,0.0,0.0
1700.000,170000,2,0.1,3262567,6893,9235,0.0,0.0
1700.010,170001,2,0.1,-844257,6893,9235,0.0,0.0
1700.020,170002,2,0.1,-509646,6893,9235,0.0,0.0
1700.030,170003,2,0.1,18101601,6893,9235,0.0,0.0
1700.040,170004,2,0.1,-2615414,6893,9235,0.0,0.0
1700.050,170005,2,0.1,-9058481,6893,9235,0.0,0.0
1700.060,170006,2,0.1,-3686294,6893,9235,0.0,0.0
1700.070,170007,2,0.1,1646833,6893,9235,0.0,0.0
1700.080,170008,2,0.1,11985062,6893,9235,0.0,0.0
1700.090,170009,2,0.1,-18048950,6893,9235,0.0,0.0
1700.100,170010,2,0.1,1671841,6893,9235,0.0,0.0
1700.110,170011,2,0.1,-14778303,6893,9235,0.0,0.0
1700.120,170012,2,0.1,-19200333,6893,9235,0.0,0.0
1700.130,170013,2,0.1,-10442502,6893,9235,0.0,0.0
1700.140,170014,2,0.1,-3183334,6893,9235,0.0,0.0
1700.150,170015,2,0.1,-28899043,6893,9235,0.0,0.0
1700.160,170016,2,0.1,-8016507,6893,9235,0.0,0.0
1700.170,170017,2,0.1,-16595131,6893,9235,0.0,0.0
1700.180,170018,2,0.1,-15597817,6893,9235,0.0,0.0
1700.190,170019,2,0.1,-8081825,6893,9235,0.0,0.0
1700.200,170020,2,0.1,-874052,6893,9235,0.0,0.0
1700.210,170021,2,0.1,-7805924,6893,9235,0.0,0.0
1700.220,170022,2,0.1,-25172410,6893,9235,0.0,0.0
1700.230,170023,2,0.1,13006033,6893,9235,0.0,0.0
1700.240,170024,2,0.1,-11516247,6893,9235,0.0,0.0
1700.250,170025,2,0.1,2089609,6893,9235,0.0,0.0
1700.260,170026,2,0.1,-26544246,6893,9235,0.0,0.0
1700.270,170027,2,0.1,23985676,6893,9235,0.0,0.0
1700.280,170028,2,0.1,13656840,6893,9235,0.0,0.0
1700.290,170029,2,0.1,-12657246,6893,9235,0.0,0.0
1700.300,170030,2,0.1,-20253323,6893,9235,0.0,0.0
1700.310,170031,2,0.1,-3192188,6893,9235,0.0,0.0
1700.320,170032,2,0.1,-14986945,6893,9235,0.0,0.0
1700.330,170033,2,0.1,-10250547,6893,9235,0.0,0.0
1700.340,170034,2,0.1,-13388983,6893,9235,0.0,0.0
1700.350,170035,2,0.1,19618870,6893,9235,0.0,0.0
1700.360,170036,2,0.1,-36382161,6893,9235,0.0,0.0
1700.370,170037,2,0.1,-12381953,6893,9235,0.0,0.0
1700.380,170038,2,0.1,-2596027,6893,9235,0.0,0.0
1700.390,170039,2,0.1,-11965834,6893,9235,0.0,0.0
1700.400,170040,2,0.1,-22219981,6893,9235,0.0,0.0
1700.410,170041,2,0.1,-17062931,6893,9235,0.0,0.0
1700.420,170042,2,0.1,-5149060,6893,9235,0.0,0.0
1700.430,170043,2,0.1,24180146,6893,9235,0.0,0.0
1700.440,170044,2,0.1,10034856,6893,9235,0.0,0.0
1700.450,170045,2,0.1,-20270727,6893,9235,0.0,0.0
1700.460,170046,2,0.1,4867691,6893,9235,0.0,0.0
1700.470,170047,2,0.1,-17061657,6893,9235,0.0,0.0
1700.480,170048,2,0.1,15513797,6893,9235,0.0,0.0
1700.490,170049,2,0.1,-8960247,6893,9235,0.0,0.0
1700.500,170050,2,0.1,2267928,6893,9235,0.0,0.0
1700.510,170051,2,0.1,-17609556,6893,9235,0.0,0.0
1700.520,170052,2,0.1,9190851,6893,9235,0.0,0.0
1700.530,170053,2,0.1,7293382,6893,9235,0.0,0.0
1700.540,170054,2,0.1,9853865,6893,9235,0.0,0.0
1700.550,170055,2,0.1,-11652013,6893,9235,0.0,0.0
1700.560,170056,2,0.1,15331269,6893,9235,0.0,0.0
1700.570,170057,2,0.1,-14313563,6893,9235,0.0,0.0
1700.580,170058,2,0.1,-5141277,6893,9235,0.0,0.0
1700.590,170059,2,0.1,-6653139,6893,9235,0.0,0.0
1700.600,170060,2,0.1,-20057097,6893,9235,0.0,0.0
1700.610,170061,2,0.1,-11592229,6893,9235,0.0,0.0
1700.620,170062,2,0.1,16980925,6893,9235,0.0,0.0
1700.630,170063,2,0.1,-22102006,6893,9235,0.0,0.0
1700.640,170064,2,0.1,7339487,6893,9235,0.0,0.0
1700.650,170065,2,0.1,-14261364,6893,9235,0.0,0.0
1700.660,170066,2,0.1,-6685962,6893,9235,0.0,0.0
1700.670,170067,2,0.1,-13253935,6893,9235,0.0,0.0
1700.680,170068,2,0.1,8400139,6893,9235,0.0,0.0
1700.690,170069,2,0.1,-464134,6893,9235,0.0,0.0
1700.700,170070,2,0.1,7748034,6893,9235,0.0,0.0
1700.710,170071,2,0.1,7318257,6893,9235,0.0,0.0
1700.720,170072,2,0.1,15839250,6893,9235,0.0,0.0
1700.730,170073,2,0.1,-44459276,6893,9235,0.0,0.0
1700.740,170074,2,0.1,-39213514,6893,9235,0.0,0.0
1700.750,170075,2,0.1,-13688291,6893,9235,0.0,0.0
1700.760,170076,2,0.1,-18216293,6893,9235,0.0,0.0
1700.770,170077,2,0.1,-53026011,6893,9235,0.0,0.0
1700.780,170078,2,0.1,19112563,6893,9235,0.0,0.0
1700.790,170079,2,0.1,-6990317,6893,9235,0.0,0.0
1700.800,170080,2,0.1,-43722630,6893,9235,0.0,0.0
1700.810,170081,2,0.1,2035925,6893,9235,0.0,0.0
1700.820,170082,2,0.1,-28274278,6893,9235,0.0,0.0
1700.830,170083,2,0.1,2492730,6893,9235,0.0,0.0
1700.840,170084,2,0.1,-11936228,6893,9235,0.0,0.0
1700.850,170085,2,0.1,-1986415,6893,9235,0.0,0.0
1700.860,170086,2,0.1,-10024471,6893,9235,0.0,0.0
1700.870,170087,2,0.1,-5799219,6893,9235,0.0,0.0
1700.880,170088,2,0.1,-14839123,6893,9235,0.0,0.0
1700.890,170089,2,0.1,-6085600,6893,9235,0.0,0.0
1700.900,170090,2,0.1,-15965837,6893,9235,0.0,0.0
1700.910,170091,2,0.1,-8593052,6893,9235,0.0,0.0
1700.920,170092,2,0.1,-17401972,6893,9235,0.0,0.0
1700.930,170093,2,0.1,-7221212,6893,9235,0.0,0.0
1700.940,170094,2,0.1,6559894,6893,9235,0.0,0.0
1700.950,170095,2,0.1,-11561269,6893,9235,0.0,0.0
1700.960,170096,2,0.1,-8670917,6893,9235,0.0,0.0
1700.970,170097,2,0.1,-24727081,6893,9235,0.0,0.0
1700.980,170098,2,0.1,-19386886,6893,9235,0.0,0.0
1700.990,170099,2,0.1,-50535304,6893,9235,0.0,0.0
1701.000,170100,2,0.1,7819432,6893,9235,0.0,0.0
1701.010,170101,2,0.1,-29446700,6893,9235,0.0,0.0
1701.020,170102,2,0.1,-112646,6893,9235,0.0,0.0
1701.030,170103,2,0.1,-36088384,6893,9235,0.0,0.0
1701.040,170104,2,0.1,-5115870,6893,9235,0.0,0.0
1701.050,170105,2,0.1,-8994387,6893,9235,0.0,0.0
1701.060,170106,2,0.1,3267629,6893,9235,0.0,0.0
1701.070,170107,2,0.1,-17447148,6893,9235,0.0,0.0
1701.080,170108,2,0.1,25479830,6893,9235,0.0,0.0
1701.090,170109,2,0.1,1723936,6893,9235,0.0,0.0
1701.100,170110,2,0.1,-9412202,6893,9235,0.0,0.0
1701.110,170111,2,0.1,-13838628,6893,9235,0.0,0.0
1701.120,170112,2,0.1,-17890272,6893,9235,0.0,0.0
1701.130,170113,2,0.1,-2782506,6893,9235,0.0,0.0
1701.140,170114,2,0.1,-35990174,6893,9235,0.0,0.0
1701.150,170115,2,0.1,-12368100,6893,9235,0.0,0.0
1701.160,170116,2,0.1,945415,6893,9235,0.0,0.0
1701.170,170117,2,0.1,-24142986,6893,9235,0.0,0.0
1701.180,170118,2,0.1,-22894211,6893,9235,0.0,0.0
1701.190,170119,2,0.1,15346655,6893,9235,0.0,0.0
1701.200,170120,2,0.1,-2351316,6893,9235,0.0,0.0
1701.210,170121,2,0.1,-1316242,6893,9235,0.0,0.0
1701.220,170122,2,0.1,-18248767,6893,9235,0.0,0.0
1701.230,170123,2,0.1,-6431957,6893,9235,0.0,0.0
1701.240,170124,2,0.1,-58555692,6893,9235,0.0,0.0
1701.250,170125,2,0.1,-10820415,6893,9235,0.0,0.0
1701.260,170126,2,0.1,-15135952,6893,9235,0.0,0.0
1701.270,170127,2,0.1,22779775,6893,9235,0.0,0.0
1701.280,170128,2,0.1,14534440,6893,9235,0.0,0.0
1701.290,170129,2,0.1,-20586103,6893,9235,0.0,0.0
1701.300,170130,2,0.1,-15125416,6893,9235,0.0,0.0
1701.310,170131,2,0.1,-30912307,6893,9235,0.0,0.0
1701.320,170132,2,0.1,6691326,6893,9235,0.0,0.0
1701.330,170133,2,0.1,-298392,6893,9235,0.0,0.0
1701.340,170134,2,0.1,-37033084,6893,9235,0.0,0.0
1701.350,170135,2,0.1,12881738,6893,9235,0.0,0.0
1701.360,170136,2,0.1,-8053849,6893,9235,0.0,0.0
1701.370,170137,2,0.1,-9015139,6893,9235,0.0,0.0
1701.380,170138,2,0.1,-19373427,6893,9235,0.0,0.0
1701.390,170139,2,0.1,-12674041,6893,9235,0.0,0.0
1701.400,170140,2,0.1,9261660,6893,9235,0.0,0.0
1701.410,170141,2,0.1,12867020,6893,9235,0.0,0.0
1701.420,170142,2,0.1,-12595793,6893,9235,0.0,0.0
1701.430,170143,2,0.1,566250,6893,9235,0.0,0.0
1701.440,170144,2,0.1,3251835,6893,9235,0.0,0.0
1701.450,170145,2,0.1,17828694,6893,9235,0.0,0.0
1701.460,170146,2,0.1,6504889,6893,9235,0.0,0.0
1701.470,170147,2,0.1,2060766,6893,9235,0.0,0.0
1701.480,170148,2,0.1,-15674151,6893,9235,0.0,0.0
1701.490,170149,2,0.1,-4445158,6893,9235,0.0,0.0
1701.500,170150,2,0.1,-35509392,6893,9235,0.0,0.0
1701.510,170151,2,0.1,-23121547,6893,9235,0.0,0.0
1701.520,170152,2,0.1,-14458046,6893,9235,0.0,0.0
1701.530,170153,2,0.1,11121682,6893,9235,0.0,0.0
1701.540,170154,2,0.1,-2821125,6893,9235,0.0,0.0
1701.550,170155,2,0.1,-8366845,6893,9235,0.0,0.0
1701.560,170156,2,0.1,4210865,6893,9235,0.0,0.0
1701.570,170157,2,0.1,3594717,6893,9235,0.0,0.0
1701.580,170158,2,0.1,1966608,6893,9235,0.0,0.0
1701.590,170159,2,0.1,-24278465,6893,9235,0.0,0.0
1701.600,170160,2,0.1,-7234890,6893,9235,0.0,0.0
1701.610,170161,2,0.1,-2924856,6893,9235,0.0,0.0
1701.620,170162,2,0.1,-16251109,6893,9235,0.0,0.0
1701.630,170163,2,0.1,3529254,6893,9235,0.0,0.0
1701.640,170164,2,0.1,-4176758,6893,9235,0.0,0.0
1701.650,170165,2,0.1,-21468815,6893,9235,0.0,0.0
1701.660,170166,2,0.1,-18212960,6893,9235,0.0,0.0
1701.670,170167,2,0.1,-16644698,6893,9235,0.0,0.0
1701.680,170168,2,0.1,20051259,6893,9235,0.0,0.0
1701.690,170169,2,0.1,-17097862,6893,9235,0.0,0.0
1701.700,170170,2,0.1,-7070804,6893,9235,0.0,0.0
1701.710,170171,2,0.1,-114669,6893,9235,0.0,0.0
1701.720,170172,2,0.1,-22909879,6893,9235,0.0,0.0
1701.730,170173,2,0.1,-20525160,6893,9235,0.0,0.0
1701.740,170174,2,0.1,-15977899,6893,9235,0.0,0.0
1701.750,170175,2,0.1,179629,6893,9235,0.0,0.0
1701.760,170176,2,0.1,-23890947,6893,9235,0.0,0.0
