Time,SerialNumber,DataType,Bias,Current,MotorPos,PiezoPos,+ep,-ep
186.910,18691,1,0.0,537253,0,0,0.0,0.0
186.920,18692,1,0.0,586077,0,0,0.0,0.0
186.930,18693,1,0.0,598068,0,0,0.0,0.0
186.940,18694,1,0.0,566351,0,0,0.0,0.0
186.950,18695,1,0.0,573469,0,0,0.0,0.0
186.960,18696,1,0.0,553772,0,0,0.0,0.0
186.970,18697,1,0.0,576206,0,0,0.0,0.0
186.980,18698,1,0.0,578545,0,0,0.0,0.0
186.990,18699,1,0.0,551555,0,0,0.0,0.0
187.000,18700,1,0.0,550968,0,0,0.0,0.0
187.010,18701,1,0.0,585378,0,0,0.0,0.0
187.020,18702,1,0.0,567693,0,0,0.0,0.0
187.030,18703,1,0.0,555751,0,0,0.0,0.0
187.040,18704,1,0.0,556050,0,0,0.0,0.0
187.050,18705,1,0.0,566648,0,0,0.0,0.0
187.060,18706,1,0.0,584462,0,0,0.0,0.0
187.070,18707,1,0.0,565161,0,0,0.0,0.0
187.080,18708,1,0.0,553107,0,0,0.0,0.0
187.090,18709,1,0.0,555303,0,0,0.0,0.0
187.100,18710,1,0.0,575591,0,0,0.0,0.0
187.110,18711,1,0.0,591794,0,0,0.0,0.0
187.120,18712,1,0.0,574493,0,0,0.0,0.0
187.130,18713,1,0.0,577638,0,0,0.0,0.0
187.140,18714,1,0.0,528625,0,0,0.0,0.0
187.150,18715,1,0.0,572158,0,0,0.0,0.0
187.160,18716,1,0.0,560346,0,0,0.0,0.0
187.170,18717,1,0.0,571612,0,0,0.0,0.0
187.180,18718,1,0.0,586632,0,0,0.0,0.0
187.190,18719,1,0.0,587188,0,0,0.0,0.0
187.200,18720,1,0.0,593712,0,0,0.0,0.0
187.210,18721,1,0.0,574889,0,0,0.0,0.0
187.220,18722,1,0.0,586658,0,0,0.0,0.0
187.230,18723,1,0.0,606218,0,0,0.0,0.0
187.240,18724,1,0.0,584070,0,0,0.0,0.0
187.250,18725,1,0.0,563539,0,0,0.0,0.0
187.260,18726,1,0.0,582521,0,0,0.0,0.0
187.270,18727,1,0.0,585336,0,0,0.0,0.0
187.280,18728,1,0.0,560922,0,0,0.0,0.0
187.290,18729,1,0.0,538310,0,0,0.0,0.0
187.300,18730,1,0.0,588370,0,0,0.0,0.0
187.310,18731,1,0.0,557630,0,0,0.0,0.0
187.320,18732,1,0.0,556948,0,0,0.0,0.0
187.330,18733,1,0.0,573331,0,0,0.0,0.0
187.340,18734,1,0.0,585383,0,0,0.0,0.0
187.350,18735,1,0.0,551759,0,0,0.0,0.0
187.360,18736,1,0.0,562686,0,0,0.0,0.0
187.370,18737,1,0.0,578206,0,0,0.0,0.0
187.380,18738,1,0.0,583832,0,0,0.0,0.0
187.390,18739,1,0.0,590582,0,0,0.0,0.0
187.400,18740,1,0.0,585137,0,0,0.0,0.0
187.410,18741,1,0.0,568499,0,0,0.0,0.0
187.420,18742,1,0.0,589827,0,0,0.0,0.0
187.430,18743,1,0.0,572043,0,0,0.0,0.0
187.440,18744,1,0.0,555507,0,0,0.0,0.0
187.450,18745,1,0.0,611191,0,0,0.0,0.0
187.460,18746,1,0.0,583046,0,0,0.0,0.0
187.470,18747,1,0.0,564474,0,0,0.0,0.0
187.480,18748,1,0.0,573244,0,0,0.0,0.0
187.490,18749,1,0.0,588617,0,0,0.0,0.0
187.500,18750,1,0.0,579099,0,0,0.0,0.0
187.510,18751,1,0.0,577173,0,0,0.0,0.0
187.520,18752,1,0.0,591981,0,0,0.0,0.0
187.530,18753,1,0.0,527567,0,0,0.0,0.0
187.540,18754,1,0.0,555397,0,0,0.0,0.0
187.550,18755,1,0.0,568571,0,0,0.0,0.0
187.560,18756,1,0.0,588332,0,0,0.0,0.0
187.570,18757,1,0.0,566557,0,0,0.0,0.0
187.580,18758,1,0.0,560937,0,0,0.0,0.0
187.590,18759,1,0.0,564922,0,0,0.0,0.0
187.600,18760,1,0.0,557361,0,0,0.0,0.0
187.610,18761,1,0.0,552420,0,0,0.0,0.0
187.620,18762,1,0.0,578364,0,0,0.0,0.0
187.630,18763,1,0.0,591586,0,0,0.0,0.0
187.640,18764,1,0.0,571876,0,0,0.0,0.0
187.650,18765,1,0.0,550578,0,0,0.0,0.0
187.660,18766,1,0.0,556169,0,0,0.0,0.0
187.670,18767,1,0.0,515945,0,0,0.0,0.0
187.680,18768,1,0.0,552128,0,0,0.0,0.0
187.690,18769,1,0.0,561762,0,0,0.0,0.0
187.700,18770,1,0.0,565818,0,0,0.0,0.0
187.710,18771,1,0.0,596459,0,0,0.0,0.0
187.720,18772,1,0.0,582266,0,0,0.0,0.0
187.730,18773,1,0.0,588727,0,0,0.0,0.0
187.740,18774,1,0.0,527638,0,0,0.0,0.0
187.750,18775,1,0.0,548032,0,0,0.0,0.0
187.760,18776,1,0.0,591399,0,0,0.0,0.0
187.770,18777,1,0.0,604653,0,0,0.0,0.0
187.780,18778,1,0.0,610495,0,0,0.0,0.0
187.790,18779,1,0.0,558278,0,0,0.0,0.0
187.800,18780,1,0.0,558713,0,0,0.0,0.0
187.810,18781,1,0.0,579288,0,0,0.0,0.0
187.820,18782,1,0.0,557732,0,0,0.0,0.0
187.830,18783,1,0.0,589250,0,0,0.0,0.0
187.840,18784,1,0.0,598609,0,0,0.0,0.0
187.850,18785,1,0.0,568696,0,0,0.0,0.0
187.860,18786,1,0.0,561894,0,0,0.0,0.0
187.870,18787,1,0.0,559064,0,0,0.0,0.0
187.880,18788,1,0.0,558609,0,0,0.0,0.0
187.890,18789,1,0.0,588224,0,0,0.0,0.0
187.900,18790,1,0.0,575409,0,0,0.0,0.0
187.910,18791,1,0.0,543442,0,0,0.0,0.0
187.920,18792,1,0.0,570687,0,0,0.0,0.0
187.930,18793,1,0.0,555068,0,0,0.0,0.0
187.940,18794,1,0.0,559565,0,0,0.0,0.0
187.950,18795,1,0.0,566292,0,0,0.0,0.0
187.960,18796,1,0.0,593653,0,0,0.0,0.0
187.970,18797,1,0.0,556123,0,0,0.0,0.0
187.980,18798,1,0.0,565539,0,0,0.0,0.0
187.990,18799,1,0.0,552543,0,0,0.0,0.0
188.000,18800,1,0.0,552097,0,0,0.0,0.0
188.010,18801,1,0.0,561366,0,0,0.0,0.0
188.020,18802,1,0.0,564555,0,0,0.0,0.0
188.030,18803,1,0.0,568374,0,0,0.0,0.0
188.040,18804,1,0.0,572534,0,0,0.0,0.0
188.050,18805,1,0.0,568487,0,0,0.0,0.0
188.060,18806,1,0.0,582424,0,0,0.0,0.0
188.070,18807,1,0.0,538476,0,0,0.0,0.0
188.080,18808,1,0.0,604807,0,0,0.0,0.0
188.090,18809,1,0.0,547499,0,0,0.0,0.0
188.100,18810,1,0.0,580392,0,0,0.0,0.0
188.110,18811,1,0.0,577136,0,0,0.0,0.0
188.120,18812,1,0.0,584351,0,0,0.0,0.0
188.130,18813,1,0.0,555229,0,0,0.0,0.0
188.140,18814,1,0.0,555690,0,0,0.0,0.0
188.150,18815,1,0.0,570402,0,0,0.0,0.0
188.160,18816,1,0.0,585020,0,0,0.0,0.0
188.170,18817,1,0.0,552179,0,0,0.0,0.0
188.180,18818,1,0.0,595419,0,0,0.0,0.0
188.190,18819,1,0.0,601879,0,0,0.0,0.0
188.200,18820,1,0.0,585053,0,0,0.0,0.0
188.210,18821,1,0.0,580715,0,0,0.0,0.0
188.220,18822,1,0.0,584554,0,0,0.0,0.0
188.230,18823,1,0.0,547653,0,0,0.0,0.0
188.240,18824,1,0.0,556451,0,0,0.0,0.0
188.250,18825,1,0.0,527429,0,0,0.0,0.0
188.260,18826,1,0.0,569315,0,0,0.0,0.0
188.270,18827,1,0.0,538299,0,0,0.0,0.0
188.280,18828,1,0.0,556988,0,0,0.0,0.0
188.290,18829,1,0.0,571358,0,0,0.0,0.0
188.300,18830,1,0.0,582047,0,0,0.0,0.0
188.310,18831,1,0.0,561770,0,0,0.0,0.0
188.320,18832,1,0.0,546523,0,0,0.0,0.0
188.330,18833,1,0.0,545540,0,0,0.0,0.0
188.340,18834,1,0.0,550417,0,0,0.0,0.0
188.350,18835,1,0.0,531779,0,0,0.0,0.0
188.360,18836,1,0.0,584623,0,0,0.0,0.0
188.370,18837,1,0.0,554626,0,0,0.0,0.0
188.380,18838,1,0.0,547409,0,0,0.0,0.0
188.390,18839,1,0.0,540143,0,0,0.0,0.0
188.400,18840,1,0.0,572627,0,0,0.0,0.0
188.410,18841,1,0.0,571350,0,0,0.0,0.0
188.420,18842,1,0.0,595164,0,0,0.0,0.0
188.430,18843,1,0.0,544381,0,0,0.0,0.0
188.440,18844,1,0.0,524510,0,0,0.0,0.0
188.450,18845,1,0.0,572659,0,0,0.0,0.0
188.460,18846,1,0.0,592448,0,0,0.0,0.0
188.470,18847,1,0.0,610642,0,0,0.0,0.0
188.480,18848,1,0.0,576535,0,0,0.0,0.0
188.490,18849,1,0.0,575066,0,0,0.0,0.0
188.500,18850,1,0.0,596452,0,0,0.0,0.0
188.510,18851,1,0.0,586918,0,0,0.0,0.0
188.520,18852,1,0.0,574226,0,0,0.0,0.0
188.530,18853,1,0.0,562195,0,0,0.0,0.0
188.540,18854,1,0.0,552107,0,0,0.0,0.0
188.550,18855,1,0.0,553612,0,0,0.0,0.0
188.560,18856,1,0.0,547989,0,0,0.0,0.0
188.570,18857,1,0.0,545573,0,0,0.0,0.0
188.580,18858,1,0.0,540423,0,0,0.0,0.0
188.590,18859,1,0.0,518223,0,0,0.0,0.0
188.600,18860,1,0.0,549254,0,0,0.0,0.0
188.610,18861,1,0.0,544208,0,0,0.0,0.0
188.620,18862,1,0.0,532714,0,0,0.0,0.0
188.630,18863,1,0.0,532738,0,0,0.0,0.0
188.640,18864,1,0.0,582985,0,0,0.0,0.0
188.650,18865,1,0.0,551838,0,0,0.0,0.0
188.660,18866,1,0.0,544475,0,0,0.0,0.0
188.670,18867,1,0.0,557761,0,0,0.0,0.0
188.680,18868,1,0.0,548481,0,0,0.0,0.0
188.690,18869,1,0.0,585261,0,0,0.0,0.0
188.700,18870,1,0.0,596431,0,0,0.0,0.0
188.710,18871,1,0.0,541127,0,0,0.0,0.0
188.720,18872,1,0.0,603276,0,0,0.0,0.0
188.730,18873,1,0.0,583426,0,0,0.0,0.0
188.740,18874,1,0.0,561727,0,0,0.0,0.0
188.750,18875,1,0.0,570905,0,0,0.0,0.0
188.760,18876,1,0.0,587417,0,0,0.0,0.0
188.770,18877,1,0.0,566702,0,0,0.0,0.0
188.780,18878,1,0.0,556359,0,0,0.0,0.0
188.790,18879,1,0.0,610152,0,0,0.0,0.0
188.800,18880,1,0.0,573824,0,0,0.0,0.0
188.810,18881,1,0.0,553158,0,0,0.0,0.0
188.820,18882,1,0.0,550244,0,0,0.0,0.0
188.830,18883,1,0.0,603061,0,0,0.0,0.0
188.840,18884,1,0.0,578193,0,0,0.0,0.0
188.850,18885,1,0.0,591080,0,0,0.0,0.0
188.860,18886,1,0.0,555488,0,0,0.0,0.0
188.870,18887,1,0.0,542648,0,0,0.0,0.0
188.880,18888,1,0.0,539375,0,0,0.0,0.0
188.890,18889,1,0.0,543745,0,0,0.0,0.0
188.900,18890,1,0.0,553464,0,0,0.0,0.0
188.910,18891,1,0.0,561408,0,0,0.0,0.0
188.920,18892,1,0.0,547003,0,0,0.0,0.0
188.930,18893,1,0.0,563225,0,0,0.0,0.0
188.940,18894,1,0.0,585584,0,0,0.0,0.0
188.950,18895,1,0.0,590755,0,0,0.0,0.0
188.960,18896,1,0.0,582527,0,0,0.0,0.0
188.970,18897,1,0.0,571492,0,0,0.0,0.0
188.980,18898,1,0.0,560250,0,0,0.0,0.0
188.990,18899,1,0.0,574997,0,0,0.0,0.0
189.000,18900,1,0.0,587785,0,0,0.0,0.0
189.010,18901,1,0.0,574312,0,0,0.0,0.0
189.020,18902,1,0.0,572383,0,0,0.0,0.0
189.030,18903,1,0.0,588768,0,0,0.0,0.0
189.040,18904,1,0.0,593026,0,0,0.0,0.0
189.050,18905,1,0.0,567208,0,0,0.0,0.0
189.060,18906,1,0.0,608575,0,0,0.0,0.0
189.070,18907,1,0.0,584478,0,0,0.0,0.0
189.080,18908,1,0.0,564923,0,0,0.0,0.0
189.090,18909,1,0.0,583723,0,0,0.0,0.0
189.100,18910,1,0.0,560885,0,0,0.0,0.0
189.110,18911,1,0.0,566154,0,0,0.0,0.0
189.120,18912,1,0.0,597597,0,0,0.0,0.0
189.130,18913,1,0.0,564369,0,0,0.0,0.0
189.140,18914,1,0.0,566998,0,0,0.0,0.0
189.150,18915,1,0.0,591461,0,0,0.0,0.0
189.160,18916,1,0.0,568342,0,0,0.0,0.0
189.170,18917,1,0.0,578369,0,0,0.0,0.0
189.180,18918,1,0.0,561631,0,0,0.0,0.0
189.190,18919,1,0.0,552293,0,0,0.0,0.0
189.200,18920,1,0.0,585667,0,0,0.0,0.0
189.210,18921,1,0.0,563681,0,0,0.0,0.0
189.220,18922,1,0.0,555317,0,0,0.0,0.0
189.230,18923,1,0.0,549910,0,0,0.0,0.0
189.240,18924,1,0.0,573845,0,0,0.0,0.0
189.250,18925,1,0.0,556055,0,0,0.0,0.0
189.260,18926,1,0.0,581627,0,0,0.0,0.0
189.270,18927,1,0.0,610209,0,0,0.0,0.0
189.280,18928,1,0.0,563128,0,0,0.0,0.0
189.290,18929,1,0.0,570772,0,0,0.0,0.0
189.300,18930,1,0.0,566100,0,0,0.0,0.0
189.310,18931,1,0.0,580999,0,0,0.0,0.0
189.320,18932,1,0.0,545586,0,0,0.0,0.0
189.330,18933,1,0.0,549927,0,0,0.0,0.0
189.340,18934,1,0.0,554604,0,0,0.0,0.0
189.350,18935,1,0.0,503669,0,0,0.0,0.0
189.360,18936,1,0.0,558972,0,0,0.0,0.0
189.370,18937,1,0.0,563490,0,0,0.0,0.0
189.380,18938,1,0.0,582453,0,0,0.0,0.0
189.390,18939,1,0.0,554486,0,0,0.0,0.0
189.400,18940,1,0.0,545783,0,0,0.0,0.0
189.410,18941,1,0.0,576133,0,0,0.0,0.0
189.420,18942,1,0.0,555546,0,0,0.0,0.0
189.430,18943,1,0.0,558471,0,0,0.0,0.0
189.440,18944,1,0.0,584161,0,0,0.0,0.0
189.450,18945,1,0.0,615992,0,0,0.0,0.0
189.460,18946,1,0.0,570320,0,0,0.0,0.0
189.470,18947,1,0.0,575784,0,0,0.0,0.0
189.480,18948,1,0.0,555439,0,0,0.0,0.0
189.490,18949,1,0.0,570880,0,0,0.0,0.0
189.500,18950,1,0.0,558987,0,0,0.0,0.0
189.510,18951,1,0.0,547621,0,0,0.0,0.0
189.520,18952,1,0.0,558741,0,0,0.0,0.0
189.530,18953,1,0.0,562003,0,0,0.0,0.0
189.540,18954,1,0.0,549063,0,0,0.0,0.0
189.550,18955,1,0.0,564812,0,0,0.0,0.0
189.560,18956,1,0.0,556747,0,0,0.0,0.0
189.570,18957,1,0.0,585560,0,0,0.0,0.0
189.580,18958,1,0.0,541524,0,0,0.0,0.0
189.590,18959,1,0.0,561796,0,0,0.0,0.0
189.600,18960,1,0.0,571905,0,0,0.0,0.0
189.610,18961,1,0.0,568532,0,0,0.0,0.0
189.620,18962,1,0.0,521747,0,0,0.0,0.0
189.630,18963,1,0.0,569615,0,0,0.0,0.0
189.640,18964,1,0.0,580801,0,0,0.0,0.0
189.650,18965,1,0.0,589118,0,0,0.0,0.0
189.660,18966,1,0.0,554808,0,0,0.0,0.0
189.670,18967,1,0.0,559236,0,0,0.0,0.0
189.680,18968,1,0.0,574242,0,0,0.0,0.0
189.690,18969,1,0.0,533565,0,0,0.0,0.0
189.700,18970,1,0.0,583533,0,0,0.0,0.0
189.710,18971,1,0.0,567570,0,0,0.0,0.0
189.720,18972,1,0.0,546824,0,0,0.0,0.0
189.730,18973,1,0.0,565223,0,0,0.0,0.0
189.740,18974,1,0.0,582060,0,0,0.0,0.0
189.750,18975,1,0.0,573777,0,0,0.0,0.0
189.760,18976,1,0.0,583838,0,0,0.0,0.0
189.770,18977,1,0.0,552942,0,0,0.0,0.0
189.780,18978,1,0.0,560466,0,0,0.0,0.0
189.790,18979,1,0.0,540776,0,0,0.0,0.0
189.800,18980,1,0.0,564310,0,0,0.0,0.0
189.810,18981,1,0.0,563559,0,0,0.0,0.0
189.820,18982,1,0.0,560545,0,0,0.0,0.0
189.830,18983,1,0.0,556458,0,0,0.0,0.0
189.840,18984,1,0.0,575465,0,0,0.0,0.0
189.850,18985,1,0.0,594782,0,0,0.0,0.0
189.860,18986,1,0.0,549811,0,0,0.0,0.0
189.870,18987,1,0.0,569960,0,0,0.0,0.0
189.880,18988,1,0.0,558287,0,0,0.0,0.0
189.890,18989,1,0.0,582454,0,0,0.0,0.0
189.900,18990,1,0.0,559441,0,0,0.0,0.0
189.910,18991,1,0.0,563532,0,0,0.0,0.0
189.920,18992,1,0.0,564915,0,0,0.0,0.0
189.930,18993,1,0.0,566314,0,0,0.0,0.0
189.940,18994,1,0.0,557358,0,0,0.0,0.0
189.950,18995,1,0.0,586506,0,0,0.0,0.0
189.960,18996,1,0.0,568735,0,0,0.0,0.0
189.970,18997,1,0.0,568331,0,0,0.0,0.0
189.980,18998,1,0.0,550154,0,0,0.0,0.0
189.990,18999,1,0.0,570348,0,0,0.0,0.0
190.000,19000,1,0.0,568551,0,0,0.0,0.0
190.010,19001,1,0.0,573470,0,0,0.0,0.0
190.020,19002,1,0.0,599484,0,0,0.0,0.0
190.030,19003,1,0.0,587790,0,0,0.0,0.0
190.040,19004,1,0.0,573218,0,0,0.0,0.0
190.050,19005,1,0.0,572599,0,0,0.0,0.0
190.060,19006,1,0.0,567583,0,0,0.0,0.0
190.070,19007,1,0.0,579493,0,0,0.0,0.0
190.080,19008,1,0.0,549432,0,0,0.0,0.0
190.090,19009,1,0.0,549618,0,0,0.0,0.0
190.100,19010,1,0.0,534285,0,0,0.0,0.0
190.110,19011,1,0.0,533302,0,0,0.0,0.0
190.120,19012,1,0.0,558476,0,0,0.0,0.0
190.130,19013,1,0.0,548050,0,0,0.0,0.0
190.140,19014,1,0.0,527665,0,0,0.0,0.0
190.150,19015,1,0.0,536229,0,0,0.0,0.0
190.160,19016,1,0.0,544711,0,0,0.0,0.0
190.170,19017,1,0.0,536259,0,0,0.0,0.0
190.180,19018,1,0.0,551024,0,0,0.0,0.0
190.190,19019,1,0.0,537368,0,0,0.0,0.0
190.200,19020,1,0.0,543159,0,0,0.0,0.0
190.210,19021,1,0.0,584060,0,0,0.0,0.0
190.220,19022,1,0.0,553944,0,0,0.0,0.0
190.230,19023,1,0.0,575260,0,0,0.0,0.0
190.240,19024,1,0.0,580279,0,0,0.0,0.0
190.250,19025,1,0.0,551781,0,0,0.0,0.0
190.260,19026,1,0.0,580455,0,0,0.0,0.0
190.270,19027,1,0.0,579878,0,0,0.0,0.0
190.280,19028,1,0.0,575268,0,0,0.0,0.0
190.290,19029,1,0.0,559269,0,0,0.0,0.0
190.300,19030,1,0.0,550138,0,0,0.0,0.0
190.310,19031,1,0.0,564588,0,0,0.0,0.0
190.320,19032,1,0.0,575710,0,0,0.0,0.0
190.330,19033,1,0.0,551363,0,0,0.0,0.0
190.340,19034,1,0.0,568215,0,0,0.0,0.0
190.350,19035,1,0.0,551067,0,0,0.0,0.0
190.360,19036,1,0.0,619954,0,0,0.0,0.0
190.370,19037,1,0.0,568508,0,0,0.0,0.0
190.380,19038,1,0.0,572313,0,0,0.0,0.0
190.390,19039,1,0.0,554944,0,0,0.0,0.0
190.400,19040,1,0.0,525002,0,0,0.0,0.0
190.410,19041,1,0.0,537134,0,0,0.0,0.0
190.420,19042,1,0.0,543445,0,0,0.0,0.0
190.430,19043,1,0.0,546516,0,0,0.0,0.0
190.440,19044,1,0.0,579671,0,0,0.0,0.0
190.450,19045,1,0.0,576724,0,0,0.0,0.0
190.460,19046,1,0.0,554252,0,0,0.0,0.0
190.470,19047,1,0.0,573503,0,0,0.0,0.0
190.480,19048,1,0.0,585468,0,0,0.0,0.0
190.490,19049,1,0.0,567076,0,0,0.0,0.0
190.500,19050,1,0.0,562791,0,0,0.0,0.0
190.510,19051,1,0.0,523609,0,0,0.0,0.0
190.520,19052,1,0.0,514964,0,0,0.0,0.0
190.530,19053,1,0.0,580904,0,0,0.0,0.0
190.540,19054,1,0.0,548122,0,0,0.0,0.0
190.550,19055,1,0.0,563749,0,0,0.0,0.0
190.560,19056,1,0.0,528901,0,0,0.0,0.0
190.570,19057,1,0.0,558194,0,0,0.0,0.0
190.580,19058,1,0.0,562051,0,0,0.0,0.0
190.590,19059,1,0.0,576415,0,0,0.0,0.0
190.600,19060,1,0.0,602838,0,0,0.0,0.0
190.610,19061,1,0.0,597674,0,0,0.0,0.0
190.620,19062,1,0.0,587899,0,0,0.0,0.0
190.630,19063,1,0.0,565074,0,0,0.0,0.0
190.640,19064,1,0.0,567431,0,0,0.0,0.0
190.650,19065,1,0.0,548600,0,0,0.0,0.0
190.660,19066,1,0.0,546306,0,0,0.0,0.0
190.670,19067,1,0.0,561794,0,0,0.0,0.0
190.680,19068,1,0.0,545441,0,0,0.0,0.0
190.690,19069,1,0.0,541957,0,0,0.0,0.0
190.700,19070,1,0.0,553526,0,0,0.0,0.0
190.710,19071,1,0.0,600693,0,0,0.0,0.0
190.720,19072,1,0.0,572084,0,0,0.0,0.0
190.730,19073,1,0.0,595310,0,0,0.0,0.0
190.740,19074,1,0.0,559814,0,0,0.0,0.0
190.750,19075,1,0.0,574891,0,0,0.0,0.0
190.760,19076,1,0.0,581002,0,0,0.0,0.0
190.770,19077,1,0.0,579086,0,0,0.0,0.0
190.780,19078,1,0.0,573153,0,0,0.0,0.0
190.790,19079,1,0.0,584290,0,0,0.0,0.0
190.800,19080,1,0.0,567159,0,0,0.0,0.0
190.810,19081,1,0.0,571958,0,0,0.0,0.0
190.820,19082,1,0.0,542259,0,0,0.0,0.0
190.830,19083,1,0.0,563101,0,0,0.0,0.0
190.840,19084,1,0.0,580847,0,0,0.0,0.0
190.850,19085,1,0.0,585606,0,0,0.0,0.0
190.860,19086,1,0.0,555049,0,0,0.0,0.0
190.870,19087,1,0.0,551156,0,0,0.0,0.0
190.880,19088,1,0.0,543055,0,0,0.0,0.0
190.890,19089,1,0.0,542190,0,0,0.0,0.0
190.900,19090,1,0.0,542154,0,0,0.0,0.0
190.910,19091,1,0.0,548895,0,0,0.0,0.0
190.920,19092,1,0.0,594542,0,0,0.0,0.0
190.930,19093,1,0.0,596219,0,0,0.0,0.0
190.940,19094,1,0.0,585588,0,0,0.0,0.0
190.950,19095,1,0.0,546527,0,0,0.0,0.0
190.960,19096,1,0.0,576619,0,0,0.0,0.0
190.970,19097,1,0.0,573399,0,0,0.0,0.0
190.980,19098,1,0.0,578774,0,0,0.0,0.0
190.990,19099,1,0.0,591341,0,0,0.0,0.0
191.000,19100,1,0.0,558867,0,0,0.0,0.0
191.010,19101,1,0.0,566515,0,0,0.0,0.0
191.020,19102,1,0.0,564021,0,0,0.0,0.0
191.030,19103,1,0.0,583160,0,0,0.0,0.0
191.040,19104,1,0.0,608761,0,0,0.0,0.0
191.050,19105,1,0.0,581878,0,0,0.0,0.0
191.060,19106,1,0.0,583617,0,0,0.0,0.0
191.070,19107,1,0.0,549044,0,0,0.0,0.0
191.080,19108,1,0.0,575377,0,0,0.0,0.0
191.090,19109,1,0.0,546998,0,0,0.0,0.0
191.100,19110,1,0.0,539421,0,0,0.0,0.0
191.110,19111,1,0.0,578568,0,0,0.0,0.0
191.120,19112,1,0.0,560950,0,0,0.0,0.0
191.130,19113,1,0.0,573168,0,0,0.0,0.0
191.140,19114,1,0.0,599639,0,0,0.0,0.0
191.150,19115,1,0.0,563413,0,0,0.0,0.0
191.160,19116,1,0.0,571233,0,0,0.0,0.0
191.170,19117,1,0.0,591165,0,0,0.0,0.0
191.180,19118,1,0.0,589773,0,0,0.0,0.0
191.190,19119,1,0.0,589455,0,0,0.0,0.0
191.200,19120,1,0.0,571461,0,0,0.0,0.0
191.210,19121,1,0.0,564407,0,0,0.0,0.0
191.220,19122,1,0.0,572743,0,0,0.0,0.0
191.230,19123,1,0.0,587778,0,0,0.0,0.0
191.240,19124,1,0.0,596246,0,0,0.0,0.0
191.250,19125,1,0.0,580496,0,0,0.0,0.0
191.260,19126,1,0.0,567184,0,0,0.0,0.0
191.270,19127,1,0.0,548284,0,0,0.0,0.0
191.280,19128,1,0.0,566267,0,0,0.0,0.0
191.290,19129,1,0.0,565647,0,0,0.0,0.0
191.300,19130,1,0.0,610877,0,0,0.0,0.0
191.310,19131,1,0.0,604153,0,0,0.0,0.0
191.320,19132,1,0.0,586669,0,0,0.0,0.0
191.330,19133,1,0.0,574522,0,0,0.0,0.0
191.340,19134,1,0.0,573700,0,0,0.0,0.0
191.350,19135,1,0.0,556338,0,0,0.0,0.0
191.360,19136,1,0.0,555053,0,0,0.0,0.0
191.370,19137,1,0.0,552599,0,0,0.0,0.0
191.380,19138,1,0.0,605512,0,0,0.0,0.0
191.390,19139,1,0.0,593626,0,0,0.0,0.0
191.400,19140,1,0.0,565993,0,0,0.0,0.0
191.410,19141,1,0.0,557750,0,0,0.0,0.0
191.420,19142,1,0.0,561106,0,0,0.0,0.0
191.430,19143,1,0.0,566679,0,0,0.0,0.0
191.440,19144,1,0.0,563929,0,0,0.0,0.0
191.450,19145,1,0.0,592568,0,0,0.0,0.0
191.460,19146,1,0.0,608663,0,0,0.0,0.0
191.470,19147,1,0.0,580322,0,0,0.0,0.0
191.480,19148,1,0.0,586094,0,0,0.0,0.0
191.490,19149,1,0.0,562742,0,0,0.0,0.0
191.500,19150,1,0.0,580213,0,0,0.0,0.0
191.510,19151,1,0.0,575067,0,0,0.0,0.0
191.520,19152,1,0.0,573891,0,0,0.0,0.0
191.530,19153,1,0.0,565728,0,0,0.0,0.0
191.540,19154,1,0.0,611229,0,0,0.0,0.0
191.550,19155,1,0.0,549511,0,0,0.0,0.0
191.560,19156,1,0.0,600662,0,0,0.0,0.0
191.570,19157,1,0.0,559989,0,0,0.0,0.0
191.580,19158,1,0.0,549192,0,0,0.0,0.0
191.590,19159,1,0.0,529959,0,0,0.0,0.0
191.600,19160,1,0.0,568924,0,0,0.0,0.0
191.610,19161,1,0.0,531942,0,0,0.0,0.0
191.620,19162,1,0.0,540563,0,0,0.0,0.0
191.630,19163,1,0.0,561209,0,0,0.0,0.0
191.640,19164,1,0.0,565112,0,0,0.0,0.0
191.650,19165,1,0.0,541706,0,0,0.0,0.0
191.660,19166,1,0.0,545971,0,0,0.0,0.0
191.670,19167,1,0.0,544362,0,0,0.0,0.0
191.680,19168,1,0.0,539193,0,0,0.0,0.0
191.690,19169,1,0.0,545243,0,0,0.0,0.0
191.700,19170,1,0.0,558117,0,0,0.0,0.0
191.710,19171,1,0.0,590775,0,0,0.0,0.0
191.720,19172,1,0.0,548303,0,0,0.0,0.0
191.730,19173,1,0.0,549280,0,0,0.0,0.0
191.740,19174,1,0.0,547630,0,0,0.0,0.0
191.750,19175,1,0.0,552989,0,0,0.0,0.0
191.760,19176,1,0.0,553694,0,0,0.0,0.0
191.770,19177,1,0.0,571265,0,0,0.0,0.0
191.780,19178,1,0.0,583313,0,0,0.0,0.0
191.790,19179,1,0.0,552566,0,0,0.0,0.0
191.800,19180,1,0.0,554210,0,0,0.0,0.0
191.810,19181,1,0.0,561740,0,0,0.0,0.0
191.820,19182,1,0.0,579600,0,0,0.0,0.0
191.830,19183,1,0.0,584577,0,0,0.0,0.0
191.840,19184,1,0.0,575064,0,0,0.0,0.0
191.850,19185,1,0.0,541092,0,0,0.0,0.0
191.860,19186,1,0.0,544326,0,0,0.0,0.0
191.870,19187,1,0.0,578166,0,0,0.0,0.0
191.880,19188,1,0.0,569349,0,0,0.0,0.0
191.890,19189,1,0.0,607846,0,0,0.0,0.0
191.900,19190,1,0.0,582845,0,0,0.0,0.0
191.910,19191,1,0.0,583111,0,0,0.0,0.0
191.920,19192,1,0.0,560956,0,0,0.0,0.0
191.930,19193,1,0.0,587976,0,0,0.0,0.0
191.940,19194,1,0.0,558971,0,0,0.0,0.0
191.950,19195,1,0.0,570718,0,0,0.0,0.0
191.960,19196,1,0.0,540335,0,0,0.0,0.0
191.970,19197,1,0.0,582047,0,0,0.0,0.0
191.980,19198,1,0.0,569202,0,0,0.0,0.0
191.990,19199,1,0.0,575673,0,0,0.0,0.0
192.000,19200,1,0.0,589248,0,0,0.0,0.0
192.010,19201,1,0.0,546292,0,0,0.0,0.0
192.020,19202,1,0.0,594065,0,0,0.0,0.0
192.030,19203,1,0.0,604671,0,0,0.0,0.0
192.040,19204,1,0.0,575950,0,0,0.0,0.0
192.050,19205,1,0.0,553097,0,0,0.0,0.0
192.060,19206,1,0.0,562162,0,0,0.0,0.0
192.070,19207,1,0.0,584659,0,0,0.0,0.0
192.080,19208,1,0.0,572417,0,0,0.0,0.0
192.090,19209,1,0.0,556570,0,0,0.0,0.0
192.100,19210,1,0.0,585126,0,0,0.0,0.0
192.110,19211,1,0.0,572399,0,0,0.0,0.0
192.120,19212,1,0.0,599834,0,0,0.0,0.0
192.130,19213,1,0.0,562401,0,0,0.0,0.0
192.140,19214,1,0.0,614247,0,0,0.0,0.0
192.150,19215,1,0.0,595266,0,0,0.0,0.0
192.160,19216,1,0.0,525682,0,0,0.0,0.0
192.170,19217,1,0.0,579811,0,0,0.0,0.0
192.180,19218,1,0.0,562738,0,0,0.0,0.0
192.190,19219,1,0.0,564536,0,0,0.0,0.0
192.200,19220,1,0.0,578161,0,0,0.0,0.0
192.210,19221,1,0.0,542112,0,0,0.0,0.0
192.220,19222,1,0.0,566819,0,0,0.0,0.0
192.230,19223,1,0.0,596436,0,0,0.0,0.0
192.240,19224,1,0.0,554736,0,0,0.0,0.0
192.250,19225,1,0.0,551371,0,0,0.0,0.0
192.260,19226,1,0.0,587999,0,0,0.0,0.0
192.270,19227,1,0.0,568627,0,0,0.0,0.0
192.280,19228,1,0.0,581908,0,0,0.0,0.0
192.290,19229,1,0.0,568470,0,0,0.0,0.0
192.300,19230,1,0.0,563715,0,0,0.0,0.0
192.310,19231,1,0.0,591171,0,0,0.0,0.0
192.320,19232,1,0.0,548545,0,0,0.0,0.0
192.330,19233,1,0.0,594564,0,0,0.0,0.0
192.340,19234,1,0.0,574576,0,0,0.0,0.0
192.350,19235,1,0.0,577355,0,0,0.0,0.0
192.360,19236,1,0.0,545203,0,0,0.0,0.0
192.370,19237,1,0.0,567615,0,0,0.0,0.0
192.380,19238,1,0.0,577010,0,0,0.0,0.0
192.390,19239,1,0.0,602712,0,0,0.0,0.0
192.400,19240,1,0.0,569675,0,0,0.0,0.0
192.410,19241,1,0.0,532831,0,0,0.0,0.0
192.420,19242,1,0.0,569320,0,0,0.0,0.0
192.430,19243,1,0.0,567667,0,0,0.0,0.0
192.440,19244,1,0.0,591972,0,0,0.0,0.0
192.450,19245,1,0.0,577286,0,0,0.0,0.0
192.460,19246,1,0.0,577095,0,0,0.0,0.0
192.470,19247,1,0.0,572711,0,0,0.0,0.0
192.480,19248,1,0.0,554599,0,0,0.0,0.0
192.490,19249,1,0.0,577265,0,0,0.0,0.0
192.500,19250,1,0.0,554018,0,0,0.0,0.0
192.510,19251,1,0.0,603932,0,0,0.0,0.0
192.520,19252,1,0.0,593998,0,0,0.0,0.0
192.530,19253,1,0.0,548155,0,0,0.0,0.0
192.540,19254,1,0.0,555608,0,0,0.0,0.0
192.550,19255,1,0.0,549721,0,0,0.0,0.0
192.560,19256,1,0.0,563436,0,0,0.0,0.0
192.570,19257,1,0.0,546208,0,0,0.0,0.0
192.580,19258,1,0.0,566079,0,0,0.0,0.0
192.590,19259,1,0.0,557046,0,0,0.0,0.0
192.600,19260,1,0.0,563962,0,0,0.0,0.0
192.610,19261,1,0.0,549946,0,0,0.0,0.0
192.620,19262,1,0.0,573736,0,0,0.0,0.0
192.630,19263,1,0.0,567146,0,0,0.0,0.0
192.640,19264,1,0.0,539517,0,0,0.0,0.0
192.650,19265,1,0.0,571953,0,0,0.0,0.0
192.660,19266,1,0.0,564325,0,0,0.0,0.0
192.670,19267,1,0.0,524591,0,0,0.0,0.0
192.680,19268,1,0.0,571286,0,0,0.0,0.0
192.690,19269,1,0.0,580115,0,0,0.0,0.0
192.700,19270,1,0.0,582171,0,0,0.0,0.0
192.710,19271,1,0.0,571117,0,0,0.0,0.0
192.720,19272,1,0.0,553568,0,0,0.0,0.0
192.730,19273,1,0.0,569540,0,0,0.0,0.0
192.740,19274,1,0.0,558416,0,0,0.0,0.0
192.750,19275,1,0.0,553807,0,0,0.0,0.0
192.760,19276,1,0.0,596028,0,0,0.0,0.0
192.770,19277,1,0.0,556561,0,0,0.0,0.0
192.780,19278,1,0.0,559778,0,0,0.0,0.0
192.790,19279,1,0.0,586715,0,0,0.0,0.0
192.800,19280,1,0.0,597867,0,0,0.0,0.0
192.810,19281,1,0.0,574739,0,0,0.0,0.0
192.820,19282,1,0.0,578263,0,0,0.0,0.0
192.830,19283,1,0.0,576915,0,0,0.0,0.0
192.840,19284,1,0.0,566480,0,0,0.0,0.0
192.850,19285,1,0.0,546968,0,0,0.0,0.0
192.860,19286,1,0.0,546036,0,0,0.0,0.0
192.870,19287,1,0.0,547304,0,0,0.0,0.0
192.880,19288,1,0.0,555995,0,0,0.0,0.0
192.890,19289,1,0.0,564293,0,0,0.0,0.0
192.900,19290,1,0.0,611005,0,0,0.0,0.0
192.910,19291,1,0.0,572326,0,0,0.0,0.0
192.920,19292,1,0.0,559168,0,0,0.0,0.0
192.930,19293,1,0.0,544715,0,0,0.0,0.0
192.940,19294,1,0.0,563710,0,0,0.0,0.0
192.950,19295,1,0.0,547546,0,0,0.0,0.0
192.960,19296,1,0.0,600212,0,0,0.0,0.0
192.970,19297,1,0.0,575983,0,0,0.0,0.0
192.980,19298,1,0.0,574474,0,0,0.0,0.0
192.990,19299,1,0.0,588318,0,0,0.0,0.0
193.000,19300,1,0.0,608428,0,0,0.0,0.0
193.010,19301,1,0.0,564805,0,0,0.0,0.0
193.020,19302,1,0.0,561387,0,0,0.0,0.0
193.030,19303,1,0.0,582415,0,0,0.0,0.0
193.040,19304,1,0.0,542951,0,0,0.0,0.0
193.050,19305,1,0.0,577754,0,0,0.0,0.0
193.060,19306,1,0.0,598129,0,0,0.0,0.0
193.070,19307,1,0.0,585256,0,0,0.0,0.0
193.080,19308,1,0.0,579882,0,0,0.0,0.0
193.090,19309,1,0.0,579381,0,0,0.0,0.0
193.100,19310,1,0.0,547528,0,0,0.0,0.0
193.110,19311,1,0.0,589109,0,0,0.0,0.0
193.120,19312,1,0.0,591611,0,0,0.0,0.0
193.130,19313,1,0.0,576959,0,0,0.0,0.0
193.140,19314,1,0.0,562367,0,0,0.0,0.0
193.150,19315,1,0.0,599355,0,0,0.0,0.0
193.160,19316,1,0.0,567894,0,0,0.0,0.0
193.170,19317,1,0.0,553340,0,0,0.0,0.0
193.180,19318,1,0.0,563066,0,0,0.0,0.0
193.190,19319,1,0.0,558268,0,0,0.0,0.0
193.200,19320,1,0.0,576421,0,0,0.0,0.0
193.210,19321,1,0.0,596279,0,0,0.0,0.0
193.220,19322,1,0.0,548537,0,0,0.0,0.0
193.230,19323,1,0.0,580813,0,0,0.0,0.0
193.240,19324,1,0.0,576959,0,0,0.0,0.0
193.250,19325,1,0.0,554196,0,0,0.0,0.0
193.260,19326,1,0.0,565364,0,0,0.0,0.0
193.270,19327,1,0.0,567952,0,0,0.0,0.0
193.280,19328,1,0.0,546387,0,0,0.0,0.0
193.290,19329,1,0.0,603558,0,0,0.0,0.0
193.300,19330,1,0.0,591352,0,0,0.0,0.0
193.310,19331,1,0.0,539777,0,0,0.0,0.0
193.320,19332,1,0.0,573970,0,0,0.0,0.0
193.330,19333,1,0.0,616296,0,0,0.0,0.0
193.340,19334,1,0.0,563768,0,0,0.0,0.0
193.350,19335,1,0.0,575146,0,0,0.0,0.0
193.360,19336,1,0.0,552809,0,0,0.0,0.0
193.370,19337,1,0.0,570624,0,0,0.0,0.0
193.380,19338,1,0.0,552520,0,0,0.0,0.0
193.390,19339,1,0.0,587590,0,0,0.0,0.0
193.400,19340,1,0.0,593038,0,0,0.0,0.0
193.410,19341,1,0.0,600966,0,0,0.0,0.0
193.420,19342,1,0.0,571272,0,0,0.0,0.0
193.430,19343,1,0.0,574812,0,0,0.0,0.0
193.440,19344,1,0.0,594481,0,0,0.0,0.0
193.450,19345,1,0.0,556834,0,0,0.0,0.0
193.460,19346,1,0.0,550036,0,0,0.0,0.0
193.470,19347,1,0.0,586058,0,0,0.0,0.0
193.480,19348,1,0.0,555253,0,0,0.0,0.0
193.490,19349,1,0.0,584442,0,0,0.0,0.0
193.500,19350,1,0.0,584856,0,0,0.0,0.0
193.510,19351,1,0.0,559276,0,0,0.0,0.0
193.520,19352,1,0.0,541449,0,0,0.0,0.0
193.530,19353,1,0.0,583444,0,0,0.0,0.0
193.540,19354,1,0.0,582486,0,0,0.0,0.0
193.550,19355,1,0.0,572505,0,0,0.0,0.0
193.560,19356,1,0.0,560637,0,0,0.0,0.0
193.570,19357,1,0.0,582875,0,0,0.0,0.0
193.580,19358,1,0.0,555622,0,0,0.0,0.0
193.590,19359,1,0.0,577460,0,0,0.0,0.0
193.600,19360,1,0.0,570201,0,0,0.0,0.0
193.610,19361,1,0.0,556758,0,0,0.0,0.0
193.620,19362,1,0.0,585588,0,0,0.0,0.0
193.630,19363,1,0.0,532208,0,0,0.0,0.0
193.640,19364,1,0.0,569450,0,0,0.0,0.0
193.650,19365,1,0.0,571099,0,0,0.0,0.0
193.660,19366,1,0.0,564556,0,0,0.0,0.0
193.670,19367,1,0.0,597215,0,0,0.0,0.0
193.680,19368,1,0.0,544108,0,0,0.0,0.0
193.690,19369,1,0.0,589409,0,0,0.0,0.0
193.700,19370,1,0.0,592390,0,0,0.0,0.0
193.710,19371,1,0.0,544466,0,0,0.0,0.0
193.720,19372,1,0.0,606436,0,0,0.0,0.0
193.730,19373,1,0.0,566634,0,0,0.0,0.0
193.740,19374,1,0.0,573056,0,0,0.0,0.0
193.750,19375,1,0.0,557718,0,0,0.0,0.0
193.760,19376,1,0.0,578678,0,0,0.0,0.0
193.770,19377,1,0.0,586868,0,0,0.0,0.0
193.780,19378,1,0.0,580501,0,0,0.0,0.0
193.790,19379,1,0.0,564137,0,0,0.0,0.0
193.800,19380,1,0.0,597538,0,0,0.0,0.0
193.810,19381,1,0.0,559475,0,0,0.0,0.0
193.820,19382,1,0.0,588685,0,0,0.0,0.0
193.830,19383,1,0.0,561287,0,0,0.0,0.0
193.840,19384,1,0.0,583853,0,0,0.0,0.0
193.850,19385,1,0.0,578731,0,0,0.0,0.0
193.860,19386,1,0.0,552545,0,0,0.0,0.0
193.870,19387,1,0.0,590517,0,0,0.0,0.0
193.880,19388,1,0.0,564097,0,0,0.0,0.0
193.890,19389,1,0.0,575348,0,0,0.0,0.0
193.900,19390,1,0.0,588420,0,0,0.0,0.0
193.910,19391,1,0.0,549589,0,0,0.0,0.0
193.920,19392,1,0.0,550015,0,0,0.0,0.0
193.930,19393,1,0.0,574364,0,0,0.0,0.0
193.940,19394,1,0.0,561715,0,0,0.0,0.0
193.950,19395,1,0.0,553085,0,0,0.0,0.0
193.960,19396,1,0.0,552309,0,0,0.0,0.0
193.970,19397,1,0.0,550915,0,0,0.0,0.0
193.980,19398,1,0.0,557415,0,0,0.0,0.0
193.990,19399,1,0.0,561257,0,0,0.0,0.0
194.000,19400,1,0.0,563389,0,0,0.0,0.0
194.010,19401,1,0.0,568296,0,0,0.0,0.0
194.020,19402,1,0.0,588506,0,0,0.0,0.0
194.030,19403,1,0.0,568034,0,0,0.0,0.0
194.040,19404,1,0.0,543046,0,0,0.0,0.0
194.050,19405,1,0.0,573172,0,0,0.0,0.0
194.060,19406,1,0.0,571089,0,0,0.0,0.0
194.070,19407,1,0.0,559197,0,0,0.0,0.0
194.080,19408,1,0.0,541044,0,0,0.0,0.0
194.090,19409,1,0.0,563106,0,0,0.0,0.0
194.100,19410,1,0.0,546680,0,0,0.0,0.0
194.110,19411,1,0.0,546955,0,0,0.0,0.0
194.120,19412,1,0.0,591655,0,0,0.0,0.0
194.130,19413,1,0.0,581393,0,0,0.0,0.0
194.140,19414,1,0.0,570948,0,0,0.0,0.0
194.150,19415,1,0.0,541530,0,0,0.0,0.0
194.160,19416,1,0.0,580333,0,0,0.0,0.0
194.170,19417,1,0.0,547644,0,0,0.0,0.0
194.180,19418,1,0.0,554419,0,0,0.0,0.0
194.190,19419,1,0.0,578999,0,0,0.0,0.0
194.200,19420,1,0.0,577005,0,0,0.0,0.0
194.210,19421,1,0.0,572379,0,0,0.0,0.0
194.220,19422,1,0.0,584497,0,0,0.0,0.0
194.230,19423,1,0.0,616123,0,0,0.0,0.0
194.240,19424,1,0.0,584927,0,0,0.0,0.0
194.250,19425,1,0.0,578114,0,0,0.0,0.0
194.260,19426,1,0.0,563256,0,0,0.0,0.0
194.270,19427,1,0.0,572799,0,0,0.0,0.0
194.280,19428,1,0.0,575769,0,0,0.0,0.0
194.290,19429,1,0.0,588277,0,0,0.0,0.0
194.300,19430,1,0.0,602008,0,0,0.0,0.0
194.310,19431,1,0.0,588621,0,0,0.0,0.0
194.320,19432,1,0.0,566597,0,0,0.0,0.0
194.330,19433,1,0.0,565514,0,0,0.0,0.0
194.340,19434,1,0.0,608018,0,0,0.0,0.0
194.350,19435,1,0.0,595921,0,0,0.0,0.0
194.360,19436,1,0.0,569335,0,0,0.0,0.0
194.370,19437,1,0.0,577743,0,0,0.0,0.0
194.380,19438,1,0.0,593485,0,0,0.0,0.0
194.390,19439,1,0.0,601449,0,0,0.0,0.0
194.400,19440,1,0.0,546416,0,0,0.0,0.0
194.410,19441,1,0.0,576049,0,0,0.0,0.0
194.420,19442,1,0.0,594669,0,0,0.0,0.0
194.430,19443,1,0.0,552274,0,0,0.0,0.0
194.440,19444,1,0.0,531310,0,0,0.0,0.0
194.450,19445,1,0.0,609376,0,0,0.0,0.0
194.460,19446,1,0.0,554442,0,0,0.0,0.0
194.470,19447,1,0.0,571259,0,0,0.0,0.0
194.480,19448,1,0.0,578655,0,0,0.0,0.0
194.490,19449,1,0.0,574894,0,0,0.0,0.0
194.500,19450,1,0.0,535870,0,0,0.0,0.0
194.510,19451,1,0.0,557355,0,0,0.0,0.0
194.520,19452,1,0.0,573355,0,0,0.0,0.0
194.530,19453,1,0.0,561389,0,0,0.0,0.0
194.540,19454,1,0.0,602098,0,0,0.0,0.0
194.550,19455,1,0.0,581747,0,0,0.0,0.0
194.560,19456,1,0.0,566601,0,0,0.0,0.0
194.570,19457,1,0.0,559251,0,0,0.0,0.0
194.580,19458,1,0.0,581036,0,0,0.0,0.0
194.590,19459,1,0.0,588994,0,0,0.0,0.0
194.600,19460,1,0.0,577142,0,0,0.0,0.0
194.610,19461,1,0.0,568524,0,0,0.0,0.0
194.620,19462,1,0.0,544610,0,0,0.0,0.0
194.630,19463,1,0.0,563490,0,0,0.0,0.0
194.640,19464,1,0.0,591118,0,0,0.0,0.0
194.650,19465,1,0.0,593685,0,0,0.0,0.0
194.660,19466,1,0.0,591509,0,0,0.0,0.0
194.670,19467,1,0.0,544504,0,0,0.0,0.0
194.680,19468,1,0.0,563924,0,0,0.0,0.0
194.690,19469,1,0.0,536080,0,0,0.0,0.0
194.700,19470,1,0.0,587017,0,0,0.0,0.0
194.710,19471,1,0.0,561736,0,0,0.0,0.0
194.720,19472,1,0.0,571883,0,0,0.0,0.0
194.730,19473,1,0.0,587988,0,0,0.0,0.0
194.740,19474,1,0.0,574953,0,0,0.0,0.0
194.750,19475,1,0.0,556856,0,0,0.0,0.0
194.760,19476,1,0.0,576502,0,0,0.0,0.0
194.770,19477,1,0.0,586455,0,0,0.0,0.0
194.780,19478,1,0.0,542147,0,0,0.0,0.0
194.790,19479,1,0.0,581039,0,0,0.0,0.0
194.800,19480,1,0.0,591067,0,0,0.0,0.0
194.810,19481,1,0.0,555214,0,0,0.0,0.0
194.820,19482,1,0.0,589900,0,0,0.0,0.0
194.830,19483,1,0.0,585092,0,0,0.0,0.0
194.840,19484,1,0.0,560725,0,0,0.0,0.0
194.850,19485,1,0.0,602942,0,0,0.0,0.0
194.860,19486,1,0.0,575901,0,0,0.0,0.0
194.870,19487,1,0.0,564942,0,0,0.0,0.0
194.880,19488,1,0.0,535009,0,0,0.0,0.0
194.890,19489,1,0.0,582323,0,0,0.0,0.0
194.900,19490,1,0.0,575359,0,0,0.0,0.0
194.910,19491,1,0.0,590902,0,0,0.0,0.0
194.920,19492,1,0.0,550089,0,0,0.0,0.0
194.930,19493,1,0.0,544606,0,0,0.0,0.0
194.940,19494,1,0.0,566935,0,0,0.0,0.0
194.950,19495,1,0.0,597651,0,0,0.0,0.0
194.960,19496,1,0.0,573493,0,0,0.0,0.0
194.970,19497,1,0.0,554638,0,0,0.0,0.0
194.980,19498,1,0.0,586728,0,0,0.0,0.0
194.990,19499,1,0.0,545190,0,0,0.0,0.0
195.000,19500,1,0.0,586396,0,0,0.0,0.0
195.010,19501,1,0.0,585165,0,0,0.0,0.0
195.020,19502,1,0.0,593965,0,0,0.0,0.0
195.030,19503,1,0.0,593329,0,0,0.0,0.0
195.040,19504,1,0.0,562945,0,0,0.0,0.0
195.050,19505,1,0.0,550763,0,0,0.0,0.0
195.060,19506,1,0.0,562133,0,0,0.0,0.0
195.070,19507,1,0.0,576006,0,0,0.0,0.0
195.080,19508,1,0.0,594439,0,0,0.0,0.0
195.090,19509,1,0.0,565145,0,0,0.0,0.0
195.100,19510,1,0.0,573498,0,0,0.0,0.0
195.110,19511,1,0.0,577633,0,0,0.0,0.0
195.120,19512,1,0.0,608211,0,0,0.0,0.0
195.130,19513,1,0.0,586785,0,0,0.0,0.0
195.140,19514,1,0.0,593200,0,0,0.0,0.0
195.150,19515,1,0.0,573390,0,0,0.0,0.0
195.160,19516,1,0.0,555733,0,0,0.0,0.0
195.170,19517,1,0.0,592772,0,0,0.0,0.0
195.180,19518,1,0.0,563159,0,0,0.0,0.0
195.190,19519,1,0.0,572500,0,0,0.0,0.0
195.200,19520,1,0.0,553819,0,0,0.0,0.0
195.210,19521,1,0.0,572756,0,0,0.0,0.0
195.220,19522,1,0.0,555670,0,0,0.0,0.0
195.230,19523,1,0.0,570756,0,0,0.0,0.0
195.240,19524,1,0.0,552961,0,0,0.0,0.0
195.250,19525,1,0.0,562650,0,0,0.0,0.0
195.260,19526,1,0.0,589203,0,0,0.0,0.0
195.270,19527,1,0.0,553606,0,0,0.0,0.0
195.280,19528,1,0.0,605450,0,0,0.0,0.0
195.290,19529,1,0.0,582467,0,0,0.0,0.0
195.300,19530,1,0.0,555035,0,0,0.0,0.0
195.310,19531,1,0.0,580118,0,0,0.0,0.0
195.320,19532,1,0.0,590536,0,0,0.0,0.0
195.330,19533,1,0.0,557654,0,0,0.0,0.0
195.340,19534,1,0.0,579793,0,0,0.0,0.0
195.350,19535,1,0.0,572465,0,0,0.0,0.0
195.360,19536,1,0.0,566184,0,0,0.0,0.0
195.370,19537,1,0.0,572543,0,0,0.0,0.0
195.380,19538,1,0.0,554311,0,0,0.0,0.0
195.390,19539,1,0.0,574392,0,0,0.0,0.0
195.400,19540,1,0.0,551707,0,0,0.0,0.0
195.410,19541,1,0.0,586040,0,0,0.0,0.0
195.420,19542,1,0.0,565661,0,0,0.0,0.0
195.430,19543,1,0.0,610766,0,0,0.0,0.0
195.440,19544,1,0.0,566760,0,0,0.0,0.0
195.450,19545,1,0.0,581267,0,0,0.0,0.0
195.460,19546,1,0.0,565027,0,0,0.0,0.0
195.470,19547,1,0.0,556968,0,0,0.0,0.0
195.480,19548,1,0.0,592257,0,0,0.0,0.0
195.490,19549,1,0.0,572256,0,0,0.0,0.0
195.500,19550,1,0.0,580150,0,0,0.0,0.0
195.510,19551,1,0.0,569416,0,0,0.0,0.0
195.520,19552,1,0.0,578899,0,0,0.0,0.0
195.530,19553,1,0.0,567492,0,0,0.0,0.0
195.540,19554,1,0.0,573777,0,0,0.0,0.0
195.550,19555,1,0.0,573181,0,0,0.0,0.0
195.560,19556,1,0.0,565461,0,0,0.0,0.0
195.570,19557,1,0.0,565847,0,0,0.0,0.0
195.580,19558,1,0.0,549034,0,0,0.0,0.0
195.590,19559,1,0.0,566739,0,0,0.0,0.0
195.600,19560,1,0.0,623521,0,0,0.0,0.0
195.610,19561,1,0.0,612420,0,0,0.0,0.0
195.620,19562,1,0.0,556450,0,0,0.0,0.0
195.630,19563,1,0.0,582989,0,0,0.0,0.0
195.640,19564,1,0.0,605166,0,0,0.0,0.0
195.650,19565,1,0.0,590497,0,0,0.0,0.0
195.660,19566,1,0.0,605586,0,0,0.0,0.0
195.670,19567,1,0.0,563183,0,0,0.0,0.0
195.680,19568,1,0.0,590640,0,0,0.0,0.0
195.690,19569,1,0.0,602054,0,0,0.0,0.0
195.700,19570,1,0.0,588760,0,0,0.0,0.0
195.710,19571,1,0.0,587647,0,0,0.0,0.0
195.720,19572,1,0.0,565022,0,0,0.0,0.0
195.730,19573,1,0.0,564385,0,0,0.0,0.0
195.740,19574,1,0.0,580856,0,0,0.0,0.0
195.750,19575,1,0.0,551426,0,0,0.0,0.0
195.760,19576,1,0.0,598820,0,0,0.0,0.0
195.770,19577,1,0.0,573190,0,0,0.0,0.0
195.780,19578,1,0.0,583722,0,0,0.0,0.0
195.790,19579,1,0.0,578030,0,0,0.0,0.0
195.800,19580,1,0.0,562711,0,0,0.0,0.0
195.810,19581,1,0.0,604778,0,0,0.0,0.0
195.820,19582,1,0.0,556011,0,0,0.0,0.0
195.830,19583,1,0.0,582586,0,0,0.0,0.0
195.840,19584,1,0.0,569757,0,0,0.0,0.0
195.850,19585,1,0.0,581999,0,0,0.0,0.0
195.860,19586,1,0.0,569779,0,0,0.0,0.0
195.870,19587,1,0.0,586083,0,0,0.0,0.0
195.880,19588,1,0.0,598072,0,0,0.0,0.0
195.890,19589,1,0.0,544100,0,0,0.0,0.0
195.900,19590,1,0.0,559599,0,0,0.0,0.0
195.910,19591,1,0.0,558669,0,0,0.0,0.0
195.920,19592,1,0.0,582499,0,0,0.0,0.0
195.930,19593,1,0.0,580540,0,0,0.0,0.0
195.940,19594,1,0.0,566982,0,0,0.0,0.0
195.950,19595,1,0.0,585000,0,0,0.0,0.0
195.960,19596,1,0.0,552693,0,0,0.0,0.0
195.970,19597,1,0.0,576249,0,0,0.0,0.0
195.980,19598,1,0.0,578670,0,0,0.0,0.0
195.990,19599,1,0.0,562362,0,0,0.0,0.0
196.000,19600,1,0.0,620468,0,0,0.0,0.0
196.010,19601,1,0.0,592769,0,0,0.0,0.0
196.020,19602,1,0.0,586550,0,0,0.0,0.0
196.030,19603,1,0.0,571520,0,0,0.0,0.0
196.040,19604,1,0.0,605283,0,0,0.0,0.0
196.050,19605,1,0.0,594145,0,0,0.0,0.0
196.060,19606,1,0.0,605737,0,0,0.0,0.0
196.070,19607,1,0.0,570078,0,0,0.0,0.0
196.080,19608,1,0.0,557597,0,0,0.0,0.0
196.090,19609,1,0.0,614170,0,0,0.0,0.0
196.100,19610,1,0.0,595396,0,0,0.0,0.0
196.110,19611,1,0.0,569564,0,0,0.0,0.0
196.120,19612,1,0.0,594882,0,0,0.0,0.0
196.130,19613,1,0.0,566101,0,0,0.0,0.0
196.140,19614,1,0.0,577847,0,0,0.0,0.0
196.150,19615,1,0.0,568082,0,0,0.0,0.0
196.160,19616,1,0.0,566861,0,0,0.0,0.0
196.170,19617,1,0.0,564328,0,0,0.0,0.0
196.180,19618,1,0.0,554234,0,0,0.0,0.0
196.190,19619,1,0.0,571146,0,0,0.0,0.0
196.200,19620,1,0.0,548764,0,0,0.0,0.0
196.210,19621,1,0.0,578614,0,0,0.0,0.0
196.220,19622,1,0.0,550283,0,0,0.0,0.0
196.230,19623,1,0.0,621147,0,0,0.0,0.0
196.240,19624,1,0.0,556423,0,0,0.0,0.0
196.250,19625,1,0.0,594525,0,0,0.0,0.0
196.260,19626,1,0.0,579401,0,0,0.0,0.0
196.270,19627,1,0.0,551554,0,0,0.0,0.0
196.280,19628,1,0.0,558216,0,0,0.0,0.0
196.290,19629,1,0.0,563616,0,0,0.0,0.0
196.300,19630,1,0.0,567639,0,0,0.0,0.0
196.310,19631,1,0.0,568719,0,0,0.0,0.0
196.320,19632,1,0.0,593284,0,0,0.0,0.0
196.330,19633,1,0.0,566046,0,0,0.0,0.0
196.340,19634,1,0.0,579818,0,0,0.0,0.0
196.350,19635,1,0.0,561618,0,0,0.0,0.0
196.360,19636,1,0.0,584778,0,0,0.0,0.0
196.370,19637,1,0.0,568431,0,0,0.0,0.0
196.380,19638,1,0.0,595653,0,0,0.0,0.0
196.390,19639,1,0.0,583302,0,0,0.0,0.0
196.400,19640,1,0.0,569850,0,0,0.0,0.0
196.410,19641,1,0.0,587689,0,0,0.0,0.0
196.420,19642,1,0.0,565219,0,0,0.0,0.0
196.430,19643,1,0.0,597373,0,0,0.0,0.0
196.440,19644,1,0.0,617675,0,0,0.0,0.0
196.450,19645,1,0.0,588408,0,0,0.0,0.0
196.460,19646,1,0.0,610695,0,0,0.0,0.0
196.470,19647,1,0.0,582873,0,0,0.0,0.0
196.480,19648,1,0.0,550358,0,0,0.0,0.0
196.490,19649,1,0.0,592899,0,0,0.0,0.0
196.500,19650,1,0.0,582045,0,0,0.0,0.0
196.510,19651,1,0.0,619508,0,0,0.0,0.0
196.520,19652,1,0.0,562968,0,0,0.0,0.0
196.530,19653,1,0.0,607952,0,0,0.0,0.0
196.540,19654,1,0.0,563631,0,0,0.0,0.0
196.550,19655,1,0.0,585458,0,0,0.0,0.0
196.560,19656,1,0.0,603381,0,0,0.0,0.0
196.570,19657,1,0.0,574113,0,0,0.0,0.0
196.580,19658,1,0.0,592961,0,0,0.0,0.0
196.590,19659,1,0.0,593452,0,0,0.0,0.0
196.600,19660,1,0.0,583070,0,0,0.0,0.0
196.610,19661,1,0.0,576139,0,0,0.0,0.0
196.620,19662,1,0.0,554781,0,0,0.0,0.0
196.630,19663,1,0.0,591088,0,0,0.0,0.0
196.640,19664,1,0.0,602838,0,0,0.0,0.0
196.650,19665,1,0.0,559373,0,0,0.0,0.0
196.660,19666,1,0.0,605016,0,0,0.0,0.0
196.670,19667,1,0.0,575552,0,0,0.0,0.0
196.680,19668,1,0.0,623533,0,0,0.0,0.0
196.690,19669,1,0.0,559751,0,0,0.0,0.0
196.700,19670,1,0.0,603509,0,0,0.0,0.0
196.710,19671,1,0.0,584960,0,0,0.0,0.0
196.720,19672,1,0.0,581891,0,0,0.0,0.0
196.730,19673,1,0.0,589055,0,0,0.0,0.0
196.740,19674,1,0.0,579321,0,0,0.0,0.0
196.750,19675,1,0.0,613167,0,0,0.0,0.0
196.760,19676,1,0.0,562148,0,0,0.0,0.0
196.770,19677,1,0.0,605196,0,0,0.0,0.0
196.780,19678,1,0.0,563597,0,0,0.0,0.0
196.790,19679,1,0.0,594863,0,0,0.0,0.0
196.800,19680,1,0.0,590444,0,0,0.0,0.0
196.810,19681,1,0.0,580351,0,0,0.0,0.0
196.820,19682,1,0.0,609880,0,0,0.0,0.0
196.830,19683,1,0.0,603815,0,0,0.0,0.0
196.840,19684,1,0.0,572249,0,0,0.0,0.0
196.850,19685,1,0.0,614730,0,0,0.0,0.0
196.860,19686,1,0.0,563103,0,0,0.0,0.0
196.870,19687,1,0.0,604795,0,0,0.0,0.0
196.880,19688,1,0.0,598178,0,0,0.0,0.0
196.890,19689,1,0.0,597698,0,0,0.0,0.0
196.900,19690,1,0.0,614359,0,0,0.0,0.0
196.910,19691,1,0.0,596337,0,0,0.0,0.0
196.920,19692,1,0.0,560768,0,0,0.0,0.0
196.930,19693,1,0.0,580933,0,0,0.0,0.0
196.940,19694,1,0.0,604423,0,0,0.0,0.0
196.950,19695,1,0.0,592288,0,0,0.0,0.0
196.960,19696,1,0.0,592165,0,0,0.0,0.0
196.970,19697,1,0.0,599349,0,0,0.0,0.0
196.980,19698,1,0.0,570971,0,0,0.0,0.0
196.990,19699,1,0.0,577736,0,0,0.0,0.0
197.000,19700,1,0.0,606281,0,0,0.0,0.0
197.010,19701,1,0.0,600628,0,0,0.0,0.0
197.020,19702,1,0.0,585618,0,0,0.0,0.0
197.030,19703,1,0.0,611001,0,0,0.0,0.0
197.040,19704,1,0.0,557387,0,0,0.0,0.0
197.050,19705,1,0.0,574104,0,0,0.0,0.0
197.060,19706,1,0.0,569444,0,0,0.0,0.0
197.070,19707,1,0.0,563269,0,0,0.0,0.0
197.080,19708,1,0.0,582217,0,0,0.0,0.0
197.090,19709,1,0.0,574095,0,0,0.0,0.0
197.100,19710,1,0.0,585983,0,0,0.0,0.0
197.110,19711,1,0.0,619199,0,0,0.0,0.0
197.120,19712,1,0.0,594444,0,0,0.0,0.0
197.130,19713,1,0.0,596436,0,0,0.0,0.0
197.140,19714,1,0.0,607589,0,0,0.0,0.0
197.150,19715,1,0.0,585091,0,0,0.0,0.0
197.160,19716,1,0.0,598693,0,0,0.0,0.0
197.170,19717,1,0.0,574743,0,0,0.0,0.0
197.180,19718,1,0.0,552575,0,0,0.0,0.0
197.190,19719,1,0.0,595394,0,0,0.0,0.0
197.200,19720,1,0.0,578459,0,0,0.0,0.0
197.210,19721,1,0.0,565242,0,0,0.0,0.0
197.220,19722,1,0.0,598118,0,0,0.0,0.0
197.230,19723,1,0.0,592973,0,0,0.0,0.0
197.240,19724,1,0.0,577020,0,0,0.0,0.0
197.250,19725,1,0.0,578011,0,0,0.0,0.0
197.260,19726,1,0.0,607059,0,0,0.0,0.0
197.270,19727,1,0.0,581291,0,0,0.0,0.0
197.280,19728,1,0.0,563977,0,0,0.0,0.0
197.290,19729,1,0.0,601038,0,0,0.0,0.0
197.300,19730,1,0.0,567440,0,0,0.0,0.0
197.310,19731,1,0.0,606331,0,0,0.0,0.0
197.320,19732,1,0.0,602066,0,0,0.0,0.0
197.330,19733,1,0.0,553819,0,0,0.0,0.0
197.340,19734,1,0.0,624465,0,0,0.0,0.0
197.350,19735,1,0.0,608091,0,0,0.0,0.0
197.360,19736,1,0.0,572715,0,0,0.0,0.0
197.370,19737,1,0.0,603354,0,0,0.0,0.0
197.380,19738,1,0.0,574444,0,0,0.0,0.0
197.390,19739,1,0.0,580615,0,0,0.0,0.0
197.400,19740,1,0.0,557911,0,0,0.0,0.0
197.410,19741,1,0.0,612345,0,0,0.0,0.0
197.420,19742,1,0.0,573754,0,0,0.0,0.0
197.430,19743,1,0.0,560873,0,0,0.0,0.0
197.440,19744,1,0.0,588217,0,0,0.0,0.0
197.450,19745,1,0.0,600617,0,0,0.0,0.0
197.460,19746,1,0.0,581660,0,0,0.0,0.0
197.470,19747,1,0.0,588607,0,0,0.0,0.0
197.480,19748,1,0.0,550848,0,0,0.0,0.0
197.490,19749,1,0.0,597309,0,0,0.0,0.0
197.500,19750,1,0.0,568986,0,0,0.0,0.0
197.510,19751,1,0.0,587558,0,0,0.0,0.0
197.520,19752,1,0.0,584471,0,0,0.0,0.0
197.530,19753,1,0.0,586145,0,0,0.0,0.0
197.540,19754,1,0.0,586060,0,0,0.0,0.0
197.550,19755,1,0.0,565937,0,0,0.0,0.0
197.560,19756,1,0.0,594533,0,0,0.0,0.0
197.570,19757,1,0.0,581504,0,0,0.0,0.0
197.580,19758,1,0.0,579939,0,0,0.0,0.0
197.590,19759,1,0.0,568165,0,0,0.0,0.0
197.600,19760,1,0.0,556349,0,0,0.0,0.0
197.610,19761,1,0.0,596765,0,0,0.0,0.0
197.620,19762,1,0.0,589399,0,0,0.0,0.0
197.630,19763,1,0.0,593928,0,0,0.0,0.0
197.640,19764,1,0.0,589249,0,0,0.0,0.0
197.650,19765,1,0.0,589108,0,0,0.0,0.0
197.660,19766,1,0.0,570509,0,0,0.0,0.0
197.670,19767,1,0.0,597505,0,0,0.0,0.0
197.680,19768,1,0.0,559738,0,0,0.0,0.0
197.690,19769,1,0.0,603991,0,0,0.0,0.0
197.700,19770,1,0.0,584664,0,0,0.0,0.0
197.710,19771,1,0.0,559723,0,0,0.0,0.0
197.720,19772,1,0.0,592828,0,0,0.0,0.0
197.730,19773,1,0.0,606135,0,0,0.0,0.0
197.740,19774,1,0.0,573118,0,0,0.0,0.0
197.750,19775,1,0.0,599911,0,0,0.0,0.0
197.760,19776,1,0.0,567285,0,0,0.0,0.0
197.770,19777,1,0.0,625355,0,0,0.0,0.0
197.780,19778,1,0.0,622421,0,0,0.0,0.0
197.790,19779,1,0.0,632186,0,0,0.0,0.0
197.800,19780,1,0.0,583197,0,0,0.0,0.0
197.810,19781,1,0.0,575165,0,0,0.0,0.0
197.820,19782,1,0.0,614017,0,0,0.0,0.0
197.830,19783,1,0.0,610718,0,0,0.0,0.0
197.840,19784,1,0.0,593290,0,0,0.0,0.0
197.850,19785,1,0.0,580958,0,0,0.0,0.0
197.860,19786,1,0.0,610599,0,0,0.0,0.0
197.870,19787,1,0.0,616907,0,0,0.0,0.0
197.880,19788,1,0.0,621840,0,0,0.0,0.0
197.890,19789,1,0.0,578167,0,0,0.0,0.0
197.900,19790,1,0.0,607101,0,0,0.0,0.0
197.910,19791,1,0.0,547687,0,0,0.0,0.0
197.920,19792,1,0.0,594053,0,0,0.0,0.0
197.930,19793,1,0.0,592814,0,0,0.0,0.0
197.940,19794,1,0.0,604247,0,0,0.0,0.0
197.950,19795,1,0.0,596419,0,0,0.0,0.0
197.960,19796,1,0.0,588970,0,0,0.0,0.0
197.970,19797,1,0.0,602057,0,0,0.0,0.0
197.980,19798,1,0.0,580704,0,0,0.0,0.0
197.990,19799,1,0.0,602611,0,0,0.0,0.0
198.000,19800,1,0.0,600784,0,0,0.0,0.0
198.010,19801,1,0.0,558210,0,0,0.0,0.0
198.020,19802,1,0.0,580534,0,0,0.0,0.0
198.030,19803,1,0.0,606506,0,0,0.0,0.0
198.040,19804,1,0.0,595195,0,0,0.0,0.0
198.050,19805,1,0.0,591444,0,0,0.0,0.0
198.060,19806,1,0.0,602300,0,0,0.0,0.0
198.070,19807,1,0.0,581914,0,0,0.0,0.0
198.080,19808,1,0.0,589396,0,0,0.0,0.0
198.090,19809,1,0.0,577181,0,0,0.0,0.0
198.100,19810,1,0.0,600320,0,0,0.0,0.0
198.110,19811,1,0.0,569433,0,0,0.0,0.0
198.120,19812,1,0.0,597448,0,0,0.0,0.0
198.130,19813,1,0.0,553797,0,0,0.0,0.0
198.140,19814,1,0.0,587111,0,0,0.0,0.0
198.150,19815,1,0.0,617332,0,0,0.0,0.0
198.160,19816,1,0.0,595888,0,0,0.0,0.0
198.170,19817,1,0.0,576863,0,0,0.0,0.0
198.180,19818,1,0.0,557442,0,0,0.0,0.0
198.190,19819,1,0.0,580567,0,0,0.0,0.0
198.200,19820,1,0.0,606943,0,0,0.0,0.0
198.210,19821,1,0.0,560220,0,0,0.0,0.0
198.220,19822,1,0.0,598309,0,0,0.0,0.0
198.230,19823,1,0.0,579440,0,0,0.0,0.0
198.240,19824,1,0.0,587227,0,0,0.0,0.0
198.250,19825,1,0.0,593848,0,0,0.0,0.0
198.260,19826,1,0.0,613418,0,0,0.0,0.0
198.270,19827,1,0.0,583570,0,0,0.0,0.0
198.280,19828,1,0.0,603241,0,0,0.0,0.0
198.290,19829,1,0.0,565116,0,0,0.0,0.0
198.300,19830,1,0.0,590384,0,0,0.0,0.0
198.310,19831,1,0.0,587985,0,0,0.0,0.0
198.320,19832,1,0.0,593513,0,0,0.0,0.0
198.330,19833,1,0.0,573923,0,0,0.0,0.0
198.340,19834,1,0.0,559066,0,0,0.0,0.0
198.350,19835,1,0.0,564913,0,0,0.0,0.0
198.360,19836,1,0.0,565200,0,0,0.0,0.0
198.370,19837,1,0.0,588619,0,0,0.0,0.0
198.380,19838,1,0.0,567201,0,0,0.0,0.0
198.390,19839,1,0.0,565738,0,0,0.0,0.0
198.400,19840,1,0.0,596656,0,0,0.0,0.0
198.410,19841,1,0.0,577473,0,0,0.0,0.0
198.420,19842,1,0.0,579892,0,0,0.0,0.0
198.430,19843,1,0.0,598350,0,0,0.0,0.0
198.440,19844,1,0.0,612316,0,0,0.0,0.0
198.450,19845,1,0.0,571457,0,0,0.0,0.0
198.460,19846,1,0.0,617437,0,0,0.0,0.0
198.470,19847,1,0.0,577971,0,0,0.0,0.0
198.480,19848,1,0.0,607010,0,0,0.0,0.0
198.490,19849,1,0.0,603933,0,0,0.0,0.0
198.500,19850,1,0.0,576527,0,0,0.0,0.0
198.510,19851,1,0.0,535917,0,0,0.0,0.0
198.520,19852,1,0.0,580970,0,0,0.0,0.0
198.530,19853,1,0.0,595021,0,0,0.0,0.0
198.540,19854,1,0.0,567087,0,0,0.0,0.0
198.550,19855,1,0.0,597654,0,0,0.0,0.0
198.560,19856,1,0.0,580680,0,0,0.0,0.0
198.570,19857,1,0.0,576489,0,0,0.0,0.0
198.580,19858,1,0.0,591599,0,0,0.0,0.0
198.590,19859,1,0.0,598630,0,0,0.0,0.0
198.600,19860,1,0.0,558304,0,0,0.0,0.0
198.610,19861,1,0.0,541123,0,0,0.0,0.0
198.620,19862,1,0.0,571869,0,0,0.0,0.0
198.630,19863,1,0.0,578464,0,0,0.0,0.0
198.640,19864,1,0.0,611212,0,0,0.0,0.0
198.650,19865,1,0.0,596066,0,0,0.0,0.0
198.660,19866,1,0.0,579894,0,0,0.0,0.0
198.670,19867,1,0.0,574987,0,0,0.0,0.0
198.680,19868,1,0.0,573891,0,0,0.0,0.0
198.690,19869,1,0.0,568634,0,0,0.0,0.0
198.700,19870,1,0.0,595458,0,0,0.0,0.0
198.710,19871,1,0.0,585468,0,0,0.0,0.0
198.720,19872,1,0.0,567667,0,0,0.0,0.0
198.730,19873,1,0.0,593196,0,0,0.0,0.0
198.740,19874,1,0.0,606431,0,0,0.0,0.0
198.750,19875,1,0.0,556361,0,0,0.0,0.0
198.760,19876,1,0.0,583846,0,0,0.0,0.0
198.770,19877,1,0.0,561339,0,0,0.0,0.0
198.780,19878,1,0.0,600264,0,0,0.0,0.0
198.790,19879,1,0.0,598269,0,0,0.0,0.0
198.800,19880,1,0.0,592729,0,0,0.0,0.0
198.810,19881,1,0.0,595027,0,0,0.0,0.0
198.820,19882,1,0.0,584201,0,0,0.0,0.0
198.830,19883,1,0.0,603439,0,0,0.0,0.0
198.840,19884,1,0.0,576963,0,0,0.0,0.0
198.850,19885,1,0.0,601739,0,0,0.0,0.0
198.860,19886,1,0.0,595892,0,0,0.0,0.0
198.870,19887,1,0.0,564887,0,0,0.0,0.0
198.880,19888,1,0.0,572831,0,0,0.0,0.0
198.890,19889,1,0.0,588153,0,0,0.0,0.0
198.900,19890,1,0.0,592981,0,0,0.0,0.0
198.910,19891,1,0.0,565646,0,0,0.0,0.0
198.920,19892,1,0.0,554351,0,0,0.0,0.0
198.930,19893,1,0.0,556522,0,0,0.0,0.0
198.940,19894,1,0.0,552045,0,0,0.0,0.0
198.950,19895,1,0.0,527418,0,0,0.0,0.0
198.960,19896,1,0.0,577019,0,0,0.0,0.0
198.970,19897,1,0.0,587295,0,0,0.0,0.0
198.980,19898,1,0.0,554624,0,0,0.0,0.0
198.990,19899,1,0.0,589282,0,0,0.0,0.0
199.000,19900,1,0.0,566756,0,0,0.0,0.0
199.010,19901,1,0.0,576423,0,0,0.0,0.0
199.020,19902,1,0.0,595403,0,0,0.0,0.0
199.030,19903,1,0.0,604170,0,0,0.0,0.0
199.040,19904,1,0.0,575146,0,0,0.0,0.0
199.050,19905,1,0.0,581758,0,0,0.0,0.0
199.060,19906,1,0.0,562020,0,0,0.0,0.0
199.070,19907,1,0.0,574114,0,0,0.0,0.0
199.080,19908,1,0.0,556711,0,0,0.0,0.0
199.090,19909,1,0.0,550381,0,0,0.0,0.0
199.100,19910,1,0.0,543739,0,0,0.0,0.0
199.110,19911,1,0.0,566409,0,0,0.0,0.0
199.120,19912,1,0.0,552125,0,0,0.0,0.0
199.130,19913,1,0.0,530063,0,0,0.0,0.0
199.140,19914,1,0.0,558629,0,0,0.0,0.0
199.150,19915,1,0.0,576309,0,0,0.0,0.0
199.160,19916,1,0.0,577845,0,0,0.0,0.0
199.170,19917,1,0.0,576976,0,0,0.0,0.0
199.180,19918,1,0.0,551898,0,0,0.0,0.0
199.190,19919,1,0.0,580403,0,0,0.0,0.0
199.200,19920,1,0.0,571415,0,0,0.0,0.0
199.210,19921,1,0.0,582130,0,0,0.0,0.0
199.220,19922,1,0.0,612589,0,0,0.0,0.0
199.230,19923,1,0.0,563057,0,0,0.0,0.0
199.240,19924,1,0.0,587118,0,0,0.0,0.0
199.250,19925,1,0.0,595011,0,0,0.0,0.0
199.260,19926,1,0.0,597873,0,0,0.0,0.0
199.270,19927,1,0.0,601542,0,0,0.0,0.0
199.280,19928,1,0.0,592377,0,0,0.0,0.0
199.290,19929,1,0.0,577804,0,0,0.0,0.0
199.300,19930,1,0.0,562929,0,0,0.0,0.0
199.310,19931,1,0.0,606128,0,0,0.0,0.0
199.320,19932,1,0.0,568192,0,0,0.0,0.0
199.330,19933,1,0.0,589443,0,0,0.0,0.0
199.340,19934,1,0.0,614035,0,0,0.0,0.0
199.350,19935,1,0.0,572947,0,0,0.0,0.0
199.360,19936,1,0.0,580064,0,0,0.0,0.0
199.370,19937,1,0.0,581472,0,0,0.0,0.0
199.380,19938,1,0.0,579565,0,0,0.0,0.0
199.390,19939,1,0.0,555775,0,0,0.0,0.0
199.400,19940,1,0.0,624961,0,0,0.0,0.0
199.410,19941,1,0.0,582078,0,0,0.0,0.0
199.420,19942,1,0.0,584878,0,0,0.0,0.0
199.430,19943,1,0.0,606015,0,0,0.0,0.0
199.440,19944,1,0.0,589668,0,0,0.0,0.0
199.450,19945,1,0.0,598517,0,0,0.0,0.0
199.460,19946,1,0.0,580322,0,0,0.0,0.0
199.470,19947,1,0.0,573513,0,0,0.0,0.0
199.480,19948,1,0.0,554932,0,0,0.0,0.0
199.490,19949,1,0.0,584541,0,0,0.0,0.0
199.500,19950,1,0.0,546765,0,0,0.0,0.0
199.510,19951,1,0.0,572769,0,0,0.0,0.0
199.520,19952,1,0.0,578643,0,0,0.0,0.0
199.530,19953,1,0.0,554365,0,0,0.0,0.0
199.540,19954,1,0.0,571539,0,0,0.0,0.0
199.550,19955,1,0.0,552216,0,0,0.0,0.0
199.560,19956,1,0.0,545456,0,0,0.0,0.0
199.570,19957,1,0.0,560916,0,0,0.0,0.0
199.580,19958,1,0.0,579421,0,0,0.0,0.0
199.590,19959,1,0.0,587366,0,0,0.0,0.0
199.600,19960,1,0.0,562582,0,0,0.0,0.0
199.610,19961,1,0.0,557832,0,0,0.0,0.0
199.620,19962,1,0.0,561826,0,0,0.0,0.0
199.630,19963,1,0.0,573552,0,0,0.0,0.0
199.640,19964,1,0.0,590067,0,0,0.0,0.0
199.650,19965,1,0.0,591413,0,0,0.0,0.0
199.660,19966,1,0.0,568258,0,0,0.0,0.0
199.670,19967,1,0.0,570076,0,0,0.0,0.0
199.680,19968,1,0.0,587195,0,0,0.0,0.0
199.690,19969,1,0.0,566239,0,0,0.0,0.0
199.700,19970,1,0.0,585024,0,0,0.0,0.0
199.710,19971,1,0.0,586428,0,0,0.0,0.0
199.720,19972,1,0.0,581451,0,0,0.0,0.0
199.730,19973,1,0.0,618171,0,0,0.0,0.0
199.740,19974,1,0.0,628569,0,0,0.0,0.0
199.750,19975,1,0.0,589694,0,0,0.0,0.0
199.760,19976,1,0.0,596777,0,0,0.0,0.0
199.770,19977,1,0.0,565584,0,0,0.0,0.0
199.780,19978,1,0.0,586864,0,0,0.0,0.0
199.790,19979,1,0.0,566633,0,0,0.0,0.0
199.800,19980,1,0.0,542891,0,0,0.0,0.0
199.810,19981,1,0.0,571535,0,0,0.0,0.0
199.820,19982,1,0.0,584603,0,0,0.0,0.0
199.830,19983,1,0.0,592027,0,0,0.0,0.0
199.840,19984,1,0.0,589625,0,0,0.0,0.0
199.850,19985,1,0.0,570047,0,0,0.0,0.0
199.860,19986,1,0.0,551008,0,0,0.0,0.0
199.870,19987,1,0.0,580916,0,0,0.0,0.0
199.880,19988,1,0.0,577085,0,0,0.0,0.0
199.890,19989,1,0.0,567013,0,0,0.0,0.0
199.900,19990,1,0.0,581459,0,0,0.0,0.0
199.910,19991,1,0.0,568394,0,0,0.0,0.0
199.920,19992,1,0.0,583158,0,0,0.0,0.0
199.930,19993,1,0.0,556568,0,0,0.0,0.0
199.940,19994,1,0.0,561948,0,0,0.0,0.0
199.950,19995,1,0.0,563282,0,0,0.0,0.0
199.960,19996,1,0.0,595570,0,0,0.0,0.0
199.970,19997,1,0.0,597461,0,0,0.0,0.0
199.980,19998,1,0.0,601551,0,0,0.0,0.0
199.990,19999,1,0.0,599974,0,0,0.0,0.0
200.000,20000,1,0.0,599658,0,0,0.0,0.0
200.010,20001,1,0.0,583337,0,0,0.0,0.0
200.020,20002,1,0.0,576865,0,0,0.0,0.0
200.030,20003,1,0.0,585232,0,0,0.0,0.0
200.040,20004,1,0.0,559749,0,0,0.0,0.0
200.050,20005,1,0.0,585667,0,0,0.0,0.0
200.060,20006,1,0.0,564982,0,0,0.0,0.0
200.070,20007,1,0.0,549413,0,0,0.0,0.0
200.080,20008,1,0.0,608634,0,0,0.0,0.0
200.090,20009,1,0.0,580481,0,0,0.0,0.0
200.100,20010,1,0.0,580804,0,0,0.0,0.0
200.110,20011,1,0.0,601420,0,0,0.0,0.0
200.120,20012,1,0.0,590972,0,0,0.0,0.0
200.130,20013,1,0.0,604462,0,0,0.0,0.0
200.140,20014,1,0.0,570439,0,0,0.0,0.0
200.150,20015,1,0.0,636798,0,0,0.0,0.0
200.160,20016,1,0.0,594670,0,0,0.0,0.0
200.170,20017,1,0.0,603463,0,0,0.0,0.0
200.180,20018,1,0.0,598437,0,0,0.0,0.0
200.190,20019,1,0.0,581979,0,0,0.0,0.0
200.200,20020,1,0.0,576851,0,0,0.0,0.0
200.210,20021,1,0.0,562444,0,0,0.0,0.0
200.220,20022,1,0.0,570582,0,0,0.0,0.0
200.230,20023,1,0.0,559905,0,0,0.0,0.0
200.240,20024,1,0.0,582825,0,0,0.0,0.0
200.250,20025,1,0.0,597993,0,0,0.0,0.0
200.260,20026,1,0.0,593884,0,0,0.0,0.0
200.270,20027,1,0.0,606354,0,0,0.0,0.0
200.280,20028,1,0.0,581067,0,0,0.0,0.0
200.290,20029,1,0.0,596627,0,0,0.0,0.0
200.300,20030,1,0.0,567785,0,0,0.0,0.0
200.310,20031,1,0.0,572971,0,0,0.0,0.0
200.320,20032,1,0.0,599872,0,0,0.0,0.0
200.330,20033,1,0.0,582039,0,0,0.0,0.0
200.340,20034,1,0.0,552954,0,0,0.0,0.0
200.350,20035,1,0.0,537432,0,0,0.0,0.0
200.360,20036,1,0.0,573684,0,0,0.0,0.0
200.370,20037,1,0.0,606389,0,0,0.0,0.0
200.380,20038,1,0.0,599181,0,0,0.0,0.0
200.390,20039,1,0.0,562801,0,0,0.0,0.0
200.400,20040,1,0.0,571328,0,0,0.0,0.0
200.410,20041,1,0.0,610611,0,0,0.0,0.0
200.420,20042,1,0.0,563139,0,0,0.0,0.0
200.430,20043,1,0.0,574308,0,0,0.0,0.0
200.440,20044,1,0.0,590498,0,0,0.0,0.0
200.450,20045,1,0.0,562791,0,0,0.0,0.0
200.460,20046,1,0.0,558534,0,0,0.0,0.0
200.470,20047,1,0.0,573861,0,0,0.0,0.0
200.480,20048,1,0.0,567876,0,0,0.0,0.0
200.490,20049,1,0.0,599745,0,0,0.0,0.0
200.500,20050,1,0.0,574610,0,0,0.0,0.0
200.510,20051,1,0.0,589452,0,0,0.0,0.0
200.520,20052,1,0.0,587831,0,0,0.0,0.0
200.530,20053,1,0.0,577395,0,0,0.0,0.0
200.540,20054,1,0.0,555718,0,0,0.0,0.0
200.550,20055,1,0.0,566516,0,0,0.0,0.0
200.560,20056,1,0.0,560583,0,0,0.0,0.0
200.570,20057,1,0.0,559085,0,0,0.0,0.0
200.580,20058,1,0.0,548632,0,0,0.0,0.0
200.590,20059,1,0.0,590877,0,0,0.0,0.0
200.600,20060,1,0.0,593932,0,0,0.0,0.0
200.610,20061,1,0.0,591452,0,0,0.0,0.0
200.620,20062,1,0.0,558081,0,0,0.0,0.0
200.630,20063,1,0.0,557679,0,0,0.0,0.0
200.640,20064,1,0.0,601247,0,0,0.0,0.0
200.650,20065,1,0.0,593059,0,0,0.0,0.0
200.660,20066,1,0.0,630809,0,0,0.0,0.0
200.670,20067,1,0.0,559972,0,0,0.0,0.0
200.680,20068,1,0.0,574994,0,0,0.0,0.0
200.690,20069,1,0.0,596209,0,0,0.0,0.0
200.700,20070,1,0.0,610252,0,0,0.0,0.0
200.710,20071,1,0.0,592054,0,0,0.0,0.0
200.720,20072,1,0.0,567078,0,0,0.0,0.0
200.730,20073,1,0.0,580734,0,0,0.0,0.0
200.740,20074,1,0.0,595280,0,0,0.0,0.0
200.750,20075,1,0.0,579222,0,0,0.0,0.0
200.760,20076,1,0.0,555798,0,0,0.0,0.0
200.770,20077,1,0.0,577625,0,0,0.0,0.0
200.780,20078,1,0.0,583064,0,0,0.0,0.0
200.790,20079,1,0.0,560500,0,0,0.0,0.0
200.800,20080,1,0.0,551502,0,0,0.0,0.0
200.810,20081,1,0.0,593529,0,0,0.0,0.0
200.820,20082,1,0.0,580135,0,0,0.0,0.0
200.830,20083,1,0.0,574533,0,0,0.0,0.0
200.840,20084,1,0.0,585933,0,0,0.0,0.0
200.850,20085,1,0.0,561853,0,0,0.0,0.0
200.860,20086,1,0.0,562430,0,0,0.0,0.0
200.870,20087,1,0.0,573106,0,0,0.0,0.0
200.880,20088,1,0.0,577116,0,0,0.0,0.0
200.890,20089,1,0.0,541844,0,0,0.0,0.0
200.900,20090,1,0.0,581928,0,0,0.0,0.0
200.910,20091,1,0.0,595524,0,0,0.0,0.0
200.920,20092,1,0.0,570953,0,0,0.0,0.0
200.930,20093,1,0.0,564526,0,0,0.0,0.0
200.940,20094,1,0.0,574218,0,0,0.0,0.0
200.950,20095,1,0.0,576949,0,0,0.0,0.0
200.960,20096,1,0.0,602095,0,0,0.0,0.0
200.970,20097,1,0.0,594925,0,0,0.0,0.0
200.980,20098,1,0.0,624942,0,0,0.0,0.0
200.990,20099,1,0.0,573287,0,0,0.0,0.0
201.000,20100,1,0.0,579918,0,0,0.0,0.0
201.010,20101,1,0.0,585053,0,0,0.0,0.0
201.020,20102,1,0.0,562414,0,0,0.0,0.0
201.030,20103,1,0.0,576720,0,0,0.0,0.0
201.040,20104,1,0.0,573251,0,0,0.0,0.0
201.050,20105,1,0.0,563336,0,0,0.0,0.0
201.060,20106,1,0.0,606653,0,0,0.0,0.0
201.070,20107,1,0.0,592601,0,0,0.0,0.0
201.080,20108,1,0.0,586240,0,0,0.0,0.0
201.090,20109,1,0.0,562079,0,0,0.0,0.0
201.100,20110,1,0.0,586008,0,0,0.0,0.0
201.110,20111,1,0.0,577698,0,0,0.0,0.0
201.120,20112,1,0.0,571041,0,0,0.0,0.0
201.130,20113,1,0.0,551435,0,0,0.0,0.0
201.140,20114,1,0.0,568978,0,0,0.0,0.0
201.150,20115,1,0.0,586421,0,0,0.0,0.0
201.160,20116,1,0.0,561709,0,0,0.0,0.0
201.170,20117,1,0.0,580768,0,0,0.0,0.0
201.180,20118,1,0.0,580695,0,0,0.0,0.0
201.190,20119,1,0.0,579161,0,0,0.0,0.0
201.200,20120,1,0.0,561507,0,0,0.0,0.0
201.210,20121,1,0.0,545975,0,0,0.0,0.0
201.220,20122,1,0.0,554066,0,0,0.0,0.0
201.230,20123,1,0.0,618744,0,0,0.0,0.0
201.240,20124,1,0.0,598182,0,0,0.0,0.0
201.250,20125,1,0.0,576388,0,0,0.0,0.0
201.260,20126,1,0.0,563994,0,0,0.0,0.0
201.270,20127,1,0.0,586195,0,0,0.0,0.0
201.280,20128,1,0.0,549091,0,0,0.0,0.0
201.290,20129,1,0.0,594143,0,0,0.0,0.0
201.300,20130,1,0.0,604960,0,0,0.0,0.0
201.310,20131,1,0.0,555008,0,0,0.0,0.0
201.320,20132,1,0.0,586955,0,0,0.0,0.0
201.330,20133,1,0.0,569618,0,0,0.0,0.0
201.340,20134,1,0.0,594768,0,0,0.0,0.0
201.350,20135,1,0.0,571449,0,0,0.0,0.0
201.360,20136,1,0.0,547533,0,0,0.0,0.0
201.370,20137,1,0.0,578616,0,0,0.0,0.0
201.380,20138,1,0.0,573106,0,0,0.0,0.0
201.390,20139,1,0.0,598652,0,0,0.0,0.0
201.400,20140,1,0.0,552200,0,0,0.0,0.0
201.410,20141,1,0.0,598984,0,0,0.0,0.0
201.420,20142,1,0.0,578007,0,0,0.0,0.0
201.430,20143,1,0.0,574031,0,0,0.0,0.0
201.440,20144,1,0.0,573736,0,0,0.0,0.0
201.450,20145,1,0.0,582479,0,0,0.0,0.0
201.460,20146,1,0.0,573390,0,0,0.0,0.0
201.470,20147,1,0.0,596229,0,0,0.0,0.0
201.480,20148,1,0.0,598447,0,0,0.0,0.0
201.490,20149,1,0.0,604205,0,0,0.0,0.0
201.500,20150,1,0.0,563234,0,0,0.0,0.0
201.510,20151,1,0.0,584670,0,0,0.0,0.0
201.520,20152,1,0.0,570741,0,0,0.0,0.0
201.530,20153,1,0.0,564081,0,0,0.0,0.0
201.540,20154,1,0.0,568796,0,0,0.0,0.0
201.550,20155,1,0.0,565693,0,0,0.0,0.0
201.560,20156,1,0.0,588791,0,0,0.0,0.0
201.570,20157,1,0.0,548305,0,0,0.0,0.0
201.580,20158,1,0.0,571416,0,0,0.0,0.0
201.590,20159,1,0.0,581840,0,0,0.0,0.0
201.600,20160,1,0.0,552540,0,0,0.0,0.0
201.610,20161,1,0.0,552687,0,0,0.0,0.0
201.620,20162,1,0.0,585557,0,0,0.0,0.0
201.630,20163,1,0.0,576624,0,0,0.0,0.0
201.640,20164,1,0.0,568799,0,0,0.0,0.0
201.650,20165,1,0.0,573899,0,0,0.0,0.0
201.660,20166,1,0.0,571320,0,0,0.0,0.0
201.670,20167,1,0.0,578659,0,0,0.0,0.0
201.680,20168,1,0.0,575620,0,0,0.0,0.0
201.690,20169,1,0.0,558112,0,0,0.0,0.0
201.700,20170,1,0.0,553216,0,0,0.0,0.0
201.710,20171,1,0.0,575270,0,0,0.0,0.0
201.720,20172,1,0.0,587450,0,0,0.0,0.0
201.730,20173,1,0.0,594376,0,0,0.0,0.0
201.740,20174,1,0.0,551015,0,0,0.0,0.0
201.750,20175,1,0.0,578905,0,0,0.0,0.0
201.760,20176,1,0.0,566201,0,0,0.0,0.0
201.770,20177,1,0.0,593947,0,0,0.0,0.0
201.780,20178,1,0.0,588127,0,0,0.0,0.0
201.790,20179,1,0.0,592561,0,0,0.0,0.0
201.800,20180,1,0.0,563339,0,0,0.0,0.0
201.810,20181,1,0.0,570243,0,0,0.0,0.0
201.820,20182,1,0.0,556725,0,0,0.0,0.0
201.830,20183,1,0.0,584738,0,0,0.0,0.0
201.840,20184,1,0.0,554608,0,0,0.0,0.0
201.850,20185,1,0.0,573008,0,0,0.0,0.0
201.860,20186,1,0.0,548774,0,0,0.0,0.0
201.870,20187,1,0.0,581239,0,0,0.0,0.0
201.880,20188,1,0.0,551791,0,0,0.0,0.0
201.890,20189,1,0.0,548868,0,0,0.0,0.0
201.900,20190,1,0.0,552021,0,0,0.0,0.0
201.910,20191,1,0.0,586757,0,0,0.0,0.0
201.920,20192,1,0.0,567286,0,0,0.0,0.0
201.930,20193,1,0.0,575440,0,0,0.0,0.0
201.940,20194,1,0.0,571759,0,0,0.0,0.0
201.950,20195,1,0.0,583835,0,0,0.0,0.0
201.960,20196,1,0.0,582097,0,0,0.0,0.0
201.970,20197,1,0.0,581011,0,0,0.0,0.0
201.980,20198,1,0.0,576091,0,0,0.0,0.0
201.990,20199,1,0.0,564259,0,0,0.0,0.0
202.000,20200,1,0.0,571851,0,0,0.0,0.0
202.010,20201,1,0.0,590503,0,0,0.0,0.0
202.020,20202,1,0.0,572096,0,0,0.0,0.0
202.030,20203,1,0.0,584848,0,0,0.0,0.0
202.040,20204,1,0.0,546368,0,0,0.0,0.0
202.050,20205,1,0.0,529081,0,0,0.0,0.0
202.060,20206,1,0.0,527936,0,0,0.0,0.0
202.070,20207,1,0.0,565996,0,0,0.0,0.0
202.080,20208,1,0.0,567249,0,0,0.0,0.0
202.090,20209,1,0.0,571046,0,0,0.0,0.0
202.100,20210,1,0.0,595600,0,0,0.0,0.0
202.110,20211,1,0.0,590124,0,0,0.0,0.0
202.120,20212,1,0.0,572626,0,0,0.0,0.0
202.130,20213,1,0.0,586568,0,0,0.0,0.0
202.140,20214,1,0.0,581266,0,0,0.0,0.0
202.150,20215,1,0.0,585672,0,0,0.0,0.0
202.160,20216,1,0.0,561115,0,0,0.0,0.0
202.170,20217,1,0.0,555990,0,0,0.0,0.0
202.180,20218,1,0.0,566855,0,0,0.0,0.0
202.190,20219,1,0.0,571391,0,0,0.0,0.0
202.200,20220,1,0.0,574254,0,0,0.0,0.0
202.210,20221,1,0.0,592334,0,0,0.0,0.0
202.220,20222,1,0.0,581611,0,0,0.0,0.0
202.230,20223,1,0.0,581773,0,0,0.0,0.0
202.240,20224,1,0.0,562232,0,0,0.0,0.0
202.250,20225,1,0.0,569913,0,0,0.0,0.0
202.260,20226,1,0.0,564074,0,0,0.0,0.0
202.270,20227,1,0.0,558888,0,0,0.0,0.0
202.280,20228,1,0.0,548508,0,0,0.0,0.0
202.290,20229,1,0.0,541092,0,0,0.0,0.0
202.300,20230,1,0.0,552986,0,0,0.0,0.0
202.310,20231,1,0.0,549170,0,0,0.0,0.0
202.320,20232,1,0.0,528475,0,0,0.0,0.0
202.330,20233,1,0.0,587479,0,0,0.0,0.0
202.340,20234,1,0.0,557706,0,0,0.0,0.0
202.350,20235,1,0.0,569516,0,0,0.0,0.0
202.360,20236,1,0.0,546018,0,0,0.0,0.0
202.370,20237,1,0.0,548999,0,0,0.0,0.0
202.380,20238,1,0.0,537398,0,0,0.0,0.0
202.390,20239,1,0.0,556949,0,0,0.0,0.0
202.400,20240,1,0.0,546972,0,0,0.0,0.0
202.410,20241,1,0.0,564636,0,0,0.0,0.0
202.420,20242,1,0.0,573750,0,0,0.0,0.0
202.430,20243,1,0.0,563918,0,0,0.0,0.0
202.440,20244,1,0.0,556795,0,0,0.0,0.0
202.450,20245,1,0.0,564322,0,0,0.0,0.0
202.460,20246,1,0.0,551079,0,0,0.0,0.0
202.470,20247,1,0.0,589557,0,0,0.0,0.0
202.480,20248,1,0.0,609876,0,0,0.0,0.0
202.490,20249,1,0.0,573700,0,0,0.0,0.0
202.500,20250,1,0.0,562291,0,0,0.0,0.0
202.510,20251,1,0.0,551057,0,0,0.0,0.0
202.520,20252,1,0.0,527913,0,0,0.0,0.0
202.530,20253,1,0.0,546077,0,0,0.0,0.0
202.540,20254,1,0.0,561804,0,0,0.0,0.0
202.550,20255,1,0.0,530084,0,0,0.0,0.0
202.560,20256,1,0.0,558424,0,0,0.0,0.0
202.570,20257,1,0.0,596493,0,0,0.0,0.0
202.580,20258,1,0.0,553161,0,0,0.0,0.0
202.590,20259,1,0.0,524269,0,0,0.0,0.0
202.600,20260,1,0.0,541043,0,0,0.0,0.0
202.610,20261,1,0.0,560411,0,0,0.0,0.0
202.620,20262,1,0.0,543623,0,0,0.0,0.0
202.630,20263,1,0.0,564801,0,0,0.0,0.0
202.640,20264,1,0.0,587024,0,0,0.0,0.0
202.650,20265,1,0.0,577220,0,0,0.0,0.0
202.660,20266,1,0.0,577515,0,0,0.0,0.0
202.670,20267,1,0.0,585273,0,0,0.0,0.0
202.680,20268,1,0.0,585018,0,0,0.0,0.0
202.690,20269,1,0.0,546207,0,0,0.0,0.0
202.700,20270,1,0.0,545455,0,0,0.0,0.0
202.710,20271,1,0.0,585624,0,0,0.0,0.0
202.720,20272,1,0.0,564297,0,0,0.0,0.0
202.730,20273,1,0.0,582036,0,0,0.0,0.0
202.740,20274,1,0.0,566156,0,0,0.0,0.0
202.750,20275,1,0.0,564265,0,0,0.0,0.0
202.760,20276,1,0.0,581244,0,0,0.0,0.0
202.770,20277,1,0.0,582793,0,0,0.0,0.0
202.780,20278,1,0.0,560314,0,0,0.0,0.0
202.790,20279,1,0.0,560644,0,0,0.0,0.0
202.800,20280,1,0.0,559389,0,0,0.0,0.0
202.810,20281,1,0.0,576476,0,0,0.0,0.0
202.820,20282,1,0.0,570939,0,0,0.0,0.0
202.830,20283,1,0.0,558314,0,0,0.0,0.0
202.840,20284,1,0.0,568039,0,0,0.0,0.0
202.850,20285,1,0.0,578149,0,0,0.0,0.0
202.860,20286,1,0.0,553862,0,0,0.0,0.0
202.870,20287,1,0.0,561193,0,0,0.0,0.0
202.880,20288,1,0.0,551940,0,0,0.0,0.0
202.890,20289,1,0.0,544842,0,0,0.0,0.0
202.900,20290,1,0.0,551838,0,0,0.0,0.0
202.910,20291,1,0.0,579939,0,0,0.0,0.0
202.920,20292,1,0.0,580169,0,0,0.0,0.0
202.930,20293,1,0.0,568233,0,0,0.0,0.0
202.940,20294,1,0.0,559484,0,0,0.0,0.0
202.950,20295,1,0.0,544590,0,0,0.0,0.0
202.960,20296,1,0.0,566211,0,0,0.0,0.0
202.970,20297,1,0.0,557179,0,0,0.0,0.0
202.980,20298,1,0.0,589432,0,0,0.0,0.0
202.990,20299,1,0.0,563871,0,0,0.0,0.0
203.000,20300,1,0.0,601550,0,0,0.0,0.0
203.010,20301,1,0.0,563353,0,0,0.0,0.0
203.020,20302,1,0.0,544897,0,0,0.0,0.0
203.030,20303,1,0.0,538911,0,0,0.0,0.0
203.040,20304,1,0.0,579734,0,0,0.0,0.0
203.050,20305,1,0.0,576387,0,0,0.0,0.0
203.060,20306,1,0.0,575940,0,0,0.0,0.0
203.070,20307,1,0.0,591809,0,0,0.0,0.0
203.080,20308,1,0.0,610148,0,0,0.0,0.0
203.090,20309,1,0.0,568784,0,0,0.0,0.0
203.100,20310,1,0.0,548521,0,0,0.0,0.0
203.110,20311,1,0.0,539693,0,0,0.0,0.0
203.120,20312,1,0.0,511002,0,0,0.0,0.0
203.130,20313,1,0.0,549097,0,0,0.0,0.0
203.140,20314,1,0.0,553257,0,0,0.0,0.0
203.150,20315,1,0.0,569951,0,0,0.0,0.0
203.160,20316,1,0.0,536026,0,0,0.0,0.0
203.170,20317,1,0.0,526360,0,0,0.0,0.0
203.180,20318,1,0.0,556299,0,0,0.0,0.0
203.190,20319,1,0.0,560699,0,0,0.0,0.0
203.200,20320,1,0.0,543166,0,0,0.0,0.0
203.210,20321,1,0.0,546720,0,0,0.0,0.0
203.220,20322,1,0.0,578623,0,0,0.0,0.0
203.230,20323,1,0.0,553819,0,0,0.0,0.0
203.240,20324,1,0.0,534080,0,0,0.0,0.0
203.250,20325,1,0.0,557257,0,0,0.0,0.0
203.260,20326,1,0.0,550902,0,0,0.0,0.0
203.270,20327,1,0.0,555354,0,0,0.0,0.0
203.280,20328,1,0.0,563951,0,0,0.0,0.0
203.290,20329,1,0.0,549449,0,0,0.0,0.0
203.300,20330,1,0.0,541290,0,0,0.0,0.0
203.310,20331,1,0.0,541233,0,0,0.0,0.0
203.320,20332,1,0.0,505118,0,0,0.0,0.0
203.330,20333,1,0.0,555442,0,0,0.0,0.0
203.340,20334,1,0.0,539763,0,0,0.0,0.0
203.350,20335,1,0.0,555665,0,0,0.0,0.0
203.360,20336,1,0.0,553716,0,0,0.0,0.0
203.370,20337,1,0.0,539911,0,0,0.0,0.0
203.380,20338,1,0.0,535311,0,0,0.0,0.0
203.390,20339,1,0.0,568263,0,0,0.0,0.0
203.400,20340,1,0.0,593873,0,0,0.0,0.0
203.410,20341,1,0.0,556796,0,0,0.0,0.0
203.420,20342,1,0.0,559208,0,0,0.0,0.0
203.430,20343,1,0.0,566306,0,0,0.0,0.0
203.440,20344,1,0.0,555571,0,0,0.0,0.0
203.450,20345,1,0.0,591219,0,0,0.0,0.0
203.460,20346,1,0.0,567550,0,0,0.0,0.0
203.470,20347,1,0.0,540857,0,0,0.0,0.0
203.480,20348,1,0.0,543152,0,0,0.0,0.0
203.490,20349,1,0.0,549649,0,0,0.0,0.0
203.500,20350,1,0.0,569008,0,0,0.0,0.0
203.510,20351,1,0.0,549930,0,0,0.0,0.0
203.520,20352,1,0.0,551931,0,0,0.0,0.0
203.530,20353,1,0.0,563028,0,0,0.0,0.0
203.540,20354,1,0.0,603897,0,0,0.0,0.0
203.550,20355,1,0.0,562415,0,0,0.0,0.0
203.560,20356,1,0.0,523746,0,0,0.0,0.0
203.570,20357,1,0.0,568597,0,0,0.0,0.0
203.580,20358,1,0.0,578396,0,0,0.0,0.0
203.590,20359,1,0.0,555498,0,0,0.0,0.0
203.600,20360,1,0.0,555123,0,0,0.0,0.0
203.610,20361,1,0.0,559143,0,0,0.0,0.0
203.620,20362,1,0.0,549933,0,0,0.0,0.0
203.630,20363,1,0.0,549324,0,0,0.0,0.0
203.640,20364,1,0.0,558946,0,0,0.0,0.0
203.650,20365,1,0.0,548664,0,0,0.0,0.0
203.660,20366,1,0.0,570266,0,0,0.0,0.0
203.670,20367,1,0.0,548226,0,0,0.0,0.0
203.680,20368,1,0.0,561120,0,0,0.0,0.0
203.690,20369,1,0.0,565372,0,0,0.0,0.0
203.700,20370,1,0.0,560803,0,0,0.0,0.0
203.710,20371,1,0.0,574697,0,0,0.0,0.0
203.720,20372,1,0.0,604052,0,0,0.0,0.0
203.730,20373,1,0.0,582600,0,0,0.0,0.0
203.740,20374,1,0.0,568770,0,0,0.0,0.0
203.750,20375,1,0.0,563932,0,0,0.0,0.0
203.760,20376,1,0.0,572712,0,0,0.0,0.0
203.770,20377,1,0.0,602054,0,0,0.0,0.0
203.780,20378,1,0.0,591431,0,0,0.0,0.0
203.790,20379,1,0.0,582805,0,0,0.0,0.0
203.800,20380,1,0.0,559398,0,0,0.0,0.0
203.810,20381,1,0.0,570897,0,0,0.0,0.0
203.820,20382,1,0.0,544169,0,0,0.0,0.0
203.830,20383,1,0.0,571553,0,0,0.0,0.0
203.840,20384,1,0.0,567249,0,0,0.0,0.0
203.850,20385,1,0.0,592566,0,0,0.0,0.0
203.860,20386,1,0.0,551972,0,0,0.0,0.0
203.870,20387,1,0.0,567600,0,0,0.0,0.0
203.880,20388,1,0.0,587043,0,0,0.0,0.0
203.890,20389,1,0.0,563972,0,0,0.0,0.0
203.900,20390,1,0.0,560018,0,0,0.0,0.0
203.910,20391,1,0.0,582490,0,0,0.0,0.0
203.920,20392,1,0.0,581103,0,0,0.0,0.0
203.930,20393,1,0.0,542863,0,0,0.0,0.0
203.940,20394,1,0.0,530343,0,0,0.0,0.0
203.950,20395,1,0.0,563163,0,0,0.0,0.0
203.960,20396,1,0.0,569603,0,0,0.0,0.0
203.970,20397,1,0.0,535533,0,0,0.0,0.0
203.980,20398,1,0.0,550226,0,0,0.0,0.0
203.990,20399,1,0.0,552140,0,0,0.0,0.0
204.000,20400,1,0.0,547736,0,0,0.0,0.0
204.010,20401,1,0.0,563181,0,0,0.0,0.0
204.020,20402,1,0.0,566652,0,0,0.0,0.0
204.030,20403,1,0.0,554313,0,0,0.0,0.0
204.040,20404,1,0.0,532448,0,0,0.0,0.0
204.050,20405,1,0.0,577796,0,0,0.0,0.0
204.060,20406,1,0.0,561996,0,0,0.0,0.0
204.070,20407,1,0.0,583238,0,0,0.0,0.0
204.080,20408,1,0.0,578574,0,0,0.0,0.0
204.090,20409,1,0.0,560359,0,0,0.0,0.0
204.100,20410,1,0.0,532566,0,0,0.0,0.0
204.110,20411,1,0.0,542452,0,0,0.0,0.0
204.120,20412,1,0.0,538749,0,0,0.0,0.0
204.130,20413,1,0.0,564634,0,0,0.0,0.0
204.140,20414,1,0.0,580233,0,0,0.0,0.0
204.150,20415,1,0.0,518360,0,0,0.0,0.0
204.160,20416,1,0.0,550055,0,0,0.0,0.0
204.170,20417,1,0.0,563681,0,0,0.0,0.0
204.180,20418,1,0.0,571416,0,0,0.0,0.0
204.190,20419,1,0.0,581439,0,0,0.0,0.0
204.200,20420,1,0.0,541645,0,0,0.0,0.0
204.210,20421,1,0.0,555709,0,0,0.0,0.0
204.220,20422,1,0.0,550742,0,0,0.0,0.0
204.230,20423,1,0.0,560424,0,0,0.0,0.0
204.240,20424,1,0.0,570575,0,0,0.0,0.0
204.250,20425,1,0.0,559435,0,0,0.0,0.0
204.260,20426,1,0.0,556878,0,0,0.0,0.0
204.270,20427,1,0.0,507426,0,0,0.0,0.0
204.280,20428,1,0.0,554943,0,0,0.0,0.0
204.290,20429,1,0.0,560263,0,0,0.0,0.0
204.300,20430,1,0.0,567716,0,0,0.0,0.0
204.310,20431,1,0.0,544942,0,0,0.0,0.0
204.320,20432,1,0.0,561980,0,0,0.0,0.0
204.330,20433,1,0.0,561903,0,0,0.0,0.0
204.340,20434,1,0.0,590012,0,0,0.0,0.0
204.350,20435,1,0.0,568040,0,0,0.0,0.0
204.360,20436,1,0.0,553588,0,0,0.0,0.0
204.370,20437,1,0.0,556912,0,0,0.0,0.0
204.380,20438,1,0.0,551593,0,0,0.0,0.0
204.390,20439,1,0.0,570591,0,0,0.0,0.0
204.400,20440,1,0.0,584887,0,0,0.0,0.0
204.410,20441,1,0.0,583335,0,0,0.0,0.0
204.420,20442,1,0.0,577103,0,0,0.0,0.0
204.430,20443,1,0.0,555072,0,0,0.0,0.0
204.440,20444,1,0.0,563204,0,0,0.0,0.0
204.450,20445,1,0.0,586651,0,0,0.0,0.0
204.460,20446,1,0.0,558026,0,0,0.0,0.0
204.470,20447,1,0.0,575390,0,0,0.0,0.0
204.480,20448,1,0.0,557176,0,0,0.0,0.0
204.490,20449,1,0.0,569999,0,0,0.0,0.0
204.500,20450,1,0.0,597489,0,0,0.0,0.0
204.510,20451,1,0.0,525210,0,0,0.0,0.0
204.520,20452,1,0.0,567753,0,0,0.0,0.0
204.530,20453,1,0.0,609310,0,0,0.0,0.0
204.540,20454,1,0.0,578743,0,0,0.0,0.0
204.550,20455,1,0.0,561119,0,0,0.0,0.0
204.560,20456,1,0.0,588040,0,0,0.0,0.0
204.570,20457,1,0.0,593645,0,0,0.0,0.0
204.580,20458,1,0.0,570596,0,0,0.0,0.0
204.590,20459,1,0.0,517468,0,0,0.0,0.0
204.600,20460,1,0.0,609547,0,0,0.0,0.0
204.610,20461,1,0.0,611753,0,0,0.0,0.0
204.620,20462,1,0.0,606434,0,0,0.0,0.0
204.630,20463,1,0.0,600957,0,0,0.0,0.0
204.640,20464,1,0.0,593368,0,0,0.0,0.0
204.650,20465,1,0.0,552395,0,0,0.0,0.0
204.660,20466,1,0.0,575303,0,0,0.0,0.0
204.670,20467,1,0.0,605405,0,0,0.0,0.0
204.680,20468,1,0.0,591858,0,0,0.0,0.0
204.690,20469,1,0.0,573908,0,0,0.0,0.0
204.700,20470,1,0.0,554179,0,0,0.0,0.0
204.710,20471,1,0.0,590594,0,0,0.0,0.0
204.720,20472,1,0.0,582765,0,0,0.0,0.0
204.730,20473,1,0.0,577610,0,0,0.0,0.0
204.740,20474,1,0.0,589124,0,0,0.0,0.0
204.750,20475,1,0.0,555617,0,0,0.0,0.0
204.760,20476,1,0.0,605980,0,0,0.0,0.0
204.770,20477,1,0.0,612505,0,0,0.0,0.0
204.780,20478,1,0.0,612736,0,0,0.0,0.0
204.790,20479,1,0.0,588758,0,0,0.0,0.0
204.800,20480,1,0.0,592930,0,0,0.0,0.0
204.810,20481,1,0.0,582552,0,0,0.0,0.0
204.820,20482,1,0.0,595924,0,0,0.0,0.0
204.830,20483,1,0.0,570294,0,0,0.0,0.0
204.840,20484,1,0.0,578785,0,0,0.0,0.0
204.850,20485,1,0.0,568572,0,0,0.0,0.0
204.860,20486,1,0.0,558785,0,0,0.0,0.0
204.870,20487,1,0.0,534916,0,0,0.0,0.0
204.880,20488,1,0.0,584682,0,0,0.0,0.0
204.890,20489,1,0.0,578077,0,0,0.0,0.0
204.900,20490,1,0.0,585031,0,0,0.0,0.0
204.910,20491,1,0.0,571328,0,0,0.0,0.0
204.920,20492,1,0.0,601564,0,0,0.0,0.0
204.930,20493,1,0.0,565921,0,0,0.0,0.0
204.940,20494,1,0.0,600142,0,0,0.0,0.0
204.950,20495,1,0.0,599843,0,0,0.0,0.0
204.960,20496,1,0.0,573752,0,0,0.0,0.0
204.970,20497,1,0.0,548687,0,0,0.0,0.0
204.980,20498,1,0.0,577622,0,0,0.0,0.0
204.990,20499,1,0.0,562554,0,0,0.0,0.0
205.000,20500,1,0.0,592234,0,0,0.0,0.0
205.010,20501,1,0.0,598220,0,0,0.0,0.0
205.020,20502,1,0.0,579741,0,0,0.0,0.0
205.030,20503,1,0.0,561764,0,0,0.0,0.0
205.040,20504,1,0.0,556463,0,0,0.0,0.0
205.050,20505,1,0.0,546038,0,0,0.0,0.0
205.060,20506,1,0.0,573244,0,0,0.0,0.0
205.070,20507,1,0.0,576633,0,0,0.0,0.0
205.080,20508,1,0.0,561854,0,0,0.0,0.0
205.090,20509,1,0.0,588403,0,0,0.0,0.0
205.100,20510,1,0.0,567670,0,0,0.0,0.0
205.110,20511,1,0.0,568979,0,0,0.0,0.0
205.120,20512,1,0.0,564663,0,0,0.0,0.0
205.130,20513,1,0.0,563474,0,0,0.0,0.0
205.140,20514,1,0.0,573128,0,0,0.0,0.0
205.150,20515,1,0.0,551623,0,0,0.0,0.0
205.160,20516,1,0.0,593851,0,0,0.0,0.0
205.170,20517,1,0.0,535951,0,0,0.0,0.0
205.180,20518,1,0.0,559368,0,0,0.0,0.0
205.190,20519,1,0.0,584499,0,0,0.0,0.0
205.200,20520,1,0.0,546669,0,0,0.0,0.0
205.210,20521,1,0.0,556384,0,0,0.0,0.0
205.220,20522,1,0.0,544022,0,0,0.0,0.0
205.230,20523,1,0.0,553396,0,0,0.0,0.0
205.240,20524,1,0.0,569998,0,0,0.0,0.0
205.250,20525,1,0.0,580443,0,0,0.0,0.0
205.260,20526,1,0.0,566055,0,0,0.0,0.0
205.270,20527,1,0.0,582753,0,0,0.0,0.0
205.280,20528,1,0.0,572067,0,0,0.0,0.0
205.290,20529,1,0.0,542006,0,0,0.0,0.0
205.300,20530,1,0.0,573321,0,0,0.0,0.0
205.310,20531,1,0.0,551021,0,0,0.0,0.0
205.320,20532,1,0.0,568009,0,0,0.0,0.0
205.330,20533,1,0.0,578697,0,0,0.0,0.0
205.340,20534,1,0.0,578442,0,0,0.0,0.0
205.350,20535,1,0.0,561757,0,0,0.0,0.0
205.360,20536,1,0.0,586486,0,0,0.0,0.0
205.370,20537,1,0.0,572052,0,0,0.0,0.0
205.380,20538,1,0.0,553420,0,0,0.0,0.0
205.390,20539,1,0.0,555570,0,0,0.0,0.0
205.400,20540,1,0.0,585541,0,0,0.0,0.0
205.410,20541,1,0.0,587946,0,0,0.0,0.0
205.420,20542,1,0.0,574189,0,0,0.0,0.0
205.430,20543,1,0.0,567765,0,0,0.0,0.0
205.440,20544,1,0.0,602053,0,0,0.0,0.0
205.450,20545,1,0.0,585754,0,0,0.0,0.0
205.460,20546,1,0.0,543893,0,0,0.0,0.0
205.470,20547,1,0.0,589164,0,0,0.0,0.0
205.480,20548,1,0.0,592030,0,0,0.0,0.0
205.490,20549,1,0.0,549466,0,0,0.0,0.0
205.500,20550,1,0.0,559951,0,0,0.0,0.0
205.510,20551,1,0.0,541681,0,0,0.0,0.0
205.520,20552,1,0.0,575505,0,0,0.0,0.0
205.530,20553,1,0.0,583549,0,0,0.0,0.0
205.540,20554,1,0.0,562155,0,0,0.0,0.0
205.550,20555,1,0.0,585129,0,0,0.0,0.0
205.560,20556,1,0.0,573652,0,0,0.0,0.0
205.570,20557,1,0.0,564058,0,0,0.0,0.0
205.580,20558,1,0.0,586126,0,0,0.0,0.0
205.590,20559,1,0.0,570419,0,0,0.0,0.0
205.600,20560,1,0.0,577813,0,0,0.0,0.0
205.610,20561,1,0.0,573843,0,0,0.0,0.0
205.620,20562,1,0.0,571424,0,0,0.0,0.0
205.630,20563,1,0.0,589870,0,0,0.0,0.0
205.640,20564,1,0.0,583915,0,0,0.0,0.0
205.650,20565,1,0.0,593850,0,0,0.0,0.0
205.660,20566,1,0.0,590303,0,0,0.0,0.0
205.670,20567,1,0.0,569824,0,0,0.0,0.0
205.680,20568,1,0.0,529627,0,0,0.0,0.0
205.690,20569,1,0.0,594695,0,0,0.0,0.0
205.700,20570,1,0.0,535152,0,0,0.0,0.0
205.710,20571,1,0.0,600715,0,0,0.0,0.0
205.720,20572,1,0.0,566561,0,0,0.0,0.0
205.730,20573,1,0.0,580783,0,0,0.0,0.0
205.740,20574,1,0.0,594299,0,0,0.0,0.0
205.750,20575,1,0.0,582502,0,0,0.0,0.0
205.760,20576,1,0.0,572396,0,0,0.0,0.0
205.770,20577,1,0.0,580211,0,0,0.0,0.0
205.780,20578,1,0.0,573680,0,0,0.0,0.0
205.790,20579,1,0.0,535613,0,0,0.0,0.0
205.800,20580,1,0.0,600894,0,0,0.0,0.0
205.810,20581,1,0.0,544702,0,0,0.0,0.0
205.820,20582,1,0.0,569201,0,0,0.0,0.0
205.830,20583,1,0.0,587643,0,0,0.0,0.0
205.840,20584,1,0.0,566276,0,0,0.0,0.0
205.850,20585,1,0.0,619722,0,0,0.0,0.0
205.860,20586,1,0.0,574227,0,0,0.0,0.0
205.870,20587,1,0.0,593528,0,0,0.0,0.0
205.880,20588,1,0.0,577574,0,0,0.0,0.0
205.890,20589,1,0.0,584705,0,0,0.0,0.0
205.900,20590,1,0.0,578502,0,0,0.0,0.0
205.910,20591,1,0.0,570889,0,0,0.0,0.0
205.920,20592,1,0.0,560771,0,0,0.0,0.0
205.930,20593,1,0.0,564026,0,0,0.0,0.0
205.940,20594,1,0.0,583372,0,0,0.0,0.0
205.950,20595,1,0.0,556790,0,0,0.0,0.0
205.960,20596,1,0.0,582491,0,0,0.0,0.0
205.970,20597,1,0.0,559661,0,0,0.0,0.0
205.980,20598,1,0.0,534406,0,0,0.0,0.0
205.990,20599,1,0.0,557057,0,0,0.0,0.0
206.000,20600,1,0.0,557713,0,0,0.0,0.0
206.010,20601,1,0.0,592982,0,0,0.0,0.0
206.020,20602,1,0.0,583586,0,0,0.0,0.0
206.030,20603,1,0.0,565072,0,0,0.0,0.0
206.040,20604,1,0.0,595462,0,0,0.0,0.0
206.050,20605,1,0.0,575850,0,0,0.0,0.0
206.060,20606,1,0.0,554457,0,0,0.0,0.0
206.070,20607,1,0.0,554813,0,0,0.0,0.0
206.080,20608,1,0.0,580716,0,0,0.0,0.0
206.090,20609,1,0.0,537328,0,0,0.0,0.0
206.100,20610,1,0.0,528145,0,0,0.0,0.0
206.110,20611,1,0.0,570732,0,0,0.0,0.0
206.120,20612,1,0.0,581314,0,0,0.0,0.0
206.130,20613,1,0.0,566968,0,0,0.0,0.0
206.140,20614,1,0.0,580925,0,0,0.0,0.0
206.150,20615,1,0.0,574236,0,0,0.0,0.0
206.160,20616,1,0.0,592797,0,0,0.0,0.0
206.170,20617,1,0.0,587548,0,0,0.0,0.0
206.180,20618,1,0.0,592588,0,0,0.0,0.0
206.190,20619,1,0.0,633005,0,0,0.0,0.0
206.200,20620,1,0.0,593786,0,0,0.0,0.0
206.210,20621,1,0.0,590933,0,0,0.0,0.0
206.220,20622,1,0.0,571226,0,0,0.0,0.0
206.230,20623,1,0.0,577483,0,0,0.0,0.0
206.240,20624,1,0.0,555665,0,0,0.0,0.0
206.250,20625,1,0.0,567008,0,0,0.0,0.0
206.260,20626,1,0.0,609212,0,0,0.0,0.0
206.270,20627,1,0.0,595769,0,0,0.0,0.0
206.280,20628,1,0.0,553321,0,0,0.0,0.0
206.290,20629,1,0.0,536385,0,0,0.0,0.0
206.300,20630,1,0.0,622199,0,0,0.0,0.0
206.310,20631,1,0.0,577323,0,0,0.0,0.0
206.320,20632,1,0.0,574298,0,0,0.0,0.0
206.330,20633,1,0.0,597246,0,0,0.0,0.0
206.340,20634,1,0.0,601415,0,0,0.0,0.0
206.350,20635,1,0.0,599689,0,0,0.0,0.0
206.360,20636,1,0.0,541730,0,0,0.0,0.0
206.370,20637,1,0.0,571247,0,0,0.0,0.0
206.380,20638,1,0.0,596740,0,0,0.0,0.0
206.390,20639,1,0.0,548761,0,0,0.0,0.0
206.400,20640,1,0.0,575941,0,0,0.0,0.0
206.410,20641,1,0.0,565026,0,0,0.0,0.0
206.420,20642,1,0.0,562301,0,0,0.0,0.0
206.430,20643,1,0.0,559466,0,0,0.0,0.0
206.440,20644,1,0.0,558819,0,0,0.0,0.0
206.450,20645,1,0.0,566895,0,0,0.0,0.0
206.460,20646,1,0.0,547289,0,0,0.0,0.0
206.470,20647,1,0.0,602357,0,0,0.0,0.0
206.480,20648,1,0.0,547509,0,0,0.0,0.0
206.490,20649,1,0.0,576392,0,0,0.0,0.0
206.500,20650,1,0.0,564384,0,0,0.0,0.0
206.510,20651,1,0.0,577406,0,0,0.0,0.0
206.520,20652,1,0.0,577638,0,0,0.0,0.0
206.530,20653,1,0.0,566673,0,0,0.0,0.0
206.540,20654,1,0.0,604901,0,0,0.0,0.0
206.550,20655,1,0.0,531195,0,0,0.0,0.0
206.560,20656,1,0.0,536395,0,0,0.0,0.0
206.570,20657,1,0.0,603976,0,0,0.0,0.0
206.580,20658,1,0.0,554229,0,0,0.0,0.0
206.590,20659,1,0.0,537674,0,0,0.0,0.0
206.600,20660,1,0.0,552793,0,0,0.0,0.0
206.610,20661,1,0.0,551692,0,0,0.0,0.0
206.620,20662,1,0.0,549974,0,0,0.0,0.0
206.630,20663,1,0.0,566584,0,0,0.0,0.0
206.640,20664,1,0.0,559678,0,0,0.0,0.0
206.650,20665,1,0.0,540457,0,0,0.0,0.0
206.660,20666,1,0.0,569983,0,0,0.0,0.0
206.670,20667,1,0.0,547470,0,0,0.0,0.0
206.680,20668,1,0.0,598094,0,0,0.0,0.0
206.690,20669,1,0.0,547569,0,0,0.0,0.0
206.700,20670,1,0.0,559220,0,0,0.0,0.0
206.710,20671,1,0.0,557011,0,0,0.0,0.0
206.720,20672,1,0.0,567710,0,0,0.0,0.0
206.730,20673,1,0.0,541646,0,0,0.0,0.0
206.740,20674,1,0.0,584178,0,0,0.0,0.0
206.750,20675,1,0.0,551999,0,0,0.0,0.0
206.760,20676,1,0.0,563780,0,0,0.0,0.0
206.770,20677,1,0.0,564033,0,0,0.0,0.0
206.780,20678,1,0.0,571047,0,0,0.0,0.0
206.790,20679,1,0.0,589516,0,0,0.0,0.0
206.800,20680,1,0.0,547566,0,0,0.0,0.0
206.810,20681,1,0.0,565947,0,0,0.0,0.0
206.820,20682,1,0.0,569556,0,0,0.0,0.0
206.830,20683,1,0.0,577519,0,0,0.0,0.0
206.840,20684,1,0.0,548550,0,0,0.0,0.0
206.850,20685,1,0.0,583827,0,0,0.0,0.0
206.860,20686,1,0.0,597339,0,0,0.0,0.0
206.870,20687,1,0.0,574039,0,0,0.0,0.0
206.880,20688,1,0.0,567861,0,0,0.0,0.0
206.890,20689,1,0.0,561547,0,0,0.0,0.0
206.900,20690,1,0.0,578230,0,0,0.0,0.0
206.910,20691,1,0.0,579637,0,0,0.0,0.0
206.920,20692,1,0.0,588539,0,0,0.0,0.0
206.930,20693,1,0.0,572078,0,0,0.0,0.0
206.940,20694,1,0.0,585465,0,0,0.0,0.0
206.950,20695,1,0.0,550749,0,0,0.0,0.0
206.960,20696,1,0.0,610002,0,0,0.0,0.0
206.970,20697,1,0.0,591174,0,0,0.0,0.0
206.980,20698,1,0.0,600159,0,0,0.0,0.0
206.990,20699,1,0.0,556284,0,0,0.0,0.0
207.000,20700,1,0.0,587293,0,0,0.0,0.0
207.010,20701,1,0.0,561324,0,0,0.0,0.0
207.020,20702,1,0.0,595857,0,0,0.0,0.0
207.030,20703,1,0.0,582449,0,0,0.0,0.0
207.040,20704,1,0.0,565813,0,0,0.0,0.0
207.050,20705,1,0.0,590432,0,0,0.0,0.0
207.060,20706,1,0.0,584951,0,0,0.0,0.0
207.070,20707,1,0.0,558939,0,0,0.0,0.0
207.080,20708,1,0.0,578000,0,0,0.0,0.0
207.090,20709,1,0.0,544957,0,0,0.0,0.0
207.100,20710,1,0.0,566541,0,0,0.0,0.0
207.110,20711,1,0.0,555162,0,0,0.0,0.0
207.120,20712,1,0.0,560291,0,0,0.0,0.0
207.130,20713,1,0.0,613436,0,0,0.0,0.0
207.140,20714,1,0.0,565980,0,0,0.0,0.0
207.150,20715,1,0.0,570930,0,0,0.0,0.0
207.160,20716,1,0.0,569479,0,0,0.0,0.0
207.170,20717,1,0.0,557856,0,0,0.0,0.0
207.180,20718,1,0.0,573111,0,0,0.0,0.0
207.190,20719,1,0.0,584115,0,0,0.0,0.0
207.200,20720,1,0.0,591885,0,0,0.0,0.0
207.210,20721,1,0.0,623473,0,0,0.0,0.0
207.220,20722,1,0.0,583762,0,0,0.0,0.0
207.230,20723,1,0.0,604920,0,0,0.0,0.0
207.240,20724,1,0.0,545821,0,0,0.0,0.0
207.250,20725,1,0.0,610215,0,0,0.0,0.0
207.260,20726,1,0.0,573643,0,0,0.0,0.0
207.270,20727,1,0.0,549111,0,0,0.0,0.0
207.280,20728,1,0.0,582753,0,0,0.0,0.0
207.290,20729,1,0.0,549246,0,0,0.0,0.0
207.300,20730,1,0.0,575815,0,0,0.0,0.0
207.310,20731,1,0.0,545755,0,0,0.0,0.0
207.320,20732,1,0.0,580829,0,0,0.0,0.0
207.330,20733,1,0.0,588100,0,0,0.0,0.0
207.340,20734,1,0.0,580397,0,0,0.0,0.0
207.350,20735,1,0.0,567904,0,0,0.0,0.0
207.360,20736,1,0.0,573077,0,0,0.0,0.0
207.370,20737,1,0.0,549849,0,0,0.0,0.0
207.380,20738,1,0.0,574174,0,0,0.0,0.0
207.390,20739,1,0.0,577731,0,0,0.0,0.0
207.400,20740,1,0.0,593056,0,0,0.0,0.0
207.410,20741,1,0.0,578686,0,0,0.0,0.0
207.420,20742,1,0.0,572771,0,0,0.0,0.0
207.430,20743,1,0.0,560102,0,0,0.0,0.0
207.440,20744,1,0.0,570948,0,0,0.0,0.0
207.450,20745,1,0.0,584505,0,0,0.0,0.0
207.460,20746,1,0.0,550244,0,0,0.0,0.0
207.470,20747,1,0.0,583435,0,0,0.0,0.0
207.480,20748,1,0.0,569379,0,0,0.0,0.0
207.490,20749,1,0.0,606816,0,0,0.0,0.0
207.500,20750,1,0.0,609438,0,0,0.0,0.0
207.510,20751,1,0.0,549381,0,0,0.0,0.0
207.520,20752,1,0.0,596543,0,0,0.0,0.0
207.530,20753,1,0.0,560325,0,0,0.0,0.0
207.540,20754,1,0.0,564932,0,0,0.0,0.0
207.550,20755,1,0.0,565088,0,0,0.0,0.0
207.560,20756,1,0.0,561485,0,0,0.0,0.0
207.570,20757,1,0.0,549401,0,0,0.0,0.0
207.580,20758,1,0.0,570869,0,0,0.0,0.0
207.590,20759,1,0.0,589892,0,0,0.0,0.0
207.600,20760,1,0.0,551354,0,0,0.0,0.0
207.610,20761,1,0.0,584023,0,0,0.0,0.0
207.620,20762,1,0.0,534136,0,0,0.0,0.0
207.630,20763,1,0.0,568483,0,0,0.0,0.0
207.640,20764,1,0.0,563375,0,0,0.0,0.0
207.650,20765,1,0.0,591329,0,0,0.0,0.0
207.660,20766,1,0.0,540124,0,0,0.0,0.0
207.670,20767,1,0.0,570889,0,0,0.0,0.0
207.680,20768,1,0.0,577555,0,0,0.0,0.0
207.690,20769,1,0.0,559537,0,0,0.0,0.0
207.700,20770,1,0.0,598834,0,0,0.0,0.0
207.710,20771,1,0.0,561450,0,0,0.0,0.0
207.720,20772,1,0.0,578457,0,0,0.0,0.0
207.730,20773,1,0.0,542124,0,0,0.0,0.0
207.740,20774,1,0.0,589482,0,0,0.0,0.0
207.750,20775,1,0.0,555139,0,0,0.0,0.0
207.760,20776,1,0.0,605468,0,0,0.0,0.0
207.770,20777,1,0.0,598761,0,0,0.0,0.0
207.780,20778,1,0.0,587274,0,0,0.0,0.0
207.790,20779,1,0.0,553576,0,0,0.0,0.0
207.800,20780,1,0.0,578166,0,0,0.0,0.0
207.810,20781,1,0.0,546534,0,0,0.0,0.0
207.820,20782,1,0.0,562399,0,0,0.0,0.0
207.830,20783,1,0.0,592515,0,0,0.0,0.0
207.840,20784,1,0.0,546066,0,0,0.0,0.0
207.850,20785,1,0.0,577083,0,0,0.0,0.0
207.860,20786,1,0.0,596849,0,0,0.0,0.0
207.870,20787,1,0.0,554759,0,0,0.0,0.0
207.880,20788,1,0.0,563467,0,0,0.0,0.0
207.890,20789,1,0.0,611916,0,0,0.0,0.0
207.900,20790,1,0.0,568582,0,0,0.0,0.0
207.910,20791,1,0.0,595326,0,0,0.0,0.0
207.920,20792,1,0.0,579423,0,0,0.0,0.0
207.930,20793,1,0.0,602009,0,0,0.0,0.0
207.940,20794,1,0.0,586529,0,0,0.0,0.0
207.950,20795,1,0.0,590110,0,0,0.0,0.0
207.960,20796,1,0.0,587583,0,0,0.0,0.0
207.970,20797,1,0.0,588313,0,0,0.0,0.0
207.980,20798,1,0.0,556393,0,0,0.0,0.0
207.990,20799,1,0.0,605328,0,0,0.0,0.0
208.000,20800,1,0.0,562816,0,0,0.0,0.0
208.010,20801,1,0.0,604550,0,0,0.0,0.0
208.020,20802,1,0.0,563654,0,0,0.0,0.0
208.030,20803,1,0.0,564272,0,0,0.0,0.0
208.040,20804,1,0.0,567024,0,0,0.0,0.0
208.050,20805,1,0.0,573088,0,0,0.0,0.0
208.060,20806,1,0.0,573244,0,0,0.0,0.0
208.070,20807,1,0.0,562535,0,0,0.0,0.0
208.080,20808,1,0.0,570970,0,0,0.0,0.0
208.090,20809,1,0.0,602749,0,0,0.0,0.0
208.100,20810,1,0.0,592226,0,0,0.0,0.0
208.110,20811,1,0.0,604375,0,0,0.0,0.0
208.120,20812,1,0.0,552247,0,0,0.0,0.0
208.130,20813,1,0.0,587333,0,0,0.0,0.0
208.140,20814,1,0.0,559986,0,0,0.0,0.0
208.150,20815,1,0.0,570918,0,0,0.0,0.0
208.160,20816,1,0.0,574875,0,0,0.0,0.0
208.170,20817,1,0.0,579987,0,0,0.0,0.0
208.180,20818,1,0.0,599174,0,0,0.0,0.0
208.190,20819,1,0.0,543822,0,0,0.0,0.0
208.200,20820,1,0.0,591866,0,0,0.0,0.0
208.210,20821,1,0.0,568868,0,0,0.0,0.0
208.220,20822,1,0.0,608182,0,0,0.0,0.0
208.230,20823,1,0.0,556941,0,0,0.0,0.0
208.240,20824,1,0.0,582714,0,0,0.0,0.0
208.250,20825,1,0.0,567274,0,0,0.0,0.0
208.260,20826,1,0.0,580287,0,0,0.0,0.0
208.270,20827,1,0.0,564426,0,0,0.0,0.0
208.280,20828,1,0.0,610095,0,0,0.0,0.0
208.290,20829,1,0.0,596322,0,0,0.0,0.0
208.300,20830,1,0.0,572749,0,0,0.0,0.0
208.310,20831,1,0.0,594299,0,0,0.0,0.0
208.320,20832,1,0.0,558170,0,0,0.0,0.0
208.330,20833,1,0.0,606815,0,0,0.0,0.0
208.340,20834,1,0.0,586735,0,0,0.0,0.0
208.350,20835,1,0.0,600604,0,0,0.0,0.0
208.360,20836,1,0.0,614141,0,0,0.0,0.0
208.370,20837,1,0.0,549039,0,0,0.0,0.0
208.380,20838,1,0.0,559322,0,0,0.0,0.0
208.390,20839,1,0.0,584504,0,0,0.0,0.0
208.400,20840,1,0.0,570716,0,0,0.0,0.0
208.410,20841,1,0.0,579218,0,0,0.0,0.0
208.420,20842,1,0.0,593655,0,0,0.0,0.0
208.430,20843,1,0.0,550354,0,0,0.0,0.0
208.440,20844,1,0.0,592374,0,0,0.0,0.0
208.450,20845,1,0.0,564354,0,0,0.0,0.0
208.460,20846,1,0.0,576254,0,0,0.0,0.0
208.470,20847,1,0.0,566778,0,0,0.0,0.0
208.480,20848,1,0.0,595495,0,0,0.0,0.0
208.490,20849,1,0.0,569285,0,0,0.0,0.0
208.500,20850,1,0.0,598556,0,0,0.0,0.0
208.510,20851,1,0.0,561976,0,0,0.0,0.0
208.520,20852,1,0.0,543839,0,0,0.0,0.0
208.530,20853,1,0.0,558728,0,0,0.0,0.0
208.540,20854,1,0.0,582638,0,0,0.0,0.0
208.550,20855,1,0.0,586317,0,0,0.0,0.0
208.560,20856,1,0.0,565237,0,0,0.0,0.0
208.570,20857,1,0.0,594837,0,0,0.0,0.0
208.580,20858,1,0.0,558337,0,0,0.0,0.0
208.590,20859,1,0.0,620769,0,0,0.0,0.0
208.600,20860,1,0.0,566393,0,0,0.0,0.0
208.610,20861,1,0.0,621972,0,0,0.0,0.0
208.620,20862,1,0.0,557731,0,0,0.0,0.0
208.630,20863,1,0.0,584260,0,0,0.0,0.0
208.640,20864,1,0.0,566613,0,0,0.0,0.0
208.650,20865,1,0.0,583296,0,0,0.0,0.0
208.660,20866,1,0.0,570036,0,0,0.0,0.0
208.670,20867,1,0.0,582342,0,0,0.0,0.0
208.680,20868,1,0.0,591601,0,0,0.0,0.0
208.690,20869,1,0.0,573401,0,0,0.0,0.0
208.700,20870,1,0.0,569175,0,0,0.0,0.0
208.710,20871,1,0.0,577924,0,0,0.0,0.0
208.720,20872,1,0.0,591147,0,0,0.0,0.0
208.730,20873,1,0.0,549738,0,0,0.0,0.0
208.740,20874,1,0.0,580694,0,0,0.0,0.0
208.750,20875,1,0.0,570474,0,0,0.0,0.0
208.760,20876,1,0.0,584195,0,0,0.0,0.0
208.770,20877,1,0.0,602339,0,0,0.0,0.0
208.780,20878,1,0.0,585331,0,0,0.0,0.0
208.790,20879,1,0.0,570184,0,0,0.0,0.0
208.800,20880,1,0.0,554313,0,0,0.0,0.0
208.810,20881,1,0.0,607592,0,0,0.0,0.0
208.820,20882,1,0.0,611529,0,0,0.0,0.0
208.830,20883,1,0.0,575592,0,0,0.0,0.0
208.840,20884,1,0.0,597121,0,0,0.0,0.0
208.850,20885,1,0.0,574840,0,0,0.0,0.0
208.860,20886,1,0.0,595086,0,0,0.0,0.0
208.870,20887,1,0.0,596567,0,0,0.0,0.0
208.880,20888,1,0.0,608980,0,0,0.0,0.0
208.890,20889,1,0.0,610796,0,0,0.0,0.0
208.900,20890,1,0.0,602537,0,0,0.0,0.0
208.910,20891,1,0.0,554905,0,0,0.0,0.0
208.920,20892,1,0.0,590343,0,0,0.0,0.0
208.930,20893,1,0.0,582904,0,0,0.0,0.0
208.940,20894,1,0.0,587298,0,0,0.0,0.0
208.950,20895,1,0.0,577869,0,0,0.0,0.0
208.960,20896,1,0.0,540476,0,0,0.0,0.0
208.970,20897,1,0.0,586189,0,0,0.0,0.0
208.980,20898,1,0.0,575910,0,0,0.0,0.0
208.990,20899,1,0.0,586576,0,0,0.0,0.0
209.000,20900,1,0.0,584656,0,0,0.0,0.0
209.010,20901,1,0.0,541047,0,0,0.0,0.0
209.020,20902,1,0.0,563889,0,0,0.0,0.0
209.030,20903,1,0.0,560200,0,0,0.0,0.0
209.040,20904,1,0.0,574593,0,0,0.0,0.0
209.050,20905,1,0.0,589753,0,0,0.0,0.0
209.060,20906,1,0.0,554487,0,0,0.0,0.0
209.070,20907,1,0.0,575028,0,0,0.0,0.0
209.080,20908,1,0.0,568215,0,0,0.0,0.0
209.090,20909,1,0.0,593751,0,0,0.0,0.0
209.100,20910,1,0.0,565848,0,0,0.0,0.0
209.110,20911,1,0.0,581168,0,0,0.0,0.0
209.120,20912,1,0.0,576588,0,0,0.0,0.0
209.130,20913,1,0.0,566361,0,0,0.0,0.0
209.140,20914,1,0.0,553636,0,0,0.0,0.0
209.150,20915,1,0.0,550414,0,0,0.0,0.0
209.160,20916,1,0.0,548202,0,0,0.0,0.0
209.170,20917,1,0.0,576515,0,0,0.0,0.0
209.180,20918,1,0.0,570463,0,0,0.0,0.0
209.190,20919,1,0.0,584528,0,0,0.0,0.0
209.200,20920,1,0.0,575507,0,0,0.0,0.0
209.210,20921,1,0.0,583821,0,0,0.0,0.0
209.220,20922,1,0.0,547688,0,0,0.0,0.0
209.230,20923,1,0.0,569492,0,0,0.0,0.0
209.240,20924,1,0.0,593755,0,0,0.0,0.0
209.250,20925,1,0.0,595024,0,0,0.0,0.0
209.260,20926,1,0.0,563052,0,0,0.0,0.0
209.270,20927,1,0.0,607503,0,0,0.0,0.0
209.280,20928,1,0.0,549812,0,0,0.0,0.0
209.290,20929,1,0.0,591980,0,0,0.0,0.0
209.300,20930,1,0.0,553579,0,0,0.0,0.0
209.310,20931,1,0.0,556443,0,0,0.0,0.0
209.320,20932,1,0.0,586792,0,0,0.0,0.0
209.330,20933,1,0.0,578891,0,0,0.0,0.0
209.340,20934,1,0.0,567604,0,0,0.0,0.0
209.350,20935,1,0.0,585643,0,0,0.0,0.0
209.360,20936,1,0.0,578562,0,0,0.0,0.0
209.370,20937,1,0.0,577483,0,0,0.0,0.0
209.380,20938,1,0.0,570616,0,0,0.0,0.0
209.390,20939,1,0.0,570982,0,0,0.0,0.0
209.400,20940,1,0.0,636126,0,0,0.0,0.0
209.410,20941,1,0.0,607088,0,0,0.0,0.0
209.420,20942,1,0.0,608792,0,0,0.0,0.0
209.430,20943,1,0.0,568044,0,0,0.0,0.0
209.440,20944,1,0.0,597933,0,0,0.0,0.0
209.450,20945,1,0.0,577061,0,0,0.0,0.0
209.460,20946,1,0.0,594308,0,0,0.0,0.0
209.470,20947,1,0.0,557653,0,0,0.0,0.0
209.480,20948,1,0.0,575756,0,0,0.0,0.0
209.490,20949,1,0.0,553243,0,0,0.0,0.0
209.500,20950,1,0.0,605338,0,0,0.0,0.0
209.510,20951,1,0.0,594027,0,0,0.0,0.0
209.520,20952,1,0.0,604121,0,0,0.0,0.0
209.530,20953,1,0.0,592236,0,0,0.0,0.0
209.540,20954,1,0.0,610805,0,0,0.0,0.0
209.550,20955,1,0.0,589897,0,0,0.0,0.0
209.560,20956,1,0.0,555622,0,0,0.0,0.0
209.570,20957,1,0.0,577813,0,0,0.0,0.0
209.580,20958,1,0.0,567141,0,0,0.0,0.0
209.590,20959,1,0.0,580086,0,0,0.0,0.0
209.600,20960,1,0.0,562395,0,0,0.0,0.0
209.610,20961,1,0.0,595584,0,0,0.0,0.0
209.620,20962,1,0.0,558344,0,0,0.0,0.0
209.630,20963,1,0.0,583320,0,0,0.0,0.0
209.640,20964,1,0.0,576701,0,0,0.0,0.0
209.650,20965,1,0.0,639531,0,0,0.0,0.0
209.660,20966,1,0.0,582896,0,0,0.0,0.0
209.670,20967,1,0.0,585979,0,0,0.0,0.0
209.680,20968,1,0.0,588297,0,0,0.0,0.0
209.690,20969,1,0.0,587283,0,0,0.0,0.0
209.700,20970,1,0.0,611026,0,0,0.0,0.0
209.710,20971,1,0.0,575100,0,0,0.0,0.0
209.720,20972,1,0.0,616320,0,0,0.0,0.0
209.730,20973,1,0.0,580994,0,0,0.0,0.0
209.740,20974,1,0.0,578968,0,0,0.0,0.0
209.750,20975,1,0.0,575998,0,0,0.0,0.0
209.760,20976,1,0.0,559220,0,0,0.0,0.0
209.770,20977,1,0.0,564460,0,0,0.0,0.0
209.780,20978,1,0.0,590685,0,0,0.0,0.0
209.790,20979,1,0.0,599955,0,0,0.0,0.0
209.800,20980,1,0.0,587144,0,0,0.0,0.0
209.810,20981,1,0.0,614280,0,0,0.0,0.0
209.820,20982,1,0.0,616033,0,0,0.0,0.0
209.830,20983,1,0.0,568094,0,0,0.0,0.0
209.840,20984,1,0.0,574553,0,0,0.0,0.0
209.850,20985,1,0.0,602792,0,0,0.0,0.0
209.860,20986,1,0.0,560107,0,0,0.0,0.0
209.870,20987,1,0.0,600882,0,0,0.0,0.0
209.880,20988,1,0.0,598646,0,0,0.0,0.0
209.890,20989,1,0.0,592396,0,0,0.0,0.0
209.900,20990,1,0.0,564867,0,0,0.0,0.0
209.910,20991,1,0.0,614964,0,0,0.0,0.0
209.920,20992,1,0.0,548709,0,0,0.0,0.0
209.930,20993,1,0.0,615146,0,0,0.0,0.0
209.940,20994,1,0.0,575454,0,0,0.0,0.0
209.950,20995,1,0.0,595879,0,0,0.0,0.0
209.960,20996,1,0.0,569693,0,0,0.0,0.0
209.970,20997,1,0.0,595282,0,0,0.0,0.0
209.980,20998,1,0.0,565356,0,0,0.0,0.0
209.990,20999,1,0.0,592774,0,0,0.0,0.0
210.000,21000,1,0.0,582588,0,0,0.0,0.0
210.010,21001,1,0.0,568546,0,0,0.0,0.0
210.020,21002,1,0.0,565251,0,0,0.0,0.0
210.030,21003,1,0.0,574948,0,0,0.0,0.0
210.040,21004,1,0.0,565520,0,0,0.0,0.0
210.050,21005,1,0.0,618355,0,0,0.0,0.0
210.060,21006,1,0.0,572453,0,0,0.0,0.0
210.070,21007,1,0.0,564903,0,0,0.0,0.0
210.080,21008,1,0.0,576765,0,0,0.0,0.0
210.090,21009,1,0.0,543271,0,0,0.0,0.0
210.100,21010,1,0.0,585171,0,0,0.0,0.0
210.110,21011,1,0.0,561328,0,0,0.0,0.0
210.120,21012,1,0.0,547931,0,0,0.0,0.0
210.130,21013,1,0.0,582554,0,0,0.0,0.0
210.140,21014,1,0.0,596348,0,0,0.0,0.0
210.150,21015,1,0.0,536562,0,0,0.0,0.0
210.160,21016,1,0.0,547715,0,0,0.0,0.0
210.170,21017,1,0.0,558189,0,0,0.0,0.0
210.180,21018,1,0.0,584569,0,0,0.0,0.0
210.190,21019,1,0.0,560406,0,0,0.0,0.0
210.200,21020,1,0.0,564116,0,0,0.0,0.0
210.210,21021,1,0.0,588459,0,0,0.0,0.0
210.220,21022,1,0.0,579737,0,0,0.0,0.0
210.230,21023,1,0.0,570741,0,0,0.0,0.0
210.240,21024,1,0.0,572287,0,0,0.0,0.0
210.250,21025,1,0.0,600641,0,0,0.0,0.0
210.260,21026,1,0.0,570890,0,0,0.0,0.0
210.270,21027,1,0.0,588459,0,0,0.0,0.0
210.280,21028,1,0.0,572819,0,0,0.0,0.0
210.290,21029,1,0.0,616615,0,0,0.0,0.0
210.300,21030,1,0.0,593412,0,0,0.0,0.0
210.310,21031,1,0.0,580575,0,0,0.0,0.0
210.320,21032,1,0.0,570263,0,0,0.0,0.0
210.330,21033,1,0.0,602402,0,0,0.0,0.0
210.340,21034,1,0.0,590032,0,0,0.0,0.0
210.350,21035,1,0.0,548556,0,0,0.0,0.0
210.360,21036,1,0.0,595482,0,0,0.0,0.0
210.370,21037,1,0.0,563386,0,0,0.0,0.0
210.380,21038,1,0.0,581817,0,0,0.0,0.0
210.390,21039,1,0.0,580494,0,0,0.0,0.0
210.400,21040,1,0.0,608031,0,0,0.0,0.0
210.410,21041,1,0.0,562901,0,0,0.0,0.0
210.420,21042,1,0.0,581812,0,0,0.0,0.0
210.430,21043,1,0.0,593456,0,0,0.0,0.0
210.440,21044,1,0.0,542719,0,0,0.0,0.0
210.450,21045,1,0.0,586298,0,0,0.0,0.0
210.460,21046,1,0.0,591260,0,0,0.0,0.0
210.470,21047,1,0.0,566989,0,0,0.0,0.0
210.480,21048,1,0.0,583292,0,0,0.0,0.0
210.490,21049,1,0.0,580777,0,0,0.0,0.0
210.500,21050,1,0.0,566013,0,0,0.0,0.0
210.510,21051,1,0.0,570267,0,0,0.0,0.0
210.520,21052,1,0.0,579777,0,0,0.0,0.0
210.530,21053,1,0.0,551379,0,0,0.0,0.0
210.540,21054,1,0.0,604809,0,0,0.0,0.0
210.550,21055,1,0.0,541994,0,0,0.0,0.0
210.560,21056,1,0.0,594744,0,0,0.0,0.0
210.570,21057,1,0.0,564614,0,0,0.0,0.0
210.580,21058,1,0.0,595643,0,0,0.0,0.0
210.590,21059,1,0.0,577461,0,0,0.0,0.0
210.600,21060,1,0.0,583274,0,0,0.0,0.0
210.610,21061,1,0.0,574091,0,0,0.0,0.0
210.620,21062,1,0.0,592205,0,0,0.0,0.0
210.630,21063,1,0.0,554028,0,0,0.0,0.0
210.640,21064,1,0.0,572259,0,0,0.0,0.0
210.650,21065,1,0.0,555418,0,0,0.0,0.0
210.660,21066,1,0.0,542015,0,0,0.0,0.0
210.670,21067,1,0.0,547814,0,0,0.0,0.0
210.680,21068,1,0.0,549967,0,0,0.0,0.0
210.690,21069,1,0.0,576393,0,0,0.0,0.0
210.700,21070,1,0.0,584658,0,0,0.0,0.0
210.710,21071,1,0.0,543989,0,0,0.0,0.0
210.720,21072,1,0.0,555042,0,0,0.0,0.0
210.730,21073,1,0.0,604199,0,0,0.0,0.0
210.740,21074,1,0.0,581640,0,0,0.0,0.0
210.750,21075,1,0.0,567308,0,0,0.0,0.0
210.760,21076,1,0.0,565170,0,0,0.0,0.0
210.770,21077,1,0.0,580544,0,0,0.0,0.0
210.780,21078,1,0.0,573462,0,0,0.0,0.0
210.790,21079,1,0.0,598979,0,0,0.0,0.0
210.800,21080,1,0.0,597711,0,0,0.0,0.0
210.810,21081,1,0.0,626901,0,0,0.0,0.0
210.820,21082,1,0.0,595445,0,0,0.0,0.0
210.830,21083,1,0.0,550240,0,0,0.0,0.0
210.840,21084,1,0.0,576228,0,0,0.0,0.0
210.850,21085,1,0.0,563825,0,0,0.0,0.0
210.860,21086,1,0.0,540624,0,0,0.0,0.0
210.870,21087,1,0.0,576108,0,0,0.0,0.0
210.880,21088,1,0.0,610369,0,0,0.0,0.0
210.890,21089,1,0.0,580775,0,0,0.0,0.0
210.900,21090,1,0.0,614158,0,0,0.0,0.0
210.910,21091,1,0.0,617557,0,0,0.0,0.0
210.920,21092,1,0.0,573628,0,0,0.0,0.0
210.930,21093,1,0.0,568024,0,0,0.0,0.0
210.940,21094,1,0.0,610118,0,0,0.0,0.0
210.950,21095,1,0.0,577486,0,0,0.0,0.0
210.960,21096,1,0.0,565505,0,0,0.0,0.0
210.970,21097,1,0.0,583756,0,0,0.0,0.0
210.980,21098,1,0.0,596003,0,0,0.0,0.0
210.990,21099,1,0.0,561808,0,0,0.0,0.0
211.000,21100,1,0.0,578027,0,0,0.0,0.0
211.010,21101,1,0.0,575612,0,0,0.0,0.0
211.020,21102,1,0.0,571818,0,0,0.0,0.0
211.030,21103,1,0.0,564929,0,0,0.0,0.0
211.040,21104,1,0.0,584369,0,0,0.0,0.0
211.050,21105,1,0.0,572140,0,0,0.0,0.0
211.060,21106,1,0.0,565579,0,0,0.0,0.0
211.070,21107,1,0.0,572694,0,0,0.0,0.0
211.080,21108,1,0.0,579368,0,0,0.0,0.0
211.090,21109,1,0.0,552252,0,0,0.0,0.0
211.100,21110,1,0.0,579984,0,0,0.0,0.0
211.110,21111,1,0.0,558018,0,0,0.0,0.0
211.120,21112,1,0.0,547337,0,0,0.0,0.0
211.130,21113,1,0.0,582647,0,0,0.0,0.0
211.140,21114,1,0.0,593603,0,0,0.0,0.0
211.150,21115,1,0.0,589949,0,0,0.0,0.0
211.160,21116,1,0.0,579163,0,0,0.0,0.0
211.170,21117,1,0.0,543422,0,0,0.0,0.0
211.180,21118,1,0.0,572442,0,0,0.0,0.0
211.190,21119,1,0.0,567159,0,0,0.0,0.0
211.200,21120,1,0.0,570886,0,0,0.0,0.0
211.210,21121,1,0.0,592235,0,0,0.0,0.0
211.220,21122,1,0.0,576145,0,0,0.0,0.0
211.230,21123,1,0.0,566501,0,0,0.0,0.0
211.240,21124,1,0.0,585273,0,0,0.0,0.0
211.250,21125,1,0.0,546277,0,0,0.0,0.0
211.260,21126,1,0.0,535026,0,0,0.0,0.0
211.270,21127,1,0.0,585035,0,0,0.0,0.0
211.280,21128,1,0.0,570304,0,0,0.0,0.0
211.290,21129,1,0.0,585130,0,0,0.0,0.0
211.300,21130,1,0.0,577990,0,0,0.0,0.0
211.310,21131,1,0.0,570873,0,0,0.0,0.0
211.320,21132,1,0.0,605714,0,0,0.0,0.0
211.330,21133,1,0.0,525536,0,0,0.0,0.0
211.340,21134,1,0.0,594138,0,0,0.0,0.0
211.350,21135,1,0.0,542095,0,0,0.0,0.0
211.360,21136,1,0.0,556781,0,0,0.0,0.0
211.370,21137,1,0.0,592046,0,0,0.0,0.0
211.380,21138,1,0.0,572829,0,0,0.0,0.0
211.390,21139,1,0.0,559942,0,0,0.0,0.0
211.400,21140,1,0.0,572136,0,0,0.0,0.0
211.410,21141,1,0.0,575755,0,0,0.0,0.0
211.420,21142,1,0.0,548547,0,0,0.0,0.0
211.430,21143,1,0.0,590117,0,0,0.0,0.0
211.440,21144,1,0.0,594124,0,0,0.0,0.0
211.450,21145,1,0.0,553383,0,0,0.0,0.0
211.460,21146,1,0.0,576289,0,0,0.0,0.0
211.470,21147,1,0.0,555707,0,0,0.0,0.0
211.480,21148,1,0.0,604913,0,0,0.0,0.0
211.490,21149,1,0.0,555653,0,0,0.0,0.0
211.500,21150,1,0.0,581203,0,0,0.0,0.0
211.510,21151,1,0.0,537817,0,0,0.0,0.0
211.520,21152,1,0.0,615515,0,0,0.0,0.0
211.530,21153,1,0.0,637350,0,0,0.0,0.0
211.540,21154,1,0.0,558751,0,0,0.0,0.0
211.550,21155,1,0.0,547096,0,0,0.0,0.0
211.560,21156,1,0.0,559870,0,0,0.0,0.0
211.570,21157,1,0.0,592795,0,0,0.0,0.0
211.580,21158,1,0.0,570521,0,0,0.0,0.0
211.590,21159,1,0.0,582599,0,0,0.0,0.0
211.600,21160,1,0.0,591778,0,0,0.0,0.0
211.610,21161,1,0.0,569487,0,0,0.0,0.0
211.620,21162,1,0.0,553227,0,0,0.0,0.0
211.630,21163,1,0.0,581303,0,0,0.0,0.0
211.640,21164,1,0.0,600823,0,0,0.0,0.0
211.650,21165,1,0.0,574549,0,0,0.0,0.0
211.660,21166,1,0.0,558054,0,0,0.0,0.0
211.670,21167,1,0.0,541860,0,0,0.0,0.0
211.680,21168,1,0.0,571170,0,0,0.0,0.0
211.690,21169,1,0.0,602141,0,0,0.0,0.0
211.700,21170,1,0.0,581556,0,0,0.0,0.0
211.710,21171,1,0.0,548759,0,0,0.0,0.0
211.720,21172,1,0.0,570892,0,0,0.0,0.0
211.730,21173,1,0.0,603936,0,0,0.0,0.0
211.740,21174,1,0.0,575455,0,0,0.0,0.0
211.750,21175,1,0.0,558865,0,0,0.0,0.0
211.760,21176,1,0.0,598014,0,0,0.0,0.0
211.770,21177,1,0.0,614042,0,0,0.0,0.0
211.780,21178,1,0.0,556514,0,0,0.0,0.0
211.790,21179,1,0.0,550019,0,0,0.0,0.0
211.800,21180,1,0.0,546517,0,0,0.0,0.0
211.810,21181,1,0.0,587234,0,0,0.0,0.0
211.820,21182,1,0.0,573676,0,0,0.0,0.0
211.830,21183,1,0.0,589822,0,0,0.0,0.0
211.840,21184,1,0.0,575992,0,0,0.0,0.0
211.850,21185,1,0.0,605451,0,0,0.0,0.0
211.860,21186,1,0.0,575360,0,0,0.0,0.0
211.870,21187,1,0.0,560400,0,0,0.0,0.0
211.880,21188,1,0.0,576314,0,0,0.0,0.0
211.890,21189,1,0.0,583623,0,0,0.0,0.0
211.900,21190,1,0.0,585374,0,0,0.0,0.0
211.910,21191,1,0.0,610245,0,0,0.0,0.0
211.920,21192,1,0.0,603490,0,0,0.0,0.0
211.930,21193,1,0.0,572515,0,0,0.0,0.0
211.940,21194,1,0.0,569872,0,0,0.0,0.0
211.950,21195,1,0.0,591862,0,0,0.0,0.0
211.960,21196,1,0.0,558639,0,0,0.0,0.0
211.970,21197,1,0.0,578250,0,0,0.0,0.0
211.980,21198,1,0.0,531047,0,0,0.0,0.0
211.990,21199,1,0.0,554322,0,0,0.0,0.0
212.000,21200,1,0.0,567099,0,0,0.0,0.0
212.010,21201,1,0.0,619854,0,0,0.0,0.0
212.020,21202,1,0.0,611568,0,0,0.0,0.0
212.030,21203,1,0.0,576815,0,0,0.0,0.0
212.040,21204,1,0.0,554304,0,0,0.0,0.0
212.050,21205,1,0.0,545533,0,0,0.0,0.0
212.060,21206,1,0.0,565998,0,0,0.0,0.0
212.070,21207,1,0.0,558126,0,0,0.0,0.0
212.080,21208,1,0.0,567647,0,0,0.0,0.0
212.090,21209,1,0.0,568277,0,0,0.0,0.0
212.100,21210,1,0.0,541105,0,0,0.0,0.0
212.110,21211,1,0.0,594854,0,0,0.0,0.0
212.120,21212,1,0.0,595192,0,0,0.0,0.0
212.130,21213,1,0.0,565149,0,0,0.0,0.0
212.140,21214,1,0.0,600709,0,0,0.0,0.0
212.150,21215,1,0.0,558914,0,0,0.0,0.0
212.160,21216,1,0.0,579187,0,0,0.0,0.0
212.170,21217,1,0.0,555090,0,0,0.0,0.0
212.180,21218,1,0.0,569407,0,0,0.0,0.0
212.190,21219,1,0.0,588612,0,0,0.0,0.0
212.200,21220,1,0.0,529776,0,0,0.0,0.0
212.210,21221,1,0.0,567860,0,0,0.0,0.0
212.220,21222,1,0.0,523758,0,0,0.0,0.0
212.230,21223,1,0.0,577304,0,0,0.0,0.0
212.240,21224,1,0.0,592337,0,0,0.0,0.0
212.250,21225,1,0.0,573353,0,0,0.0,0.0
212.260,21226,1,0.0,615369,0,0,0.0,0.0
212.270,21227,1,0.0,591296,0,0,0.0,0.0
212.280,21228,1,0.0,596655,0,0,0.0,0.0
212.290,21229,1,0.0,571272,0,0,0.0,0.0
212.300,21230,1,0.0,582730,0,0,0.0,0.0
212.310,21231,1,0.0,566228,0,0,0.0,0.0
212.320,21232,1,0.0,579275,0,0,0.0,0.0
212.330,21233,1,0.0,584974,0,0,0.0,0.0
212.340,21234,1,0.0,571286,0,0,0.0,0.0
212.350,21235,1,0.0,579070,0,0,0.0,0.0
212.360,21236,1,0.0,581857,0,0,0.0,0.0
212.370,21237,1,0.0,567147,0,0,0.0,0.0
212.380,21238,1,0.0,566712,0,0,0.0,0.0
212.390,21239,1,0.0,581974,0,0,0.0,0.0
212.400,21240,1,0.0,600659,0,0,0.0,0.0
212.410,21241,1,0.0,546787,0,0,0.0,0.0
212.420,21242,1,0.0,554026,0,0,0.0,0.0
212.430,21243,1,0.0,513230,0,0,0.0,0.0
212.440,21244,1,0.0,553750,0,0,0.0,0.0
212.450,21245,1,0.0,583381,0,0,0.0,0.0
212.460,21246,1,0.0,568687,0,0,0.0,0.0
212.470,21247,1,0.0,579587,0,0,0.0,0.0
212.480,21248,1,0.0,560216,0,0,0.0,0.0
212.490,21249,1,0.0,564135,0,0,0.0,0.0
212.500,21250,1,0.0,580163,0,0,0.0,0.0
212.510,21251,1,0.0,613077,0,0,0.0,0.0
212.520,21252,1,0.0,551026,0,0,0.0,0.0
212.530,21253,1,0.0,557233,0,0,0.0,0.0
212.540,21254,1,0.0,597561,0,0,0.0,0.0
212.550,21255,1,0.0,591127,0,0,0.0,0.0
212.560,21256,1,0.0,581737,0,0,0.0,0.0
212.570,21257,1,0.0,581930,0,0,0.0,0.0
212.580,21258,1,0.0,579763,0,0,0.0,0.0
212.590,21259,1,0.0,602060,0,0,0.0,0.0
212.600,21260,1,0.0,576625,0,0,0.0,0.0
212.610,21261,1,0.0,577002,0,0,0.0,0.0
212.620,21262,1,0.0,567418,0,0,0.0,0.0
212.630,21263,1,0.0,576593,0,0,0.0,0.0
212.640,21264,1,0.0,597031,0,0,0.0,0.0
212.650,21265,1,0.0,584830,0,0,0.0,0.0
212.660,21266,1,0.0,581916,0,0,0.0,0.0
212.670,21267,1,0.0,535223,0,0,0.0,0.0
212.680,21268,1,0.0,579667,0,0,0.0,0.0
212.690,21269,1,0.0,629708,0,0,0.0,0.0
212.700,21270,1,0.0,600872,0,0,0.0,0.0
212.710,21271,1,0.0,635194,0,0,0.0,0.0
212.720,21272,1,0.0,577967,0,0,0.0,0.0
212.730,21273,1,0.0,573730,0,0,0.0,0.0
212.740,21274,1,0.0,594524,0,0,0.0,0.0
212.750,21275,1,0.0,613971,0,0,0.0,0.0
212.760,21276,1,0.0,620226,0,0,0.0,0.0
212.770,21277,1,0.0,590693,0,0,0.0,0.0
212.780,21278,1,0.0,573872,0,0,0.0,0.0
212.790,21279,1,0.0,546325,0,0,0.0,0.0
212.800,21280,1,0.0,577158,0,0,0.0,0.0
212.810,21281,1,0.0,597220,0,0,0.0,0.0
212.820,21282,1,0.0,590342,0,0,0.0,0.0
212.830,21283,1,0.0,582569,0,0,0.0,0.0
212.840,21284,1,0.0,576353,0,0,0.0,0.0
212.850,21285,1,0.0,570043,0,0,0.0,0.0
212.860,21286,1,0.0,563929,0,0,0.0,0.0
212.870,21287,1,0.0,565017,0,0,0.0,0.0
212.880,21288,1,0.0,542422,0,0,0.0,0.0
212.890,21289,1,0.0,581985,0,0,0.0,0.0
212.900,21290,1,0.0,548454,0,0,0.0,0.0
212.910,21291,1,0.0,580215,0,0,0.0,0.0
212.920,21292,1,0.0,611856,0,0,0.0,0.0
212.930,21293,1,0.0,572032,0,0,0.0,0.0
212.940,21294,1,0.0,588759,0,0,0.0,0.0
212.950,21295,1,0.0,615416,0,0,0.0,0.0
212.960,21296,1,0.0,619891,0,0,0.0,0.0
212.970,21297,1,0.0,582397,0,0,0.0,0.0
212.980,21298,1,0.0,560105,0,0,0.0,0.0
212.990,21299,1,0.0,539143,0,0,0.0,0.0
213.000,21300,1,0.0,574660,0,0,0.0,0.0
213.010,21301,1,0.0,577762,0,0,0.0,0.0
213.020,21302,1,0.0,564912,0,0,0.0,0.0
213.030,21303,1,0.0,584977,0,0,0.0,0.0
213.040,21304,1,0.0,583277,0,0,0.0,0.0
213.050,21305,1,0.0,548010,0,0,0.0,0.0
213.060,21306,1,0.0,568486,0,0,0.0,0.0
213.070,21307,1,0.0,592894,0,0,0.0,0.0
213.080,21308,1,0.0,561825,0,0,0.0,0.0
213.090,21309,1,0.0,576095,0,0,0.0,0.0
213.100,21310,1,0.0,569013,0,0,0.0,0.0
213.110,21311,1,0.0,595060,0,0,0.0,0.0
213.120,21312,1,0.0,574250,0,0,0.0,0.0
213.130,21313,1,0.0,575432,0,0,0.0,0.0
213.140,21314,1,0.0,587755,0,0,0.0,0.0
213.150,21315,1,0.0,569284,0,0,0.0,0.0
213.160,21316,1,0.0,550482,0,0,0.0,0.0
213.170,21317,1,0.0,569136,0,0,0.0,0.0
213.180,21318,1,0.0,536538,0,0,0.0,0.0
213.190,21319,1,0.0,575133,0,0,0.0,0.0
213.200,21320,1,0.0,534918,0,0,0.0,0.0
213.210,21321,1,0.0,578879,0,0,0.0,0.0
213.220,21322,1,0.0,537050,0,0,0.0,0.0
213.230,21323,1,0.0,559904,0,0,0.0,0.0
213.240,21324,1,0.0,582132,0,0,0.0,0.0
213.250,21325,1,0.0,589076,0,0,0.0,0.0
213.260,21326,1,0.0,590400,0,0,0.0,0.0
213.270,21327,1,0.0,588597,0,0,0.0,0.0
213.280,21328,1,0.0,557544,0,0,0.0,0.0
213.290,21329,1,0.0,556666,0,0,0.0,0.0
213.300,21330,1,0.0,564957,0,0,0.0,0.0
213.310,21331,1,0.0,572343,0,0,0.0,0.0
213.320,21332,1,0.0,579155,0,0,0.0,0.0
213.330,21333,1,0.0,571642,0,0,0.0,0.0
213.340,21334,1,0.0,573560,0,0,0.0,0.0
213.350,21335,1,0.0,568404,0,0,0.0,0.0
213.360,21336,1,0.0,568208,0,0,0.0,0.0
213.370,21337,1,0.0,612849,0,0,0.0,0.0
213.380,21338,1,0.0,583802,0,0,0.0,0.0
213.390,21339,1,0.0,567776,0,0,0.0,0.0
213.400,21340,1,0.0,553850,0,0,0.0,0.0
213.410,21341,1,0.0,549452,0,0,0.0,0.0
213.420,21342,1,0.0,586150,0,0,0.0,0.0
213.430,21343,1,0.0,588744,0,0,0.0,0.0
213.440,21344,1,0.0,600549,0,0,0.0,0.0
213.450,21345,1,0.0,576647,0,0,0.0,0.0
213.460,21346,1,0.0,589073,0,0,0.0,0.0
213.470,21347,1,0.0,591058,0,0,0.0,0.0
213.480,21348,1,0.0,607807,0,0,0.0,0.0
213.490,21349,1,0.0,590186,0,0,0.0,0.0
213.500,21350,1,0.0,583865,0,0,0.0,0.0
213.510,21351,1,0.0,561897,0,0,0.0,0.0
213.520,21352,1,0.0,552542,0,0,0.0,0.0
213.530,21353,1,0.0,588663,0,0,0.0,0.0
213.540,21354,1,0.0,570312,0,0,0.0,0.0
213.550,21355,1,0.0,570400,0,0,0.0,0.0
213.560,21356,1,0.0,600066,0,0,0.0,0.0
213.570,21357,1,0.0,583247,0,0,0.0,0.0
213.580,21358,1,0.0,614909,0,0,0.0,0.0
213.590,21359,1,0.0,603889,0,0,0.0,0.0
213.600,21360,1,0.0,573558,0,0,0.0,0.0
213.610,21361,1,0.0,605391,0,0,0.0,0.0
213.620,21362,1,0.0,571298,0,0,0.0,0.0
213.630,21363,1,0.0,582516,0,0,0.0,0.0
213.640,21364,1,0.0,588277,0,0,0.0,0.0
213.650,21365,1,0.0,571586,0,0,0.0,0.0
213.660,21366,1,0.0,562501,0,0,0.0,0.0
213.670,21367,1,0.0,574031,0,0,0.0,0.0
213.680,21368,1,0.0,611941,0,0,0.0,0.0
213.690,21369,1,0.0,576826,0,0,0.0,0.0
213.700,21370,1,0.0,590898,0,0,0.0,0.0
213.710,21371,1,0.0,588117,0,0,0.0,0.0
213.720,21372,1,0.0,595400,0,0,0.0,0.0
213.730,21373,1,0.0,598527,0,0,0.0,0.0
213.740,21374,1,0.0,588254,0,0,0.0,0.0
213.750,21375,1,0.0,556101,0,0,0.0,0.0
213.760,21376,1,0.0,591708,0,0,0.0,0.0
213.770,21377,1,0.0,594405,0,0,0.0,0.0
213.780,21378,1,0.0,586600,0,0,0.0,0.0
213.790,21379,1,0.0,594925,0,0,0.0,0.0
213.800,21380,1,0.0,529145,0,0,0.0,0.0
213.810,21381,1,0.0,597981,0,0,0.0,0.0
213.820,21382,1,0.0,570240,0,0,0.0,0.0
213.830,21383,1,0.0,576779,0,0,0.0,0.0
213.840,21384,1,0.0,570246,0,0,0.0,0.0
213.850,21385,1,0.0,588348,0,0,0.0,0.0
213.860,21386,1,0.0,592728,0,0,0.0,0.0
213.870,21387,1,0.0,556665,0,0,0.0,0.0
213.880,21388,1,0.0,588263,0,0,0.0,0.0
213.890,21389,1,0.0,575625,0,0,0.0,0.0
213.900,21390,1,0.0,579169,0,0,0.0,0.0
213.910,21391,1,0.0,561001,0,0,0.0,0.0
213.920,21392,1,0.0,574647,0,0,0.0,0.0
213.930,21393,1,0.0,537861,0,0,0.0,0.0
213.940,21394,1,0.0,587807,0,0,0.0,0.0
213.950,21395,1,0.0,570035,0,0,0.0,0.0
213.960,21396,1,0.0,571126,0,0,0.0,0.0
213.970,21397,1,0.0,567414,0,0,0.0,0.0
213.980,21398,1,0.0,573476,0,0,0.0,0.0
213.990,21399,1,0.0,572940,0,0,0.0,0.0
214.000,21400,1,0.0,565488,0,0,0.0,0.0
214.010,21401,1,0.0,574364,0,0,0.0,0.0
214.020,21402,1,0.0,610044,0,0,0.0,0.0
214.030,21403,1,0.0,607435,0,0,0.0,0.0
214.040,21404,1,0.0,612288,0,0,0.0,0.0
214.050,21405,1,0.0,608499,0,0,0.0,0.0
214.060,21406,1,0.0,580936,0,0,0.0,0.0
214.070,21407,1,0.0,587193,0,0,0.0,0.0
214.080,21408,1,0.0,583322,0,0,0.0,0.0
214.090,21409,1,0.0,584811,0,0,0.0,0.0
214.100,21410,1,0.0,609344,0,0,0.0,0.0
214.110,21411,1,0.0,588411,0,0,0.0,0.0
214.120,21412,1,0.0,574814,0,0,0.0,0.0
214.130,21413,1,0.0,591040,0,0,0.0,0.0
214.140,21414,1,0.0,581271,0,0,0.0,0.0
214.150,21415,1,0.0,562280,0,0,0.0,0.0
214.160,21416,1,0.0,577754,0,0,0.0,0.0
214.170,21417,1,0.0,554484,0,0,0.0,0.0
214.180,21418,1,0.0,539715,0,0,0.0,0.0
214.190,21419,1,0.0,572493,0,0,0.0,0.0
214.200,21420,1,0.0,593666,0,0,0.0,0.0
214.210,21421,1,0.0,559017,0,0,0.0,0.0
214.220,21422,1,0.0,586715,0,0,0.0,0.0
214.230,21423,1,0.0,596312,0,0,0.0,0.0
214.240,21424,1,0.0,585668,0,0,0.0,0.0
214.250,21425,1,0.0,589056,0,0,0.0,0.0
214.260,21426,1,0.0,547560,0,0,0.0,0.0
214.270,21427,1,0.0,573207,0,0,0.0,0.0
214.280,21428,1,0.0,577936,0,0,0.0,0.0
214.290,21429,1,0.0,555006,0,0,0.0,0.0
214.300,21430,1,0.0,549270,0,0,0.0,0.0
214.310,21431,1,0.0,564230,0,0,0.0,0.0
214.320,21432,1,0.0,565203,0,0,0.0,0.0
214.330,21433,1,0.0,593190,0,0,0.0,0.0
214.340,21434,1,0.0,558890,0,0,0.0,0.0
214.350,21435,1,0.0,552791,0,0,0.0,0.0
214.360,21436,1,0.0,585961,0,0,0.0,0.0
214.370,21437,1,0.0,586365,0,0,0.0,0.0
214.380,21438,1,0.0,539895,0,0,0.0,0.0
214.390,21439,1,0.0,573414,0,0,0.0,0.0
214.400,21440,1,0.0,579427,0,0,0.0,0.0
214.410,21441,1,0.0,610227,0,0,0.0,0.0
214.420,21442,1,0.0,567295,0,0,0.0,0.0
214.430,21443,1,0.0,616172,0,0,0.0,0.0
214.440,21444,1,0.0,589106,0,0,0.0,0.0
214.450,21445,1,0.0,587567,0,0,0.0,0.0
214.460,21446,1,0.0,593495,0,0,0.0,0.0
214.470,21447,1,0.0,557663,0,0,0.0,0.0
214.480,21448,1,0.0,562451,0,0,0.0,0.0
214.490,21449,1,0.0,590981,0,0,0.0,0.0
214.500,21450,1,0.0,580204,0,0,0.0,0.0
214.510,21451,1,0.0,589830,0,0,0.0,0.0
214.520,21452,1,0.0,556996,0,0,0.0,0.0
214.530,21453,1,0.0,571783,0,0,0.0,0.0
214.540,21454,1,0.0,599721,0,0,0.0,0.0
214.550,21455,1,0.0,598796,0,0,0.0,0.0
214.560,21456,1,0.0,583244,0,0,0.0,0.0
214.570,21457,1,0.0,557951,0,0,0.0,0.0
214.580,21458,1,0.0,570361,0,0,0.0,0.0
214.590,21459,1,0.0,582658,0,0,0.0,0.0
214.600,21460,1,0.0,613671,0,0,0.0,0.0
214.610,21461,1,0.0,585863,0,0,0.0,0.0
214.620,21462,1,0.0,591724,0,0,0.0,0.0
214.630,21463,1,0.0,601871,0,0,0.0,0.0
214.640,21464,1,0.0,584941,0,0,0.0,0.0
214.650,21465,1,0.0,550670,0,0,0.0,0.0
214.660,21466,1,0.0,576218,0,0,0.0,0.0
214.670,21467,1,0.0,608958,0,0,0.0,0.0
214.680,21468,1,0.0,607181,0,0,0.0,0.0
214.690,21469,1,0.0,600489,0,0,0.0,0.0
214.700,21470,1,0.0,562649,0,0,0.0,0.0
214.710,21471,1,0.0,593049,0,0,0.0,0.0
214.720,21472,1,0.0,605382,0,0,0.0,0.0
214.730,21473,1,0.0,562481,0,0,0.0,0.0
214.740,21474,1,0.0,570630,0,0,0.0,0.0
214.750,21475,1,0.0,573741,0,0,0.0,0.0
214.760,21476,1,0.0,590624,0,0,0.0,0.0
214.770,21477,1,0.0,579289,0,0,0.0,0.0
214.780,21478,1,0.0,576890,0,0,0.0,0.0
214.790,21479,1,0.0,615601,0,0,0.0,0.0
214.800,21480,1,0.0,587956,0,0,0.0,0.0
214.810,21481,1,0.0,602862,0,0,0.0,0.0
214.820,21482,1,0.0,622960,0,0,0.0,0.0
214.830,21483,1,0.0,609862,0,0,0.0,0.0
214.840,21484,1,0.0,607596,0,0,0.0,0.0
214.850,21485,1,0.0,589661,0,0,0.0,0.0
214.860,21486,1,0.0,576482,0,0,0.0,0.0
214.870,21487,1,0.0,579962,0,0,0.0,0.0
214.880,21488,1,0.0,579013,0,0,0.0,0.0
214.890,21489,1,0.0,617619,0,0,0.0,0.0
214.900,21490,1,0.0,584405,0,0,0.0,0.0
214.910,21491,1,0.0,560502,0,0,0.0,0.0
214.920,21492,1,0.0,580743,0,0,0.0,0.0
214.930,21493,1,0.0,551844,0,0,0.0,0.0
214.940,21494,1,0.0,551982,0,0,0.0,0.0
214.950,21495,1,0.0,598010,0,0,0.0,0.0
214.960,21496,1,0.0,587786,0,0,0.0,0.0
214.970,21497,1,0.0,563938,0,0,0.0,0.0
214.980,21498,1,0.0,601205,0,0,0.0,0.0
214.990,21499,1,0.0,580722,0,0,0.0,0.0
215.000,21500,1,0.0,563908,0,0,0.0,0.0
215.010,21501,1,0.0,605068,0,0,0.0,0.0
215.020,21502,1,0.0,550216,0,0,0.0,0.0
215.030,21503,1,0.0,573394,0,0,0.0,0.0
215.040,21504,1,0.0,576934,0,0,0.0,0.0
215.050,21505,1,0.0,553127,0,0,0.0,0.0
215.060,21506,1,0.0,612441,0,0,0.0,0.0
215.070,21507,1,0.0,604090,0,0,0.0,0.0
215.080,21508,1,0.0,553591,0,0,0.0,0.0
215.090,21509,1,0.0,543156,0,0,0.0,0.0
215.100,21510,1,0.0,574196,0,0,0.0,0.0
215.110,21511,1,0.0,612300,0,0,0.0,0.0
215.120,21512,1,0.0,586530,0,0,0.0,0.0
215.130,21513,1,0.0,584636,0,0,0.0,0.0
215.140,21514,1,0.0,547705,0,0,0.0,0.0
215.150,21515,1,0.0,555369,0,0,0.0,0.0
215.160,21516,1,0.0,572392,0,0,0.0,0.0
215.170,21517,1,0.0,555445,0,0,0.0,0.0
215.180,21518,1,0.0,581154,0,0,0.0,0.0
215.190,21519,1,0.0,592855,0,0,0.0,0.0
215.200,21520,1,0.0,588196,0,0,0.0,0.0
215.210,21521,1,0.0,575954,0,0,0.0,0.0
215.220,21522,1,0.0,587914,0,0,0.0,0.0
215.230,21523,1,0.0,608588,0,0,0.0,0.0
215.240,21524,1,0.0,585819,0,0,0.0,0.0
215.250,21525,1,0.0,581520,0,0,0.0,0.0
215.260,21526,1,0.0,593414,0,0,0.0,0.0
215.270,21527,1,0.0,574478,0,0,0.0,0.0
215.280,21528,1,0.0,574559,0,0,0.0,0.0
215.290,21529,1,0.0,581184,0,0,0.0,0.0
215.300,21530,1,0.0,581090,0,0,0.0,0.0
215.310,21531,1,0.0,588683,0,0,0.0,0.0
215.320,21532,1,0.0,588377,0,0,0.0,0.0
215.330,21533,1,0.0,546303,0,0,0.0,0.0
215.340,21534,1,0.0,564984,0,0,0.0,0.0
215.350,21535,1,0.0,607516,0,0,0.0,0.0
215.360,21536,1,0.0,604699,0,0,0.0,0.0
215.370,21537,1,0.0,580270,0,0,0.0,0.0
215.380,21538,1,0.0,569134,0,0,0.0,0.0
215.390,21539,1,0.0,576531,0,0,0.0,0.0
215.400,21540,1,0.0,559236,0,0,0.0,0.0
215.410,21541,1,0.0,583236,0,0,0.0,0.0
215.420,21542,1,0.0,583956,0,0,0.0,0.0
215.430,21543,1,0.0,606639,0,0,0.0,0.0
215.440,21544,1,0.0,597972,0,0,0.0,0.0
215.450,21545,1,0.0,568412,0,0,0.0,0.0
215.460,21546,1,0.0,551434,0,0,0.0,0.0
215.470,21547,1,0.0,582725,0,0,0.0,0.0
215.480,21548,1,0.0,558249,0,0,0.0,0.0
215.490,21549,1,0.0,600626,0,0,0.0,0.0
215.500,21550,1,0.0,524798,0,0,0.0,0.0
215.510,21551,1,0.0,572318,0,0,0.0,0.0
215.520,21552,1,0.0,562861,0,0,0.0,0.0
215.530,21553,1,0.0,569123,0,0,0.0,0.0
215.540,21554,1,0.0,534792,0,0,0.0,0.0
215.550,21555,1,0.0,556982,0,0,0.0,0.0
215.560,21556,1,0.0,553893,0,0,0.0,0.0
215.570,21557,1,0.0,597836,0,0,0.0,0.0
215.580,21558,1,0.0,587283,0,0,0.0,0.0
215.590,21559,1,0.0,570159,0,0,0.0,0.0
215.600,21560,1,0.0,548804,0,0,0.0,0.0
215.610,21561,1,0.0,597481,0,0,0.0,0.0
215.620,21562,1,0.0,580013,0,0,0.0,0.0
215.630,21563,1,0.0,589195,0,0,0.0,0.0
215.640,21564,1,0.0,581571,0,0,0.0,0.0
215.650,21565,1,0.0,572690,0,0,0.0,0.0
215.660,21566,1,0.0,592708,0,0,0.0,0.0
215.670,21567,1,0.0,551697,0,0,0.0,0.0
215.680,21568,1,0.0,577846,0,0,0.0,0.0
215.690,21569,1,0.0,603796,0,0,0.0,0.0
215.700,21570,1,0.0,570442,0,0,0.0,0.0
215.710,21571,1,0.0,565040,0,0,0.0,0.0
215.720,21572,1,0.0,536546,0,0,0.0,0.0
215.730,21573,1,0.0,590695,0,0,0.0,0.0
215.740,21574,1,0.0,564208,0,0,0.0,0.0
215.750,21575,1,0.0,574197,0,0,0.0,0.0
215.760,21576,1,0.0,589771,0,0,0.0,0.0
215.770,21577,1,0.0,598252,0,0,0.0,0.0
215.780,21578,1,0.0,586116,0,0,0.0,0.0
215.790,21579,1,0.0,590456,0,0,0.0,0.0
215.800,21580,1,0.0,596935,0,0,0.0,0.0
215.810,21581,1,0.0,572408,0,0,0.0,0.0
215.820,21582,1,0.0,594299,0,0,0.0,0.0
215.830,21583,1,0.0,597510,0,0,0.0,0.0
215.840,21584,1,0.0,566307,0,0,0.0,0.0
215.850,21585,1,0.0,581685,0,0,0.0,0.0
215.860,21586,1,0.0,575563,0,0,0.0,0.0
215.870,21587,1,0.0,594958,0,0,0.0,0.0
215.880,21588,1,0.0,579726,0,0,0.0,0.0
215.890,21589,1,0.0,570224,0,0,0.0,0.0
215.900,21590,1,0.0,598393,0,0,0.0,0.0
215.910,21591,1,0.0,564033,0,0,0.0,0.0
215.920,21592,1,0.0,605066,0,0,0.0,0.0
215.930,21593,1,0.0,540882,0,0,0.0,0.0
215.940,21594,1,0.0,528736,0,0,0.0,0.0
215.950,21595,1,0.0,589279,0,0,0.0,0.0
215.960,21596,1,0.0,582276,0,0,0.0,0.0
215.970,21597,1,0.0,596069,0,0,0.0,0.0
215.980,21598,1,0.0,570190,0,0,0.0,0.0
215.990,21599,1,0.0,569472,0,0,0.0,0.0
216.000,21600,1,0.0,574785,0,0,0.0,0.0
216.010,21601,1,0.0,579320,0,0,0.0,0.0
216.020,21602,1,0.0,559084,0,0,0.0,0.0
216.030,21603,1,0.0,555272,0,0,0.0,0.0
216.040,21604,1,0.0,569339,0,0,0.0,0.0
216.050,21605,1,0.0,592107,0,0,0.0,0.0
216.060,21606,1,0.0,565843,0,0,0.0,0.0
216.070,21607,1,0.0,582755,0,0,0.0,0.0
216.080,21608,1,0.0,585539,0,0,0.0,0.0
216.090,21609,1,0.0,569864,0,0,0.0,0.0
216.100,21610,1,0.0,575496,0,0,0.0,0.0
216.110,21611,1,0.0,578738,0,0,0.0,0.0
216.120,21612,1,0.0,567528,0,0,0.0,0.0
216.130,21613,1,0.0,583027,0,0,0.0,0.0
216.140,21614,1,0.0,568263,0,0,0.0,0.0
216.150,21615,1,0.0,575142,0,0,0.0,0.0
216.160,21616,1,0.0,551996,0,0,0.0,0.0
216.170,21617,1,0.0,575476,0,0,0.0,0.0
216.180,21618,1,0.0,589179,0,0,0.0,0.0
216.190,21619,1,0.0,570996,0,0,0.0,0.0
216.200,21620,1,0.0,549168,0,0,0.0,0.0
216.210,21621,1,0.0,590420,0,0,0.0,0.0
216.220,21622,1,0.0,571636,0,0,0.0,0.0
216.230,21623,1,0.0,598714,0,0,0.0,0.0
216.240,21624,1,0.0,611908,0,0,0.0,0.0
216.250,21625,1,0.0,601109,0,0,0.0,0.0
216.260,21626,1,0.0,598179,0,0,0.0,0.0
216.270,21627,1,0.0,542115,0,0,0.0,0.0
216.280,21628,1,0.0,627331,0,0,0.0,0.0
216.290,21629,1,0.0,618674,0,0,0.0,0.0
216.300,21630,1,0.0,576399,0,0,0.0,0.0
216.310,21631,1,0.0,567907,0,0,0.0,0.0
216.320,21632,1,0.0,585844,0,0,0.0,0.0
216.330,21633,1,0.0,593085,0,0,0.0,0.0
216.340,21634,1,0.0,619773,0,0,0.0,0.0
216.350,21635,1,0.0,556894,0,0,0.0,0.0
216.360,21636,1,0.0,589860,0,0,0.0,0.0
216.370,21637,1,0.0,612140,0,0,0.0,0.0
216.380,21638,1,0.0,603483,0,0,0.0,0.0
216.390,21639,1,0.0,609174,0,0,0.0,0.0
216.400,21640,1,0.0,631938,0,0,0.0,0.0
216.410,21641,1,0.0,571005,0,0,0.0,0.0
216.420,21642,1,0.0,591314,0,0,0.0,0.0
216.430,21643,1,0.0,599009,0,0,0.0,0.0
216.440,21644,1,0.0,571575,0,0,0.0,0.0
216.450,21645,1,0.0,603314,0,0,0.0,0.0
216.460,21646,1,0.0,604893,0,0,0.0,0.0
216.470,21647,1,0.0,588618,0,0,0.0,0.0
216.480,21648,1,0.0,569056,0,0,0.0,0.0
216.490,21649,1,0.0,594966,0,0,0.0,0.0
216.500,21650,1,0.0,594719,0,0,0.0,0.0
216.510,21651,1,0.0,612128,0,0,0.0,0.0
216.520,21652,1,0.0,628599,0,0,0.0,0.0
216.530,21653,1,0.0,589990,0,0,0.0,0.0
216.540,21654,1,0.0,609313,0,0,0.0,0.0
216.550,21655,1,0.0,615530,0,0,0.0,0.0
216.560,21656,1,0.0,576281,0,0,0.0,0.0
216.570,21657,1,0.0,570504,0,0,0.0,0.0
216.580,21658,1,0.0,582054,0,0,0.0,0.0
216.590,21659,1,0.0,557129,0,0,0.0,0.0
216.600,21660,1,0.0,610418,0,0,0.0,0.0
216.610,21661,1,0.0,575509,0,0,0.0,0.0
216.620,21662,1,0.0,562390,0,0,0.0,0.0
216.630,21663,1,0.0,610115,0,0,0.0,0.0
216.640,21664,1,0.0,581086,0,0,0.0,0.0
216.650,21665,1,0.0,544762,0,0,0.0,0.0
216.660,21666,1,0.0,598682,0,0,0.0,0.0
216.670,21667,1,0.0,569320,0,0,0.0,0.0
216.680,21668,1,0.0,573408,0,0,0.0,0.0
216.690,21669,1,0.0,590611,0,0,0.0,0.0
216.700,21670,1,0.0,535827,0,0,0.0,0.0
216.710,21671,1,0.0,591711,0,0,0.0,0.0
216.720,21672,1,0.0,597004,0,0,0.0,0.0
216.730,21673,1,0.0,598009,0,0,0.0,0.0
216.740,21674,1,0.0,607054,0,0,0.0,0.0
216.750,21675,1,0.0,570907,0,0,0.0,0.0
216.760,21676,1,0.0,589904,0,0,0.0,0.0
216.770,21677,1,0.0,575352,0,0,0.0,0.0
216.780,21678,1,0.0,584680,0,0,0.0,0.0
216.790,21679,1,0.0,584390,0,0,0.0,0.0
216.800,21680,1,0.0,552568,0,0,0.0,0.0
216.810,21681,1,0.0,568911,0,0,0.0,0.0
216.820,21682,1,0.0,577912,0,0,0.0,0.0
216.830,21683,1,0.0,577285,0,0,0.0,0.0
216.840,21684,1,0.0,562343,0,0,0.0,0.0
216.850,21685,1,0.0,585795,0,0,0.0,0.0
216.860,21686,1,0.0,598166,0,0,0.0,0.0
216.870,21687,1,0.0,585027,0,0,0.0,0.0
216.880,21688,1,0.0,600158,0,0,0.0,0.0
216.890,21689,1,0.0,580841,0,0,0.0,0.0
216.900,21690,1,0.0,581321,0,0,0.0,0.0
216.910,21691,1,0.0,611994,0,0,0.0,0.0
216.920,21692,1,0.0,565145,0,0,0.0,0.0
216.930,21693,1,0.0,560598,0,0,0.0,0.0
216.940,21694,1,0.0,580305,0,0,0.0,0.0
216.950,21695,1,0.0,610790,0,0,0.0,0.0
216.960,21696,1,0.0,593698,0,0,0.0,0.0
216.970,21697,1,0.0,564530,0,0,0.0,0.0
216.980,21698,1,0.0,568003,0,0,0.0,0.0
216.990,21699,1,0.0,574394,0,0,0.0,0.0
217.000,21700,1,0.0,563412,0,0,0.0,0.0
217.010,21701,1,0.0,574616,0,0,0.0,0.0
217.020,21702,1,0.0,577253,0,0,0.0,0.0
217.030,21703,1,0.0,633128,0,0,0.0,0.0
217.040,21704,1,0.0,553621,0,0,0.0,0.0
217.050,21705,1,0.0,575682,0,0,0.0,0.0
217.060,21706,1,0.0,548393,0,0,0.0,0.0
217.070,21707,1,0.0,579325,0,0,0.0,0.0
217.080,21708,1,0.0,590002,0,0,0.0,0.0
217.090,21709,1,0.0,570687,0,0,0.0,0.0
217.100,21710,1,0.0,569593,0,0,0.0,0.0
217.110,21711,1,0.0,556951,0,0,0.0,0.0
217.120,21712,1,0.0,585408,0,0,0.0,0.0
217.130,21713,1,0.0,578098,0,0,0.0,0.0
217.140,21714,1,0.0,636171,0,0,0.0,0.0
217.150,21715,1,0.0,585086,0,0,0.0,0.0
217.160,21716,1,0.0,574903,0,0,0.0,0.0
217.170,21717,1,0.0,601282,0,0,0.0,0.0
217.180,21718,1,0.0,583456,0,0,0.0,0.0
217.190,21719,1,0.0,553041,0,0,0.0,0.0
217.200,21720,1,0.0,562766,0,0,0.0,0.0
217.210,21721,1,0.0,562069,0,0,0.0,0.0
217.220,21722,1,0.0,591008,0,0,0.0,0.0
217.230,21723,1,0.0,580398,0,0,0.0,0.0
217.240,21724,1,0.0,595582,0,0,0.0,0.0
217.250,21725,1,0.0,570555,0,0,0.0,0.0
217.260,21726,1,0.0,562077,0,0,0.0,0.0
217.270,21727,1,0.0,557118,0,0,0.0,0.0
217.280,21728,1,0.0,576956,0,0,0.0,0.0
217.290,21729,1,0.0,567203,0,0,0.0,0.0
217.300,21730,1,0.0,585963,0,0,0.0,0.0
217.310,21731,1,0.0,589479,0,0,0.0,0.0
217.320,21732,1,0.0,583574,0,0,0.0,0.0
217.330,21733,1,0.0,554278,0,0,0.0,0.0
217.340,21734,1,0.0,539758,0,0,0.0,0.0
217.350,21735,1,0.0,544711,0,0,0.0,0.0
217.360,21736,1,0.0,590759,0,0,0.0,0.0
217.370,21737,1,0.0,589821,0,0,0.0,0.0
217.380,21738,1,0.0,575139,0,0,0.0,0.0
217.390,21739,1,0.0,569031,0,0,0.0,0.0
217.400,21740,1,0.0,586423,0,0,0.0,0.0
217.410,21741,1,0.0,587496,0,0,0.0,0.0
217.420,21742,1,0.0,578713,0,0,0.0,0.0
217.430,21743,1,0.0,581918,0,0,0.0,0.0
217.440,21744,1,0.0,591110,0,0,0.0,0.0
217.450,21745,1,0.0,573703,0,0,0.0,0.0
217.460,21746,1,0.0,595945,0,0,0.0,0.0
217.470,21747,1,0.0,586586,0,0,0.0,0.0
217.480,21748,1,0.0,569987,0,0,0.0,0.0
217.490,21749,1,0.0,568304,0,0,0.0,0.0
217.500,21750,1,0.0,567965,0,0,0.0,0.0
217.510,21751,1,0.0,589672,0,0,0.0,0.0
217.520,21752,1,0.0,576970,0,0,0.0,0.0
217.530,21753,1,0.0,576757,0,0,0.0,0.0
217.540,21754,1,0.0,574998,0,0,0.0,0.0
217.550,21755,1,0.0,594324,0,0,0.0,0.0
217.560,21756,1,0.0,577620,0,0,0.0,0.0
217.570,21757,1,0.0,591376,0,0,0.0,0.0
217.580,21758,1,0.0,569730,0,0,0.0,0.0
217.590,21759,1,0.0,565526,0,0,0.0,0.0
217.600,21760,1,0.0,592057,0,0,0.0,0.0
217.610,21761,1,0.0,556806,0,0,0.0,0.0
217.620,21762,1,0.0,591762,0,0,0.0,0.0
217.630,21763,1,0.0,601034,0,0,0.0,0.0
217.640,21764,1,0.0,556804,0,0,0.0,0.0
217.650,21765,1,0.0,609954,0,0,0.0,0.0
217.660,21766,1,0.0,566936,0,0,0.0,0.0
217.670,21767,1,0.0,551069,0,0,0.0,0.0
217.680,21768,1,0.0,583002,0,0,0.0,0.0
217.690,21769,1,0.0,545465,0,0,0.0,0.0
217.700,21770,1,0.0,613453,0,0,0.0,0.0
217.710,21771,1,0.0,560884,0,0,0.0,0.0
217.720,21772,1,0.0,562624,0,0,0.0,0.0
217.730,21773,1,0.0,596393,0,0,0.0,0.0
217.740,21774,1,0.0,615005,0,0,0.0,0.0
217.750,21775,1,0.0,556035,0,0,0.0,0.0
217.760,21776,1,0.0,558829,0,0,0.0,0.0
217.770,21777,1,0.0,573813,0,0,0.0,0.0
217.780,21778,1,0.0,565679,0,0,0.0,0.0
217.790,21779,1,0.0,603288,0,0,0.0,0.0
217.800,21780,1,0.0,584803,0,0,0.0,0.0
217.810,21781,1,0.0,553556,0,0,0.0,0.0
217.820,21782,1,0.0,562142,0,0,0.0,0.0
217.830,21783,1,0.0,574103,0,0,0.0,0.0
217.840,21784,1,0.0,558132,0,0,0.0,0.0
217.850,21785,1,0.0,549024,0,0,0.0,0.0
217.860,21786,1,0.0,598806,0,0,0.0,0.0
217.870,21787,1,0.0,610797,0,0,0.0,0.0
217.880,21788,1,0.0,557150,0,0,0.0,0.0
217.890,21789,1,0.0,604999,0,0,0.0,0.0
217.900,21790,1,0.0,580747,0,0,0.0,0.0
217.910,21791,1,0.0,612200,0,0,0.0,0.0
217.920,21792,1,0.0,592228,0,0,0.0,0.0
217.930,21793,1,0.0,575346,0,0,0.0,0.0
217.940,21794,1,0.0,593576,0,0,0.0,0.0
217.950,21795,1,0.0,580512,0,0,0.0,0.0
217.960,21796,1,0.0,553308,0,0,0.0,0.0
217.970,21797,1,0.0,571398,0,0,0.0,0.0
217.980,21798,1,0.0,611268,0,0,0.0,0.0
217.990,21799,1,0.0,553156,0,0,0.0,0.0
218.000,21800,1,0.0,577759,0,0,0.0,0.0
218.010,21801,1,0.0,556712,0,0,0.0,0.0
218.020,21802,1,0.0,568753,0,0,0.0,0.0
218.030,21803,1,0.0,557014,0,0,0.0,0.0
218.040,21804,1,0.0,582310,0,0,0.0,0.0
218.050,21805,1,0.0,543264,0,0,0.0,0.0
218.060,21806,1,0.0,558656,0,0,0.0,0.0
218.070,21807,1,0.0,575465,0,0,0.0,0.0
218.080,21808,1,0.0,562329,0,0,0.0,0.0
218.090,21809,1,0.0,581509,0,0,0.0,0.0
218.100,21810,1,0.0,585832,0,0,0.0,0.0
218.110,21811,1,0.0,554881,0,0,0.0,0.0
218.120,21812,1,0.0,551160,0,0,0.0,0.0
218.130,21813,1,0.0,617845,0,0,0.0,0.0
218.140,21814,1,0.0,584961,0,0,0.0,0.0
218.150,21815,1,0.0,562251,0,0,0.0,0.0
218.160,21816,1,0.0,601551,0,0,0.0,0.0
218.170,21817,1,0.0,579727,0,0,0.0,0.0
218.180,21818,1,0.0,605211,0,0,0.0,0.0
218.190,21819,1,0.0,559713,0,0,0.0,0.0
218.200,21820,1,0.0,581928,0,0,0.0,0.0
218.210,21821,1,0.0,554916,0,0,0.0,0.0
218.220,21822,1,0.0,575905,0,0,0.0,0.0
218.230,21823,1,0.0,554458,0,0,0.0,0.0
218.240,21824,1,0.0,588915,0,0,0.0,0.0
218.250,21825,1,0.0,586523,0,0,0.0,0.0
218.260,21826,1,0.0,600656,0,0,0.0,0.0
218.270,21827,1,0.0,599061,0,0,0.0,0.0
218.280,21828,1,0.0,610142,0,0,0.0,0.0
218.290,21829,1,0.0,571306,0,0,0.0,0.0
218.300,21830,1,0.0,597874,0,0,0.0,0.0
218.310,21831,1,0.0,570928,0,0,0.0,0.0
218.320,21832,1,0.0,619022,0,0,0.0,0.0
218.330,21833,1,0.0,560864,0,0,0.0,0.0
218.340,21834,1,0.0,600865,0,0,0.0,0.0
218.350,21835,1,0.0,590634,0,0,0.0,0.0
218.360,21836,1,0.0,570461,0,0,0.0,0.0
218.370,21837,1,0.0,581022,0,0,0.0,0.0
218.380,21838,1,0.0,523853,0,0,0.0,0.0
218.390,21839,1,0.0,598581,0,0,0.0,0.0
218.400,21840,1,0.0,571284,0,0,0.0,0.0
218.410,21841,1,0.0,539395,0,0,0.0,0.0
218.420,21842,1,0.0,582538,0,0,0.0,0.0
218.430,21843,1,0.0,565832,0,0,0.0,0.0
218.440,21844,1,0.0,538537,0,0,0.0,0.0
218.450,21845,1,0.0,608475,0,0,0.0,0.0
218.460,21846,1,0.0,533682,0,0,0.0,0.0
218.470,21847,1,0.0,574024,0,0,0.0,0.0
218.480,21848,1,0.0,540360,0,0,0.0,0.0
218.490,21849,1,0.0,575088,0,0,0.0,0.0
218.500,21850,1,0.0,565079,0,0,0.0,0.0
218.510,21851,1,0.0,599302,0,0,0.0,0.0
218.520,21852,1,0.0,578661,0,0,0.0,0.0
218.530,21853,1,0.0,564853,0,0,0.0,0.0
218.540,21854,1,0.0,550729,0,0,0.0,0.0
218.550,21855,1,0.0,587420,0,0,0.0,0.0
218.560,21856,1,0.0,569343,0,0,0.0,0.0
218.570,21857,1,0.0,595327,0,0,0.0,0.0
218.580,21858,1,0.0,599169,0,0,0.0,0.0
218.590,21859,1,0.0,561057,0,0,0.0,0.0
218.600,21860,1,0.0,590049,0,0,0.0,0.0
218.610,21861,1,0.0,601208,0,0,0.0,0.0
218.620,21862,1,0.0,541971,0,0,0.0,0.0
218.630,21863,1,0.0,593014,0,0,0.0,0.0
218.640,21864,1,0.0,561740,0,0,0.0,0.0
218.650,21865,1,0.0,575445,0,0,0.0,0.0
218.660,21866,1,0.0,558354,0,0,0.0,0.0
218.670,21867,1,0.0,594758,0,0,0.0,0.0
218.680,21868,1,0.0,601120,0,0,0.0,0.0
218.690,21869,1,0.0,590789,0,0,0.0,0.0
218.700,21870,1,0.0,580267,0,0,0.0,0.0
218.710,21871,1,0.0,607266,0,0,0.0,0.0
218.720,21872,1,0.0,581380,0,0,0.0,0.0
218.730,21873,1,0.0,560015,0,0,0.0,0.0
218.740,21874,1,0.0,606168,0,0,0.0,0.0
218.750,21875,1,0.0,595482,0,0,0.0,0.0
218.760,21876,1,0.0,582574,0,0,0.0,0.0
218.770,21877,1,0.0,594054,0,0,0.0,0.0
218.780,21878,1,0.0,574506,0,0,0.0,0.0
218.790,21879,1,0.0,571704,0,0,0.0,0.0
218.800,21880,1,0.0,618031,0,0,0.0,0.0
218.810,21881,1,0.0,572104,0,0,0.0,0.0
218.820,21882,1,0.0,609648,0,0,0.0,0.0
218.830,21883,1,0.0,599955,0,0,0.0,0.0
218.840,21884,1,0.0,612227,0,0,0.0,0.0
218.850,21885,1,0.0,576103,0,0,0.0,0.0
218.860,21886,1,0.0,591350,0,0,0.0,0.0
218.870,21887,1,0.0,612366,0,0,0.0,0.0
218.880,21888,1,0.0,569174,0,0,0.0,0.0
218.890,21889,1,0.0,592862,0,0,0.0,0.0
218.900,21890,1,0.0,588414,0,0,0.0,0.0
218.910,21891,1,0.0,606668,0,0,0.0,0.0
218.920,21892,1,0.0,592886,0,0,0.0,0.0
218.930,21893,1,0.0,551946,0,0,0.0,0.0
218.940,21894,1,0.0,594319,0,0,0.0,0.0
218.950,21895,1,0.0,587640,0,0,0.0,0.0
218.960,21896,1,0.0,559620,0,0,0.0,0.0
218.970,21897,1,0.0,584751,0,0,0.0,0.0
218.980,21898,1,0.0,528331,0,0,0.0,0.0
218.990,21899,1,0.0,590238,0,0,0.0,0.0
219.000,21900,1,0.0,591236,0,0,0.0,0.0
219.010,21901,1,0.0,575206,0,0,0.0,0.0
219.020,21902,1,0.0,551676,0,0,0.0,0.0
219.030,21903,1,0.0,561682,0,0,0.0,0.0
219.040,21904,1,0.0,594726,0,0,0.0,0.0
219.050,21905,1,0.0,607510,0,0,0.0,0.0
219.060,21906,1,0.0,603379,0,0,0.0,0.0
219.070,21907,1,0.0,566104,0,0,0.0,0.0
219.080,21908,1,0.0,587939,0,0,0.0,0.0
219.090,21909,1,0.0,581923,0,0,0.0,0.0
219.100,21910,1,0.0,586528,0,0,0.0,0.0
219.110,21911,1,0.0,583599,0,0,0.0,0.0
219.120,21912,1,0.0,606463,0,0,0.0,0.0
219.130,21913,1,0.0,585472,0,0,0.0,0.0
219.140,21914,1,0.0,567122,0,0,0.0,0.0
219.150,21915,1,0.0,611199,0,0,0.0,0.0
219.160,21916,1,0.0,580175,0,0,0.0,0.0
219.170,21917,1,0.0,612836,0,0,0.0,0.0
219.180,21918,1,0.0,554541,0,0,0.0,0.0
219.190,21919,1,0.0,598711,0,0,0.0,0.0
219.200,21920,1,0.0,574020,0,0,0.0,0.0
219.210,21921,1,0.0,609749,0,0,0.0,0.0
219.220,21922,1,0.0,575245,0,0,0.0,0.0
219.230,21923,1,0.0,588144,0,0,0.0,0.0
219.240,21924,1,0.0,597452,0,0,0.0,0.0
219.250,21925,1,0.0,553589,0,0,0.0,0.0
219.260,21926,1,0.0,601027,0,0,0.0,0.0
219.270,21927,1,0.0,588391,0,0,0.0,0.0
219.280,21928,1,0.0,549126,0,0,0.0,0.0
219.290,21929,1,0.0,565190,0,0,0.0,0.0
219.300,21930,1,0.0,527265,0,0,0.0,0.0
219.310,21931,1,0.0,585239,0,0,0.0,0.0
219.320,21932,1,0.0,573127,0,0,0.0,0.0
219.330,21933,1,0.0,610665,0,0,0.0,0.0
219.340,21934,1,0.0,575049,0,0,0.0,0.0
219.350,21935,1,0.0,554518,0,0,0.0,0.0
219.360,21936,1,0.0,598394,0,0,0.0,0.0
219.370,21937,1,0.0,566135,0,0,0.0,0.0
219.380,21938,1,0.0,590504,0,0,0.0,0.0
219.390,21939,1,0.0,575246,0,0,0.0,0.0
219.400,21940,1,0.0,604117,0,0,0.0,0.0
219.410,21941,1,0.0,536824,0,0,0.0,0.0
219.420,21942,1,0.0,596480,0,0,0.0,0.0
219.430,21943,1,0.0,563115,0,0,0.0,0.0
219.440,21944,1,0.0,605073,0,0,0.0,0.0
219.450,21945,1,0.0,571943,0,0,0.0,0.0
219.460,21946,1,0.0,578178,0,0,0.0,0.0
219.470,21947,1,0.0,580068,0,0,0.0,0.0
219.480,21948,1,0.0,602185,0,0,0.0,0.0
219.490,21949,1,0.0,571989,0,0,0.0,0.0
219.500,21950,1,0.0,588206,0,0,0.0,0.0
219.510,21951,1,0.0,576200,0,0,0.0,0.0
219.520,21952,1,0.0,587450,0,0,0.0,0.0
219.530,21953,1,0.0,576308,0,0,0.0,0.0
219.540,21954,1,0.0,577580,0,0,0.0,0.0
219.550,21955,1,0.0,588945,0,0,0.0,0.0
219.560,21956,1,0.0,571426,0,0,0.0,0.0
219.570,21957,1,0.0,620566,0,0,0.0,0.0
219.580,21958,1,0.0,578119,0,0,0.0,0.0
219.590,21959,1,0.0,564319,0,0,0.0,0.0
219.600,21960,1,0.0,549086,0,0,0.0,0.0
219.610,21961,1,0.0,574511,0,0,0.0,0.0
219.620,21962,1,0.0,622726,0,0,0.0,0.0
219.630,21963,1,0.0,533301,0,0,0.0,0.0
219.640,21964,1,0.0,566338,0,0,0.0,0.0
219.650,21965,1,0.0,606320,0,0,0.0,0.0
219.660,21966,1,0.0,571102,0,0,0.0,0.0
219.670,21967,1,0.0,550691,0,0,0.0,0.0
219.680,21968,1,0.0,572779,0,0,0.0,0.0
219.690,21969,1,0.0,591901,0,0,0.0,0.0
219.700,21970,1,0.0,567813,0,0,0.0,0.0
219.710,21971,1,0.0,591759,0,0,0.0,0.0
219.720,21972,1,0.0,582776,0,0,0.0,0.0
219.730,21973,1,0.0,600102,0,0,0.0,0.0
219.740,21974,1,0.0,564014,0,0,0.0,0.0
219.750,21975,1,0.0,602636,0,0,0.0,0.0
219.760,21976,1,0.0,610540,0,0,0.0,0.0
219.770,21977,1,0.0,591201,0,0,0.0,0.0
219.780,21978,1,0.0,569868,0,0,0.0,0.0
219.790,21979,1,0.0,544054,0,0,0.0,0.0
219.800,21980,1,0.0,605818,0,0,0.0,0.0
219.810,21981,1,0.0,578521,0,0,0.0,0.0
219.820,21982,1,0.0,559408,0,0,0.0,0.0
219.830,21983,1,0.0,570100,0,0,0.0,0.0
219.840,21984,1,0.0,558929,0,0,0.0,0.0
219.850,21985,1,0.0,548796,0,0,0.0,0.0
219.860,21986,1,0.0,588723,0,0,0.0,0.0
219.870,21987,1,0.0,567753,0,0,0.0,0.0
219.880,21988,1,0.0,594884,0,0,0.0,0.0
219.890,21989,1,0.0,575568,0,0,0.0,0.0
219.900,21990,1,0.0,587064,0,0,0.0,0.0
219.910,21991,1,0.0,566668,0,0,0.0,0.0
219.920,21992,1,0.0,582935,0,0,0.0,0.0
219.930,21993,1,0.0,594863,0,0,0.0,0.0
219.940,21994,1,0.0,570327,0,0,0.0,0.0
219.950,21995,1,0.0,566149,0,0,0.0,0.0
219.960,21996,1,0.0,585836,0,0,0.0,0.0
219.970,21997,1,0.0,587121,0,0,0.0,0.0
219.980,21998,1,0.0,574320,0,0,0.0,0.0
219.990,21999,1,0.0,608256,0,0,0.0,0.0
220.000,22000,1,0.0,573369,0,0,0.0,0.0
220.010,22001,1,0.0,599652,0,0,0.0,0.0
220.020,22002,1,0.0,570994,0,0,0.0,0.0
220.030,22003,1,0.0,591025,0,0,0.0,0.0
220.040,22004,1,0.0,560751,0,0,0.0,0.0
220.050,22005,1,0.0,598975,0,0,0.0,0.0
220.060,22006,1,0.0,533282,0,0,0.0,0.0
220.070,22007,1,0.0,580476,0,0,0.0,0.0
220.080,22008,1,0.0,593745,0,0,0.0,0.0
220.090,22009,1,0.0,572368,0,0,0.0,0.0
220.100,22010,1,0.0,591635,0,0,0.0,0.0
220.110,22011,1,0.0,556478,0,0,0.0,0.0
220.120,22012,1,0.0,591097,0,0,0.0,0.0
220.130,22013,1,0.0,584773,0,0,0.0,0.0
220.140,22014,1,0.0,547695,0,0,0.0,0.0
220.150,22015,1,0.0,587055,0,0,0.0,0.0
220.160,22016,1,0.0,588419,0,0,0.0,0.0
220.170,22017,1,0.0,556156,0,0,0.0,0.0
220.180,22018,1,0.0,566567,0,0,0.0,0.0
220.190,22019,1,0.0,593327,0,0,0.0,0.0
220.200,22020,1,0.0,544028,0,0,0.0,0.0
220.210,22021,1,0.0,564274,0,0,0.0,0.0
220.220,22022,1,0.0,581808,0,0,0.0,0.0
220.230,22023,1,0.0,576769,0,0,0.0,0.0
220.240,22024,1,0.0,603204,0,0,0.0,0.0
220.250,22025,1,0.0,575051,0,0,0.0,0.0
220.260,22026,1,0.0,603723,0,0,0.0,0.0
220.270,22027,1,0.0,588414,0,0,0.0,0.0
220.280,22028,1,0.0,565942,0,0,0.0,0.0
220.290,22029,1,0.0,626781,0,0,0.0,0.0
220.300,22030,1,0.0,582454,0,0,0.0,0.0
220.310,22031,1,0.0,604278,0,0,0.0,0.0
220.320,22032,1,0.0,570500,0,0,0.0,0.0
220.330,22033,1,0.0,558508,0,0,0.0,0.0
220.340,22034,1,0.0,579850,0,0,0.0,0.0
220.350,22035,1,0.0,610007,0,0,0.0,0.0
220.360,22036,1,0.0,590167,0,0,0.0,0.0
220.370,22037,1,0.0,576297,0,0,0.0,0.0
220.380,22038,1,0.0,593698,0,0,0.0,0.0
220.390,22039,1,0.0,588131,0,0,0.0,0.0
220.400,22040,1,0.0,561158,0,0,0.0,0.0
220.410,22041,1,0.0,601431,0,0,0.0,0.0
220.420,22042,1,0.0,580261,0,0,0.0,0.0
220.430,22043,1,0.0,595113,0,0,0.0,0.0
220.440,22044,1,0.0,581187,0,0,0.0,0.0
220.450,22045,1,0.0,588733,0,0,0.0,0.0
220.460,22046,1,0.0,551078,0,0,0.0,0.0
220.470,22047,1,0.0,585958,0,0,0.0,0.0
220.480,22048,1,0.0,605885,0,0,0.0,0.0
220.490,22049,1,0.0,566558,0,0,0.0,0.0
220.500,22050,1,0.0,595059,0,0,0.0,0.0
220.510,22051,1,0.0,582708,0,0,0.0,0.0
220.520,22052,1,0.0,592918,0,0,0.0,0.0
220.530,22053,1,0.0,581565,0,0,0.0,0.0
220.540,22054,1,0.0,623323,0,0,0.0,0.0
220.550,22055,1,0.0,622316,0,0,0.0,0.0
220.560,22056,1,0.0,567496,0,0,0.0,0.0
220.570,22057,1,0.0,586895,0,0,0.0,0.0
220.580,22058,1,0.0,589477,0,0,0.0,0.0
220.590,22059,1,0.0,569634,0,0,0.0,0.0
220.600,22060,1,0.0,593124,0,0,0.0,0.0
220.610,22061,1,0.0,560336,0,0,0.0,0.0
220.620,22062,1,0.0,606165,0,0,0.0,0.0
220.630,22063,1,0.0,592557,0,0,0.0,0.0
220.640,22064,1,0.0,546031,0,0,0.0,0.0
220.650,22065,1,0.0,597075,0,0,0.0,0.0
220.660,22066,1,0.0,557561,0,0,0.0,0.0
220.670,22067,1,0.0,608880,0,0,0.0,0.0
220.680,22068,1,0.0,566364,0,0,0.0,0.0
220.690,22069,1,0.0,604604,0,0,0.0,0.0
220.700,22070,1,0.0,547415,0,0,0.0,0.0
220.710,22071,1,0.0,573579,0,0,0.0,0.0
220.720,22072,1,0.0,577476,0,0,0.0,0.0
220.730,22073,1,0.0,572209,0,0,0.0,0.0
220.740,22074,1,0.0,547228,0,0,0.0,0.0
220.750,22075,1,0.0,576947,0,0,0.0,0.0
220.760,22076,1,0.0,559017,0,0,0.0,0.0
220.770,22077,1,0.0,570561,0,0,0.0,0.0
220.780,22078,1,0.0,607445,0,0,0.0,0.0
220.790,22079,1,0.0,577950,0,0,0.0,0.0
220.800,22080,1,0.0,592032,0,0,0.0,0.0
220.810,22081,1,0.0,573295,0,0,0.0,0.0
220.820,22082,1,0.0,564802,0,0,0.0,0.0
220.830,22083,1,0.0,578173,0,0,0.0,0.0
220.840,22084,1,0.0,588711,0,0,0.0,0.0
220.850,22085,1,0.0,588085,0,0,0.0,0.0
220.860,22086,1,0.0,610277,0,0,0.0,0.0
220.870,22087,1,0.0,550903,0,0,0.0,0.0
220.880,22088,1,0.0,582072,0,0,0.0,0.0
220.890,22089,1,0.0,570005,0,0,0.0,0.0
220.900,22090,1,0.0,609612,0,0,0.0,0.0
220.910,22091,1,0.0,600493,0,0,0.0,0.0
220.920,22092,1,0.0,586205,0,0,0.0,0.0
220.930,22093,1,0.0,586523,0,0,0.0,0.0
220.940,22094,1,0.0,562707,0,0,0.0,0.0
220.950,22095,1,0.0,584315,0,0,0.0,0.0
220.960,22096,1,0.0,584883,0,0,0.0,0.0
220.970,22097,1,0.0,589460,0,0,0.0,0.0
220.980,22098,1,0.0,551915,0,0,0.0,0.0
220.990,22099,1,0.0,588391,0,0,0.0,0.0
221.000,22100,1,0.0,580018,0,0,0.0,0.0
221.010,22101,1,0.0,596456,0,0,0.0,0.0
221.020,22102,1,0.0,598524,0,0,0.0,0.0
221.030,22103,1,0.0,596556,0,0,0.0,0.0
221.040,22104,1,0.0,593061,0,0,0.0,0.0
221.050,22105,1,0.0,564284,0,0,0.0,0.0
221.060,22106,1,0.0,601757,0,0,0.0,0.0
221.070,22107,1,0.0,568324,0,0,0.0,0.0
221.080,22108,1,0.0,608442,0,0,0.0,0.0
221.090,22109,1,0.0,588768,0,0,0.0,0.0
221.100,22110,1,0.0,602917,0,0,0.0,0.0
221.110,22111,1,0.0,534058,0,0,0.0,0.0
221.120,22112,1,0.0,580951,0,0,0.0,0.0
221.130,22113,1,0.0,559334,0,0,0.0,0.0
221.140,22114,1,0.0,569155,0,0,0.0,0.0
221.150,22115,1,0.0,545492,0,0,0.0,0.0
221.160,22116,1,0.0,585499,0,0,0.0,0.0
221.170,22117,1,0.0,576119,0,0,0.0,0.0
221.180,22118,1,0.0,577632,0,0,0.0,0.0
221.190,22119,1,0.0,563576,0,0,0.0,0.0
221.200,22120,1,0.0,596480,0,0,0.0,0.0
221.210,22121,1,0.0,558772,0,0,0.0,0.0
221.220,22122,1,0.0,594149,0,0,0.0,0.0
221.230,22123,1,0.0,581936,0,0,0.0,0.0
221.240,22124,1,0.0,572037,0,0,0.0,0.0
221.250,22125,1,0.0,585810,0,0,0.0,0.0
221.260,22126,1,0.0,572267,0,0,0.0,0.0
221.270,22127,1,0.0,552600,0,0,0.0,0.0
221.280,22128,1,0.0,565910,0,0,0.0,0.0
221.290,22129,1,0.0,592940,0,0,0.0,0.0
221.300,22130,1,0.0,592872,0,0,0.0,0.0
221.310,22131,1,0.0,561034,0,0,0.0,0.0
221.320,22132,1,0.0,617447,0,0,0.0,0.0
221.330,22133,1,0.0,574772,0,0,0.0,0.0
221.340,22134,1,0.0,586188,0,0,0.0,0.0
221.350,22135,1,0.0,558215,0,0,0.0,0.0
221.360,22136,1,0.0,632483,0,0,0.0,0.0
221.370,22137,1,0.0,574726,0,0,0.0,0.0
221.380,22138,1,0.0,594526,0,0,0.0,0.0
221.390,22139,1,0.0,582906,0,0,0.0,0.0
221.400,22140,1,0.0,578653,0,0,0.0,0.0
221.410,22141,1,0.0,563068,0,0,0.0,0.0
221.420,22142,1,0.0,574839,0,0,0.0,0.0
221.430,22143,1,0.0,588474,0,0,0.0,0.0
221.440,22144,1,0.0,572120,0,0,0.0,0.0
221.450,22145,1,0.0,591042,0,0,0.0,0.0
221.460,22146,1,0.0,607792,0,0,0.0,0.0
221.470,22147,1,0.0,582467,0,0,0.0,0.0
221.480,22148,1,0.0,591620,0,0,0.0,0.0
221.490,22149,1,0.0,604944,0,0,0.0,0.0
221.500,22150,1,0.0,595807,0,0,0.0,0.0
221.510,22151,1,0.0,577073,0,0,0.0,0.0
221.520,22152,1,0.0,580092,0,0,0.0,0.0
221.530,22153,1,0.0,605684,0,0,0.0,0.0
221.540,22154,1,0.0,576517,0,0,0.0,0.0
221.550,22155,1,0.0,601535,0,0,0.0,0.0
221.560,22156,1,0.0,583536,0,0,0.0,0.0
221.570,22157,1,0.0,610211,0,0,0.0,0.0
221.580,22158,1,0.0,577218,0,0,0.0,0.0
221.590,22159,1,0.0,615807,0,0,0.0,0.0
221.600,22160,1,0.0,571462,0,0,0.0,0.0
221.610,22161,1,0.0,602722,0,0,0.0,0.0
221.620,22162,1,0.0,582877,0,0,0.0,0.0
221.630,22163,1,0.0,619720,0,0,0.0,0.0
221.640,22164,1,0.0,596912,0,0,0.0,0.0
221.650,22165,1,0.0,611327,0,0,0.0,0.0
221.660,22166,1,0.0,595081,0,0,0.0,0.0
221.670,22167,1,0.0,601586,0,0,0.0,0.0
221.680,22168,1,0.0,623872,0,0,0.0,0.0
221.690,22169,1,0.0,604954,0,0,0.0,0.0
221.700,22170,1,0.0,562277,0,0,0.0,0.0
221.710,22171,1,0.0,588824,0,0,0.0,0.0
221.720,22172,1,0.0,558786,0,0,0.0,0.0
221.730,22173,1,0.0,599474,0,0,0.0,0.0
221.740,22174,1,0.0,621555,0,0,0.0,0.0
221.750,22175,1,0.0,569274,0,0,0.0,0.0
221.760,22176,1,0.0,546712,0,0,0.0,0.0
221.770,22177,1,0.0,572829,0,0,0.0,0.0
221.780,22178,1,0.0,555420,0,0,0.0,0.0
221.790,22179,1,0.0,597494,0,0,0.0,0.0
221.800,22180,1,0.0,559317,0,0,0.0,0.0
221.810,22181,1,0.0,555976,0,0,0.0,0.0
221.820,22182,1,0.0,601052,0,0,0.0,0.0
221.830,22183,1,0.0,587837,0,0,0.0,0.0
221.840,22184,1,0.0,597015,0,0,0.0,0.0
221.850,22185,1,0.0,573225,0,0,0.0,0.0
221.860,22186,1,0.0,580572,0,0,0.0,0.0
221.870,22187,1,0.0,562819,0,0,0.0,0.0
221.880,22188,1,0.0,588455,0,0,0.0,0.0
221.890,22189,1,0.0,560362,0,0,0.0,0.0
221.900,22190,1,0.0,564202,0,0,0.0,0.0
221.910,22191,1,0.0,555185,0,0,0.0,0.0
221.920,22192,1,0.0,564266,0,0,0.0,0.0
221.930,22193,1,0.0,574498,0,0,0.0,0.0
221.940,22194,1,0.0,580471,0,0,0.0,0.0
221.950,22195,1,0.0,590776,0,0,0.0,0.0
221.960,22196,1,0.0,572226,0,0,0.0,0.0
221.970,22197,1,0.0,565229,0,0,0.0,0.0
221.980,22198,1,0.0,598422,0,0,0.0,0.0
221.990,22199,1,0.0,561928,0,0,0.0,0.0
222.000,22200,1,0.0,587405,0,0,0.0,0.0
222.010,22201,1,0.0,544100,0,0,0.0,0.0
222.020,22202,1,0.0,613063,0,0,0.0,0.0
222.030,22203,1,0.0,533400,0,0,0.0,0.0
222.040,22204,1,0.0,579338,0,0,0.0,0.0
222.050,22205,1,0.0,558120,0,0,0.0,0.0
222.060,22206,1,0.0,587594,0,0,0.0,0.0
222.070,22207,1,0.0,555626,0,0,0.0,0.0
222.080,22208,1,0.0,577774,0,0,0.0,0.0
222.090,22209,1,0.0,556091,0,0,0.0,0.0
222.100,22210,1,0.0,593301,0,0,0.0,0.0
222.110,22211,1,0.0,585150,0,0,0.0,0.0
222.120,22212,1,0.0,555337,0,0,0.0,0.0
222.130,22213,1,0.0,588206,0,0,0.0,0.0
222.140,22214,1,0.0,586922,0,0,0.0,0.0
222.150,22215,1,0.0,590060,0,0,0.0,0.0
222.160,22216,1,0.0,595217,0,0,0.0,0.0
222.170,22217,1,0.0,587931,0,0,0.0,0.0
222.180,22218,1,0.0,566555,0,0,0.0,0.0
222.190,22219,1,0.0,588512,0,0,0.0,0.0
222.200,22220,1,0.0,537460,0,0,0.0,0.0
222.210,22221,1,0.0,626127,0,0,0.0,0.0
222.220,22222,1,0.0,554106,0,0,0.0,0.0
222.230,22223,1,0.0,612585,0,0,0.0,0.0
222.240,22224,1,0.0,587918,0,0,0.0,0.0
222.250,22225,1,0.0,576483,0,0,0.0,0.0
222.260,22226,1,0.0,578969,0,0,0.0,0.0
222.270,22227,1,0.0,615895,0,0,0.0,0.0
222.280,22228,1,0.0,595495,0,0,0.0,0.0
222.290,22229,1,0.0,600206,0,0,0.0,0.0
222.300,22230,1,0.0,547165,0,0,0.0,0.0
222.310,22231,1,0.0,572525,0,0,0.0,0.0
222.320,22232,1,0.0,577154,0,0,0.0,0.0
222.330,22233,1,0.0,594930,0,0,0.0,0.0
222.340,22234,1,0.0,578083,0,0,0.0,0.0
222.350,22235,1,0.0,583656,0,0,0.0,0.0
222.360,22236,1,0.0,566465,0,0,0.0,0.0
222.370,22237,1,0.0,570297,0,0,0.0,0.0
222.380,22238,1,0.0,568241,0,0,0.0,0.0
222.390,22239,1,0.0,561583,0,0,0.0,0.0
222.400,22240,1,0.0,579188,0,0,0.0,0.0
222.410,22241,1,0.0,596944,0,0,0.0,0.0
222.420,22242,1,0.0,576883,0,0,0.0,0.0
222.430,22243,1,0.0,600167,0,0,0.0,0.0
222.440,22244,1,0.0,605910,0,0,0.0,0.0
222.450,22245,1,0.0,597977,0,0,0.0,0.0
222.460,22246,1,0.0,554117,0,0,0.0,0.0
222.470,22247,1,0.0,578657,0,0,0.0,0.0
222.480,22248,1,0.0,595511,0,0,0.0,0.0
222.490,22249,1,0.0,582256,0,0,0.0,0.0
222.500,22250,1,0.0,615785,0,0,0.0,0.0
222.510,22251,1,0.0,578726,0,0,0.0,0.0
222.520,22252,1,0.0,596040,0,0,0.0,0.0
222.530,22253,1,0.0,584388,0,0,0.0,0.0
222.540,22254,1,0.0,608299,0,0,0.0,0.0
222.550,22255,1,0.0,616766,0,0,0.0,0.0
222.560,22256,1,0.0,564902,0,0,0.0,0.0
222.570,22257,1,0.0,599680,0,0,0.0,0.0
222.580,22258,1,0.0,592957,0,0,0.0,0.0
222.590,22259,1,0.0,604433,0,0,0.0,0.0
222.600,22260,1,0.0,583765,0,0,0.0,0.0
222.610,22261,1,0.0,620177,0,0,0.0,0.0
222.620,22262,1,0.0,595778,0,0,0.0,0.0
222.630,22263,1,0.0,590966,0,0,0.0,0.0
222.640,22264,1,0.0,570227,0,0,0.0,0.0
222.650,22265,1,0.0,585962,0,0,0.0,0.0
222.660,22266,1,0.0,555117,0,0,0.0,0.0
222.670,22267,1,0.0,582914,0,0,0.0,0.0
222.680,22268,1,0.0,557330,0,0,0.0,0.0
222.690,22269,1,0.0,614713,0,0,0.0,0.0
222.700,22270,1,0.0,549869,0,0,0.0,0.0
222.710,22271,1,0.0,609385,0,0,0.0,0.0
222.720,22272,1,0.0,576067,0,0,0.0,0.0
222.730,22273,1,0.0,572938,0,0,0.0,0.0
222.740,22274,1,0.0,600818,0,0,0.0,0.0
222.750,22275,1,0.0,597271,0,0,0.0,0.0
222.760,22276,1,0.0,577117,0,0,0.0,0.0
222.770,22277,1,0.0,573900,0,0,0.0,0.0
222.780,22278,1,0.0,594283,0,0,0.0,0.0
222.790,22279,1,0.0,598910,0,0,0.0,0.0
222.800,22280,1,0.0,572933,0,0,0.0,0.0
222.810,22281,1,0.0,600938,0,0,0.0,0.0
222.820,22282,1,0.0,592390,0,0,0.0,0.0
222.830,22283,1,0.0,557990,0,0,0.0,0.0
222.840,22284,1,0.0,593266,0,0,0.0,0.0
222.850,22285,1,0.0,586062,0,0,0.0,0.0
222.860,22286,1,0.0,594450,0,0,0.0,0.0
222.870,22287,1,0.0,579335,0,0,0.0,0.0
222.880,22288,1,0.0,587525,0,0,0.0,0.0
222.890,22289,1,0.0,563951,0,0,0.0,0.0
222.900,22290,1,0.0,573815,0,0,0.0,0.0
222.910,22291,1,0.0,588570,0,0,0.0,0.0
222.920,22292,1,0.0,576496,0,0,0.0,0.0
222.930,22293,1,0.0,578543,0,0,0.0,0.0
222.940,22294,1,0.0,590696,0,0,0.0,0.0
222.950,22295,1,0.0,580641,0,0,0.0,0.0
222.960,22296,1,0.0,571697,0,0,0.0,0.0
222.970,22297,1,0.0,582048,0,0,0.0,0.0
222.980,22298,1,0.0,560573,0,0,0.0,0.0
222.990,22299,1,0.0,602416,0,0,0.0,0.0
223.000,22300,1,0.0,586899,0,0,0.0,0.0
223.010,22301,1,0.0,575546,0,0,0.0,0.0
223.020,22302,1,0.0,567398,0,0,0.0,0.0
223.030,22303,1,0.0,550074,0,0,0.0,0.0
223.040,22304,1,0.0,572488,0,0,0.0,0.0
223.050,22305,1,0.0,579229,0,0,0.0,0.0
223.060,22306,1,0.0,552907,0,0,0.0,0.0
223.070,22307,1,0.0,556267,0,0,0.0,0.0
223.080,22308,1,0.0,563143,0,0,0.0,0.0
223.090,22309,1,0.0,567843,0,0,0.0,0.0
223.100,22310,1,0.0,542620,0,0,0.0,0.0
223.110,22311,1,0.0,535068,0,0,0.0,0.0
223.120,22312,1,0.0,564246,0,0,0.0,0.0
223.130,22313,1,0.0,526754,0,0,0.0,0.0
223.140,22314,1,0.0,574236,0,0,0.0,0.0
223.150,22315,1,0.0,563396,0,0,0.0,0.0
223.160,22316,1,0.0,565686,0,0,0.0,0.0
223.170,22317,1,0.0,576342,0,0,0.0,0.0
223.180,22318,1,0.0,594440,0,0,0.0,0.0
223.190,22319,1,0.0,571430,0,0,0.0,0.0
223.200,22320,1,0.0,554818,0,0,0.0,0.0
223.210,22321,1,0.0,581472,0,0,0.0,0.0
223.220,22322,1,0.0,559533,0,0,0.0,0.0
223.230,22323,1,0.0,570832,0,0,0.0,0.0
223.240,22324,1,0.0,573008,0,0,0.0,0.0
223.250,22325,1,0.0,589600,0,0,0.0,0.0
223.260,22326,1,0.0,569223,0,0,0.0,0.0
223.270,22327,1,0.0,593520,0,0,0.0,0.0
223.280,22328,1,0.0,573913,0,0,0.0,0.0
223.290,22329,1,0.0,555303,0,0,0.0,0.0
223.300,22330,1,0.0,565026,0,0,0.0,0.0
223.310,22331,1,0.0,561449,0,0,0.0,0.0
223.320,22332,1,0.0,598915,0,0,0.0,0.0
223.330,22333,1,0.0,557291,0,0,0.0,0.0
223.340,22334,1,0.0,572519,0,0,0.0,0.0
223.350,22335,1,0.0,567629,0,0,0.0,0.0
223.360,22336,1,0.0,551975,0,0,0.0,0.0
223.370,22337,1,0.0,562779,0,0,0.0,0.0
223.380,22338,1,0.0,608530,0,0,0.0,0.0
223.390,22339,1,0.0,581531,0,0,0.0,0.0
223.400,22340,1,0.0,581717,0,0,0.0,0.0
223.410,22341,1,0.0,530214,0,0,0.0,0.0
223.420,22342,1,0.0,517614,0,0,0.0,0.0
223.430,22343,1,0.0,571717,0,0,0.0,0.0
223.440,22344,1,0.0,549059,0,0,0.0,0.0
223.450,22345,1,0.0,597716,0,0,0.0,0.0
223.460,22346,1,0.0,542104,0,0,0.0,0.0
223.470,22347,1,0.0,580447,0,0,0.0,0.0
223.480,22348,1,0.0,543203,0,0,0.0,0.0
223.490,22349,1,0.0,555012,0,0,0.0,0.0
223.500,22350,1,0.0,569334,0,0,0.0,0.0
223.510,22351,1,0.0,572187,0,0,0.0,0.0
223.520,22352,1,0.0,605812,0,0,0.0,0.0
223.530,22353,1,0.0,580388,0,0,0.0,0.0
223.540,22354,1,0.0,548255,0,0,0.0,0.0
223.550,22355,1,0.0,565271,0,0,0.0,0.0
223.560,22356,1,0.0,554130,0,0,0.0,0.0
223.570,22357,1,0.0,569573,0,0,0.0,0.0
223.580,22358,1,0.0,536409,0,0,0.0,0.0
223.590,22359,1,0.0,580081,0,0,0.0,0.0
223.600,22360,1,0.0,543544,0,0,0.0,0.0
223.610,22361,1,0.0,589763,0,0,0.0,0.0
223.620,22362,1,0.0,594434,0,0,0.0,0.0
223.630,22363,1,0.0,563864,0,0,0.0,0.0
223.640,22364,1,0.0,601554,0,0,0.0,0.0
223.650,22365,1,0.0,554666,0,0,0.0,0.0
223.660,22366,1,0.0,598476,0,0,0.0,0.0
223.670,22367,1,0.0,579517,0,0,0.0,0.0
223.680,22368,1,0.0,592999,0,0,0.0,0.0
223.690,22369,1,0.0,560377,0,0,0.0,0.0
223.700,22370,1,0.0,580364,0,0,0.0,0.0
223.710,22371,1,0.0,588847,0,0,0.0,0.0
223.720,22372,1,0.0,562053,0,0,0.0,0.0
223.730,22373,1,0.0,595868,0,0,0.0,0.0
223.740,22374,1,0.0,559196,0,0,0.0,0.0
223.750,22375,1,0.0,602345,0,0,0.0,0.0
223.760,22376,1,0.0,585478,0,0,0.0,0.0
223.770,22377,1,0.0,553260,0,0,0.0,0.0
223.780,22378,1,0.0,565577,0,0,0.0,0.0
223.790,22379,1,0.0,608734,0,0,0.0,0.0
223.800,22380,1,0.0,573961,0,0,0.0,0.0
223.810,22381,1,0.0,573627,0,0,0.0,0.0
223.820,22382,1,0.0,587208,0,0,0.0,0.0
223.830,22383,1,0.0,562246,0,0,0.0,0.0
223.840,22384,1,0.0,555830,0,0,0.0,0.0
223.850,22385,1,0.0,571554,0,0,0.0,0.0
223.860,22386,1,0.0,603984,0,0,0.0,0.0
223.870,22387,1,0.0,581642,0,0,0.0,0.0
223.880,22388,1,0.0,574230,0,0,0.0,0.0
223.890,22389,1,0.0,595080,0,0,0.0,0.0
223.900,22390,1,0.0,578117,0,0,0.0,0.0
223.910,22391,1,0.0,580328,0,0,0.0,0.0
223.920,22392,1,0.0,570860,0,0,0.0,0.0
223.930,22393,1,0.0,583894,0,0,0.0,0.0
223.940,22394,1,0.0,581887,0,0,0.0,0.0
223.950,22395,1,0.0,574643,0,0,0.0,0.0
223.960,22396,1,0.0,542186,0,0,0.0,0.0
223.970,22397,1,0.0,570033,0,0,0.0,0.0
223.980,22398,1,0.0,526783,0,0,0.0,0.0
223.990,22399,1,0.0,580023,0,0,0.0,0.0
224.000,22400,1,0.0,587072,0,0,0.0,0.0
224.010,22401,1,0.0,550205,0,0,0.0,0.0
224.020,22402,1,0.0,583517,0,0,0.0,0.0
224.030,22403,1,0.0,581884,0,0,0.0,0.0
224.040,22404,1,0.0,566502,0,0,0.0,0.0
224.050,22405,1,0.0,578353,0,0,0.0,0.0
224.060,22406,1,0.0,558488,0,0,0.0,0.0
224.070,22407,1,0.0,570568,0,0,0.0,0.0
224.080,22408,1,0.0,571187,0,0,0.0,0.0
224.090,22409,1,0.0,584218,0,0,0.0,0.0
224.100,22410,1,0.0,579198,0,0,0.0,0.0
224.110,22411,1,0.0,571083,0,0,0.0,0.0
224.120,22412,1,0.0,534301,0,0,0.0,0.0
224.130,22413,1,0.0,582893,0,0,0.0,0.0
224.140,22414,1,0.0,591421,0,0,0.0,0.0
224.150,22415,1,0.0,550912,0,0,0.0,0.0
224.160,22416,1,0.0,590154,0,0,0.0,0.0
224.170,22417,1,0.0,566642,0,0,0.0,0.0
224.180,22418,1,0.0,526143,0,0,0.0,0.0
224.190,22419,1,0.0,540635,0,0,0.0,0.0
224.200,22420,1,0.0,566530,0,0,0.0,0.0
224.210,22421,1,0.0,586641,0,0,0.0,0.0
224.220,22422,1,0.0,575728,0,0,0.0,0.0
224.230,22423,1,0.0,573833,0,0,0.0,0.0
224.240,22424,1,0.0,593232,0,0,0.0,0.0
224.250,22425,1,0.0,572708,0,0,0.0,0.0
224.260,22426,1,0.0,545698,0,0,0.0,0.0
224.270,22427,1,0.0,553214,0,0,0.0,0.0
224.280,22428,1,0.0,574940,0,0,0.0,0.0
224.290,22429,1,0.0,590798,0,0,0.0,0.0
224.300,22430,1,0.0,578180,0,0,0.0,0.0
224.310,22431,1,0.0,590129,0,0,0.0,0.0
224.320,22432,1,0.0,590389,0,0,0.0,0.0
224.330,22433,1,0.0,561502,0,0,0.0,0.0
224.340,22434,1,0.0,567375,0,0,0.0,0.0
224.350,22435,1,0.0,590927,0,0,0.0,0.0
224.360,22436,1,0.0,530148,0,0,0.0,0.0
224.370,22437,1,0.0,557347,0,0,0.0,0.0
224.380,22438,1,0.0,593004,0,0,0.0,0.0
224.390,22439,1,0.0,542563,0,0,0.0,0.0
224.400,22440,1,0.0,574485,0,0,0.0,0.0
224.410,22441,1,0.0,563007,0,0,0.0,0.0
224.420,22442,1,0.0,575144,0,0,0.0,0.0
224.430,22443,1,0.0,581947,0,0,0.0,0.0
224.440,22444,1,0.0,595180,0,0,0.0,0.0
224.450,22445,1,0.0,549575,0,0,0.0,0.0
224.460,22446,1,0.0,592758,0,0,0.0,0.0
224.470,22447,1,0.0,559991,0,0,0.0,0.0
224.480,22448,1,0.0,582470,0,0,0.0,0.0
224.490,22449,1,0.0,583181,0,0,0.0,0.0
224.500,22450,1,0.0,565383,0,0,0.0,0.0
224.510,22451,1,0.0,584815,0,0,0.0,0.0
224.520,22452,1,0.0,557044,0,0,0.0,0.0
224.530,22453,1,0.0,600546,0,0,0.0,0.0
224.540,22454,1,0.0,592623,0,0,0.0,0.0
224.550,22455,1,0.0,571397,0,0,0.0,0.0
224.560,22456,1,0.0,544088,0,0,0.0,0.0
224.570,22457,1,0.0,556397,0,0,0.0,0.0
224.580,22458,1,0.0,597600,0,0,0.0,0.0
224.590,22459,1,0.0,569699,0,0,0.0,0.0
224.600,22460,1,0.0,548810,0,0,0.0,0.0
224.610,22461,1,0.0,590882,0,0,0.0,0.0
224.620,22462,1,0.0,581360,0,0,0.0,0.0
224.630,22463,1,0.0,569138,0,0,0.0,0.0
224.640,22464,1,0.0,566633,0,0,0.0,0.0
224.650,22465,1,0.0,593928,0,0,0.0,0.0
224.660,22466,1,0.0,600905,0,0,0.0,0.0
224.670,22467,1,0.0,554221,0,0,0.0,0.0
224.680,22468,1,0.0,553837,0,0,0.0,0.0
224.690,22469,1,0.0,600906,0,0,0.0,0.0
224.700,22470,1,0.0,539925,0,0,0.0,0.0
224.710,22471,1,0.0,540012,0,0,0.0,0.0
224.720,22472,1,0.0,587573,0,0,0.0,0.0
224.730,22473,1,0.0,571206,0,0,0.0,0.0
224.740,22474,1,0.0,584214,0,0,0.0,0.0
224.750,22475,1,0.0,579239,0,0,0.0,0.0
224.760,22476,1,0.0,563522,0,0,0.0,0.0
224.770,22477,1,0.0,565373,0,0,0.0,0.0
224.780,22478,1,0.0,583302,0,0,0.0,0.0
224.790,22479,1,0.0,581396,0,0,0.0,0.0
224.800,22480,1,0.0,579922,0,0,0.0,0.0
224.810,22481,1,0.0,589356,0,0,0.0,0.0
224.820,22482,1,0.0,548707,0,0,0.0,0.0
224.830,22483,1,0.0,560814,0,0,0.0,0.0
224.840,22484,1,0.0,607593,0,0,0.0,0.0
224.850,22485,1,0.0,584657,0,0,0.0,0.0
224.860,22486,1,0.0,591449,0,0,0.0,0.0
224.870,22487,1,0.0,574992,0,0,0.0,0.0
224.880,22488,1,0.0,585257,0,0,0.0,0.0
224.890,22489,1,0.0,598792,0,0,0.0,0.0
224.900,22490,1,0.0,576662,0,0,0.0,0.0
224.910,22491,1,0.0,585922,0,0,0.0,0.0
224.920,22492,1,0.0,566605,0,0,0.0,0.0
224.930,22493,1,0.0,555558,0,0,0.0,0.0
224.940,22494,1,0.0,563079,0,0,0.0,0.0
224.950,22495,1,0.0,592050,0,0,0.0,0.0
224.960,22496,1,0.0,592719,0,0,0.0,0.0
224.970,22497,1,0.0,578258,0,0,0.0,0.0
224.980,22498,1,0.0,567618,0,0,0.0,0.0
224.990,22499,1,0.0,596708,0,0,0.0,0.0
225.000,22500,1,0.0,610987,0,0,0.0,0.0
225.010,22501,1,0.0,596146,0,0,0.0,0.0
225.020,22502,1,0.0,606256,0,0,0.0,0.0
225.030,22503,1,0.0,550853,0,0,0.0,0.0
225.040,22504,1,0.0,553636,0,0,0.0,0.0
225.050,22505,1,0.0,581283,0,0,0.0,0.0
225.060,22506,1,0.0,563328,0,0,0.0,0.0
225.070,22507,1,0.0,562830,0,0,0.0,0.0
225.080,22508,1,0.0,593825,0,0,0.0,0.0
225.090,22509,1,0.0,603646,0,0,0.0,0.0
225.100,22510,1,0.0,552627,0,0,0.0,0.0
225.110,22511,1,0.0,557203,0,0,0.0,0.0
225.120,22512,1,0.0,577642,0,0,0.0,0.0
225.130,22513,1,0.0,558253,0,0,0.0,0.0
225.140,22514,1,0.0,565166,0,0,0.0,0.0
225.150,22515,1,0.0,552665,0,0,0.0,0.0
225.160,22516,1,0.0,565683,0,0,0.0,0.0
225.170,22517,1,0.0,582887,0,0,0.0,0.0
225.180,22518,1,0.0,555956,0,0,0.0,0.0
225.190,22519,1,0.0,576302,0,0,0.0,0.0
225.200,22520,1,0.0,522935,0,0,0.0,0.0
225.210,22521,1,0.0,545657,0,0,0.0,0.0
225.220,22522,1,0.0,557726,0,0,0.0,0.0
225.230,22523,1,0.0,573319,0,0,0.0,0.0
225.240,22524,1,0.0,587977,0,0,0.0,0.0
225.250,22525,1,0.0,569004,0,0,0.0,0.0
225.260,22526,1,0.0,588167,0,0,0.0,0.0
225.270,22527,1,0.0,577500,0,0,0.0,0.0
225.280,22528,1,0.0,556233,0,0,0.0,0.0
225.290,22529,1,0.0,590488,0,0,0.0,0.0
225.300,22530,1,0.0,566040,0,0,0.0,0.0
225.310,22531,1,0.0,587361,0,0,0.0,0.0
225.320,22532,1,0.0,585416,0,0,0.0,0.0
225.330,22533,1,0.0,571305,0,0,0.0,0.0
225.340,22534,1,0.0,571457,0,0,0.0,0.0
225.350,22535,1,0.0,554760,0,0,0.0,0.0
225.360,22536,1,0.0,578577,0,0,0.0,0.0
225.370,22537,1,0.0,575762,0,0,0.0,0.0
225.380,22538,1,0.0,581614,0,0,0.0,0.0
225.390,22539,1,0.0,569300,0,0,0.0,0.0
225.400,22540,1,0.0,595021,0,0,0.0,0.0
225.410,22541,1,0.0,558859,0,0,0.0,0.0
225.420,22542,1,0.0,607574,0,0,0.0,0.0
225.430,22543,1,0.0,561512,0,0,0.0,0.0
225.440,22544,1,0.0,562952,0,0,0.0,0.0
225.450,22545,1,0.0,596619,0,0,0.0,0.0
225.460,22546,1,0.0,588373,0,0,0.0,0.0
225.470,22547,1,0.0,619576,0,0,0.0,0.0
225.480,22548,1,0.0,553379,0,0,0.0,0.0
225.490,22549,1,0.0,583539,0,0,0.0,0.0
225.500,22550,1,0.0,606952,0,0,0.0,0.0
225.510,22551,1,0.0,576210,0,0,0.0,0.0
225.520,22552,1,0.0,593077,0,0,0.0,0.0
225.530,22553,1,0.0,546158,0,0,0.0,0.0
225.540,22554,1,0.0,579102,0,0,0.0,0.0
225.550,22555,1,0.0,559733,0,0,0.0,0.0
225.560,22556,1,0.0,547504,0,0,0.0,0.0
225.570,22557,1,0.0,580569,0,0,0.0,0.0
225.580,22558,1,0.0,575347,0,0,0.0,0.0
225.590,22559,1,0.0,576664,0,0,0.0,0.0
225.600,22560,1,0.0,590152,0,0,0.0,0.0
225.610,22561,1,0.0,583490,0,0,0.0,0.0
225.620,22562,1,0.0,596125,0,0,0.0,0.0
225.630,22563,1,0.0,564849,0,0,0.0,0.0
225.640,22564,1,0.0,574525,0,0,0.0,0.0
225.650,22565,1,0.0,577066,0,0,0.0,0.0
225.660,22566,1,0.0,584419,0,0,0.0,0.0
225.670,22567,1,0.0,564294,0,0,0.0,0.0
225.680,22568,1,0.0,584462,0,0,0.0,0.0
225.690,22569,1,0.0,584517,0,0,0.0,0.0
225.700,22570,1,0.0,557241,0,0,0.0,0.0
225.710,22571,1,0.0,586171,0,0,0.0,0.0
225.720,22572,1,0.0,592575,0,0,0.0,0.0
225.730,22573,1,0.0,590435,0,0,0.0,0.0
225.740,22574,1,0.0,556732,0,0,0.0,0.0
225.750,22575,1,0.0,556895,0,0,0.0,0.0
225.760,22576,1,0.0,603550,0,0,0.0,0.0
225.770,22577,1,0.0,568667,0,0,0.0,0.0
225.780,22578,1,0.0,552759,0,0,0.0,0.0
225.790,22579,1,0.0,550060,0,0,0.0,0.0
225.800,22580,1,0.0,568432,0,0,0.0,0.0
225.810,22581,1,0.0,580097,0,0,0.0,0.0
225.820,22582,1,0.0,576119,0,0,0.0,0.0
225.830,22583,1,0.0,557540,0,0,0.0,0.0
225.840,22584,1,0.0,571721,0,0,0.0,0.0
225.850,22585,1,0.0,550635,0,0,0.0,0.0
225.860,22586,1,0.0,563472,0,0,0.0,0.0
225.870,22587,1,0.0,570148,0,0,0.0,0.0
225.880,22588,1,0.0,547635,0,0,0.0,0.0
225.890,22589,1,0.0,545000,0,0,0.0,0.0
225.900,22590,1,0.0,600394,0,0,0.0,0.0
225.910,22591,1,0.0,551279,0,0,0.0,0.0
225.920,22592,1,0.0,550914,0,0,0.0,0.0
225.930,22593,1,0.0,595251,0,0,0.0,0.0
225.940,22594,1,0.0,588433,0,0,0.0,0.0
225.950,22595,1,0.0,556325,0,0,0.0,0.0
225.960,22596,1,0.0,575958,0,0,0.0,0.0
225.970,22597,1,0.0,550676,0,0,0.0,0.0
225.980,22598,1,0.0,573844,0,0,0.0,0.0
225.990,22599,1,0.0,561745,0,0,0.0,0.0
226.000,22600,1,0.0,546213,0,0,0.0,0.0
226.010,22601,1,0.0,587698,0,0,0.0,0.0
226.020,22602,1,0.0,579878,0,0,0.0,0.0
226.030,22603,1,0.0,511211,0,0,0.0,0.0
226.040,22604,1,0.0,552254,0,0,0.0,0.0
226.050,22605,1,0.0,607394,0,0,0.0,0.0
226.060,22606,1,0.0,592320,0,0,0.0,0.0
226.070,22607,1,0.0,597066,0,0,0.0,0.0
226.080,22608,1,0.0,575216,0,0,0.0,0.0
226.090,22609,1,0.0,544896,0,0,0.0,0.0
226.100,22610,1,0.0,563916,0,0,0.0,0.0
226.110,22611,1,0.0,572823,0,0,0.0,0.0
226.120,22612,1,0.0,575379,0,0,0.0,0.0
226.130,22613,1,0.0,565207,0,0,0.0,0.0
226.140,22614,1,0.0,576226,0,0,0.0,0.0
226.150,22615,1,0.0,567010,0,0,0.0,0.0
226.160,22616,1,0.0,607247,0,0,0.0,0.0
226.170,22617,1,0.0,572778,0,0,0.0,0.0
226.180,22618,1,0.0,571656,0,0,0.0,0.0
226.190,22619,1,0.0,565098,0,0,0.0,0.0
226.200,22620,1,0.0,610935,0,0,0.0,0.0
226.210,22621,1,0.0,548319,0,0,0.0,0.0
226.220,22622,1,0.0,578669,0,0,0.0,0.0
226.230,22623,1,0.0,587425,0,0,0.0,0.0
226.240,22624,1,0.0,582035,0,0,0.0,0.0
226.250,22625,1,0.0,606805,0,0,0.0,0.0
226.260,22626,1,0.0,598971,0,0,0.0,0.0
226.270,22627,1,0.0,591336,0,0,0.0,0.0
226.280,22628,1,0.0,561803,0,0,0.0,0.0
226.290,22629,1,0.0,556719,0,0,0.0,0.0
226.300,22630,1,0.0,602045,0,0,0.0,0.0
226.310,22631,1,0.0,582666,0,0,0.0,0.0
226.320,22632,1,0.0,567590,0,0,0.0,0.0
226.330,22633,1,0.0,543882,0,0,0.0,0.0
226.340,22634,1,0.0,558010,0,0,0.0,0.0
226.350,22635,1,0.0,596678,0,0,0.0,0.0
226.360,22636,1,0.0,600782,0,0,0.0,0.0
226.370,22637,1,0.0,582431,0,0,0.0,0.0
226.380,22638,1,0.0,595018,0,0,0.0,0.0
226.390,22639,1,0.0,600848,0,0,0.0,0.0
226.400,22640,1,0.0,573721,0,0,0.0,0.0
226.410,22641,1,0.0,558228,0,0,0.0,0.0
226.420,22642,1,0.0,583112,0,0,0.0,0.0
226.430,22643,1,0.0,595512,0,0,0.0,0.0
226.440,22644,1,0.0,569006,0,0,0.0,0.0
226.450,22645,1,0.0,600429,0,0,0.0,0.0
226.460,22646,1,0.0,587335,0,0,0.0,0.0
226.470,22647,1,0.0,591172,0,0,0.0,0.0
226.480,22648,1,0.0,572562,0,0,0.0,0.0
226.490,22649,1,0.0,548104,0,0,0.0,0.0
226.500,22650,1,0.0,579459,0,0,0.0,0.0
226.510,22651,1,0.0,551873,0,0,0.0,0.0
226.520,22652,1,0.0,576239,0,0,0.0,0.0
226.530,22653,1,0.0,573750,0,0,0.0,0.0
226.540,22654,1,0.0,621790,0,0,0.0,0.0
226.550,22655,1,0.0,625791,0,0,0.0,0.0
226.560,22656,1,0.0,585140,0,0,0.0,0.0
226.570,22657,1,0.0,575287,0,0,0.0,0.0
226.580,22658,1,0.0,570954,0,0,0.0,0.0
226.590,22659,1,0.0,572351,0,0,0.0,0.0
226.600,22660,1,0.0,582521,0,0,0.0,0.0
226.610,22661,1,0.0,552637,0,0,0.0,0.0
226.620,22662,1,0.0,575563,0,0,0.0,0.0
226.630,22663,1,0.0,580962,0,0,0.0,0.0
226.640,22664,1,0.0,577875,0,0,0.0,0.0
226.650,22665,1,0.0,564233,0,0,0.0,0.0
226.660,22666,1,0.0,574187,0,0,0.0,0.0
226.670,22667,1,0.0,580195,0,0,0.0,0.0
226.680,22668,1,0.0,567748,0,0,0.0,0.0
226.690,22669,1,0.0,580609,0,0,0.0,0.0
226.700,22670,1,0.0,570039,0,0,0.0,0.0
226.710,22671,1,0.0,547793,0,0,0.0,0.0
226.720,22672,1,0.0,556845,0,0,0.0,0.0
226.730,22673,1,0.0,579448,0,0,0.0,0.0
226.740,22674,1,0.0,584125,0,0,0.0,0.0
226.750,22675,1,0.0,557645,0,0,0.0,0.0
226.760,22676,1,0.0,565898,0,0,0.0,0.0
226.770,22677,1,0.0,592976,0,0,0.0,0.0
226.780,22678,1,0.0,598271,0,0,0.0,0.0
226.790,22679,1,0.0,581894,0,0,0.0,0.0
226.800,22680,1,0.0,560383,0,0,0.0,0.0
226.810,22681,1,0.0,540546,0,0,0.0,0.0
226.820,22682,1,0.0,591513,0,0,0.0,0.0
226.830,22683,1,0.0,595317,0,0,0.0,0.0
226.840,22684,1,0.0,552016,0,0,0.0,0.0
226.850,22685,1,0.0,555418,0,0,0.0,0.0
226.860,22686,1,0.0,587311,0,0,0.0,0.0
226.870,22687,1,0.0,560780,0,0,0.0,0.0
226.880,22688,1,0.0,555512,0,0,0.0,0.0
226.890,22689,1,0.0,588884,0,0,0.0,0.0
226.900,22690,1,0.0,581441,0,0,0.0,0.0
226.910,22691,1,0.0,616801,0,0,0.0,0.0
226.920,22692,1,0.0,584400,0,0,0.0,0.0
226.930,22693,1,0.0,545979,0,0,0.0,0.0
226.940,22694,1,0.0,589956,0,0,0.0,0.0
226.950,22695,1,0.0,587805,0,0,0.0,0.0
226.960,22696,1,0.0,593221,0,0,0.0,0.0
226.970,22697,1,0.0,546619,0,0,0.0,0.0
226.980,22698,1,0.0,595478,0,0,0.0,0.0
226.990,22699,1,0.0,606374,0,0,0.0,0.0
227.000,22700,1,0.0,569882,0,0,0.0,0.0
227.010,22701,1,0.0,580471,0,0,0.0,0.0
227.020,22702,1,0.0,597092,0,0,0.0,0.0
227.030,22703,1,0.0,609487,0,0,0.0,0.0
227.040,22704,1,0.0,566851,0,0,0.0,0.0
227.050,22705,1,0.0,580410,0,0,0.0,0.0
227.060,22706,1,0.0,588687,0,0,0.0,0.0
227.070,22707,1,0.0,561047,0,0,0.0,0.0
227.080,22708,1,0.0,560374,0,0,0.0,0.0
227.090,22709,1,0.0,605013,0,0,0.0,0.0
227.100,22710,1,0.0,578611,0,0,0.0,0.0
227.110,22711,1,0.0,577798,0,0,0.0,0.0
227.120,22712,1,0.0,573668,0,0,0.0,0.0
227.130,22713,1,0.0,564303,0,0,0.0,0.0
227.140,22714,1,0.0,595095,0,0,0.0,0.0
227.150,22715,1,0.0,563074,0,0,0.0,0.0
227.160,22716,1,0.0,596162,0,0,0.0,0.0
227.170,22717,1,0.0,571915,0,0,0.0,0.0
227.180,22718,1,0.0,591871,0,0,0.0,0.0
227.190,22719,1,0.0,589130,0,0,0.0,0.0
227.200,22720,1,0.0,603458,0,0,0.0,0.0
227.210,22721,1,0.0,580189,0,0,0.0,0.0
227.220,22722,1,0.0,577779,0,0,0.0,0.0
227.230,22723,1,0.0,550390,0,0,0.0,0.0
227.240,22724,1,0.0,596634,0,0,0.0,0.0
227.250,22725,1,0.0,564311,0,0,0.0,0.0
227.260,22726,1,0.0,589257,0,0,0.0,0.0
227.270,22727,1,0.0,591024,0,0,0.0,0.0
227.280,22728,1,0.0,596177,0,0,0.0,0.0
227.290,22729,1,0.0,555230,0,0,0.0,0.0
227.300,22730,1,0.0,562885,0,0,0.0,0.0
227.310,22731,1,0.0,566413,0,0,0.0,0.0
227.320,22732,1,0.0,602764,0,0,0.0,0.0
227.330,22733,1,0.0,584757,0,0,0.0,0.0
227.340,22734,1,0.0,530979,0,0,0.0,0.0
227.350,22735,1,0.0,544197,0,0,0.0,0.0
227.360,22736,1,0.0,590782,0,0,0.0,0.0
227.370,22737,1,0.0,573591,0,0,0.0,0.0
227.380,22738,1,0.0,600028,0,0,0.0,0.0
227.390,22739,1,0.0,534230,0,0,0.0,0.0
227.400,22740,1,0.0,564021,0,0,0.0,0.0
227.410,22741,1,0.0,598184,0,0,0.0,0.0
227.420,22742,1,0.0,580550,0,0,0.0,0.0
227.430,22743,1,0.0,572587,0,0,0.0,0.0
227.440,22744,1,0.0,605842,0,0,0.0,0.0
227.450,22745,1,0.0,549120,0,0,0.0,0.0
227.460,22746,1,0.0,540901,0,0,0.0,0.0
227.470,22747,1,0.0,584336,0,0,0.0,0.0
227.480,22748,1,0.0,579847,0,0,0.0,0.0
227.490,22749,1,0.0,564418,0,0,0.0,0.0
227.500,22750,1,0.0,603355,0,0,0.0,0.0
227.510,22751,1,0.0,577779,0,0,0.0,0.0
227.520,22752,1,0.0,572231,0,0,0.0,0.0
227.530,22753,1,0.0,583046,0,0,0.0,0.0
227.540,22754,1,0.0,561237,0,0,0.0,0.0
227.550,22755,1,0.0,559902,0,0,0.0,0.0
227.560,22756,1,0.0,574111,0,0,0.0,0.0
227.570,22757,1,0.0,573680,0,0,0.0,0.0
227.580,22758,1,0.0,592256,0,0,0.0,0.0
227.590,22759,1,0.0,588467,0,0,0.0,0.0
227.600,22760,1,0.0,574470,0,0,0.0,0.0
227.610,22761,1,0.0,565372,0,0,0.0,0.0
227.620,22762,1,0.0,560814,0,0,0.0,0.0
227.630,22763,1,0.0,574197,0,0,0.0,0.0
227.640,22764,1,0.0,601006,0,0,0.0,0.0
227.650,22765,1,0.0,567928,0,0,0.0,0.0
227.660,22766,1,0.0,597922,0,0,0.0,0.0
227.670,22767,1,0.0,561282,0,0,0.0,0.0
227.680,22768,1,0.0,571298,0,0,0.0,0.0
227.690,22769,1,0.0,620311,0,0,0.0,0.0
227.700,22770,1,0.0,569849,0,0,0.0,0.0
227.710,22771,1,0.0,565485,0,0,0.0,0.0
227.720,22772,1,0.0,581544,0,0,0.0,0.0
227.730,22773,1,0.0,570779,0,0,0.0,0.0
227.740,22774,1,0.0,576345,0,0,0.0,0.0
227.750,22775,1,0.0,539143,0,0,0.0,0.0
227.760,22776,1,0.0,603895,0,0,0.0,0.0
227.770,22777,1,0.0,584965,0,0,0.0,0.0
227.780,22778,1,0.0,562534,0,0,0.0,0.0
227.790,22779,1,0.0,560287,0,0,0.0,0.0
227.800,22780,1,0.0,565452,0,0,0.0,0.0
227.810,22781,1,0.0,577260,0,0,0.0,0.0
227.820,22782,1,0.0,569736,0,0,0.0,0.0
227.830,22783,1,0.0,564817,0,0,0.0,0.0
227.840,22784,1,0.0,569739,0,0,0.0,0.0
227.850,22785,1,0.0,565912,0,0,0.0,0.0
227.860,22786,1,0.0,561107,0,0,0.0,0.0
227.870,22787,1,0.0,580629,0,0,0.0,0.0
227.880,22788,1,0.0,585894,0,0,0.0,0.0
227.890,22789,1,0.0,561814,0,0,0.0,0.0
227.900,22790,1,0.0,551370,0,0,0.0,0.0
227.910,22791,1,0.0,574775,0,0,0.0,0.0
227.920,22792,1,0.0,567147,0,0,0.0,0.0
227.930,22793,1,0.0,574284,0,0,0.0,0.0
227.940,22794,1,0.0,555410,0,0,0.0,0.0
227.950,22795,1,0.0,596170,0,0,0.0,0.0
227.960,22796,1,0.0,583252,0,0,0.0,0.0
227.970,22797,1,0.0,568790,0,0,0.0,0.0
227.980,22798,1,0.0,538891,0,0,0.0,0.0
227.990,22799,1,0.0,572688,0,0,0.0,0.0
228.000,22800,1,0.0,600166,0,0,0.0,0.0
228.010,22801,1,0.0,557712,0,0,0.0,0.0
228.020,22802,1,0.0,573200,0,0,0.0,0.0
228.030,22803,1,0.0,612070,0,0,0.0,0.0
228.040,22804,1,0.0,561235,0,0,0.0,0.0
228.050,22805,1,0.0,558995,0,0,0.0,0.0
228.060,22806,1,0.0,561584,0,0,0.0,0.0
228.070,22807,1,0.0,562710,0,0,0.0,0.0
228.080,22808,1,0.0,542127,0,0,0.0,0.0
228.090,22809,1,0.0,578616,0,0,0.0,0.0
228.100,22810,1,0.0,541668,0,0,0.0,0.0
228.110,22811,1,0.0,563904,0,0,0.0,0.0
228.120,22812,1,0.0,569970,0,0,0.0,0.0
228.130,22813,1,0.0,583373,0,0,0.0,0.0
228.140,22814,1,0.0,581393,0,0,0.0,0.0
228.150,22815,1,0.0,590401,0,0,0.0,0.0
228.160,22816,1,0.0,621276,0,0,0.0,0.0
228.170,22817,1,0.0,600809,0,0,0.0,0.0
228.180,22818,1,0.0,568612,0,0,0.0,0.0
228.190,22819,1,0.0,546242,0,0,0.0,0.0
228.200,22820,1,0.0,546385,0,0,0.0,0.0
228.210,22821,1,0.0,586016,0,0,0.0,0.0
228.220,22822,1,0.0,594637,0,0,0.0,0.0
228.230,22823,1,0.0,578677,0,0,0.0,0.0
228.240,22824,1,0.0,563130,0,0,0.0,0.0
228.250,22825,1,0.0,549042,0,0,0.0,0.0
228.260,22826,1,0.0,590958,0,0,0.0,0.0
228.270,22827,1,0.0,588444,0,0,0.0,0.0
228.280,22828,1,0.0,556898,0,0,0.0,0.0
228.290,22829,1,0.0,609654,0,0,0.0,0.0
228.300,22830,1,0.0,580787,0,0,0.0,0.0
228.310,22831,1,0.0,588852,0,0,0.0,0.0
228.320,22832,1,0.0,588894,0,0,0.0,0.0
228.330,22833,1,0.0,586325,0,0,0.0,0.0
228.340,22834,1,0.0,566255,0,0,0.0,0.0
228.350,22835,1,0.0,583042,0,0,0.0,0.0
228.360,22836,1,0.0,565011,0,0,0.0,0.0
228.370,22837,1,0.0,579211,0,0,0.0,0.0
228.380,22838,1,0.0,586749,0,0,0.0,0.0
228.390,22839,1,0.0,572937,0,0,0.0,0.0
228.400,22840,1,0.0,600639,0,0,0.0,0.0
228.410,22841,1,0.0,600046,0,0,0.0,0.0
228.420,22842,1,0.0,582144,0,0,0.0,0.0
228.430,22843,1,0.0,599616,0,0,0.0,0.0
228.440,22844,1,0.0,552342,0,0,0.0,0.0
228.450,22845,1,0.0,552065,0,0,0.0,0.0
228.460,22846,1,0.0,568320,0,0,0.0,0.0
228.470,22847,1,0.0,562016,0,0,0.0,0.0
228.480,22848,1,0.0,586031,0,0,0.0,0.0
228.490,22849,1,0.0,577429,0,0,0.0,0.0
228.500,22850,1,0.0,569644,0,0,0.0,0.0
228.510,22851,1,0.0,568092,0,0,0.0,0.0
228.520,22852,1,0.0,579455,0,0,0.0,0.0
228.530,22853,1,0.0,579484,0,0,0.0,0.0
228.540,22854,1,0.0,539545,0,0,0.0,0.0
228.550,22855,1,0.0,574299,0,0,0.0,0.0
228.560,22856,1,0.0,559843,0,0,0.0,0.0
228.570,22857,1,0.0,609159,0,0,0.0,0.0
228.580,22858,1,0.0,580862,0,0,0.0,0.0
228.590,22859,1,0.0,568904,0,0,0.0,0.0
228.600,22860,1,0.0,586584,0,0,0.0,0.0
228.610,22861,1,0.0,541945,0,0,0.0,0.0
228.620,22862,1,0.0,579378,0,0,0.0,0.0
228.630,22863,1,0.0,587834,0,0,0.0,0.0
228.640,22864,1,0.0,589755,0,0,0.0,0.0
228.650,22865,1,0.0,563889,0,0,0.0,0.0
228.660,22866,1,0.0,574672,0,0,0.0,0.0
228.670,22867,1,0.0,634074,0,0,0.0,0.0
228.680,22868,1,0.0,577805,0,0,0.0,0.0
228.690,22869,1,0.0,562013,0,0,0.0,0.0
228.700,22870,1,0.0,586582,0,0,0.0,0.0
228.710,22871,1,0.0,552292,0,0,0.0,0.0
228.720,22872,1,0.0,578491,0,0,0.0,0.0
228.730,22873,1,0.0,580205,0,0,0.0,0.0
228.740,22874,1,0.0,613061,0,0,0.0,0.0
228.750,22875,1,0.0,596851,0,0,0.0,0.0
228.760,22876,1,0.0,579309,0,0,0.0,0.0
228.770,22877,1,0.0,546340,0,0,0.0,0.0
228.780,22878,1,0.0,572693,0,0,0.0,0.0
228.790,22879,1,0.0,597994,0,0,0.0,0.0
228.800,22880,1,0.0,586625,0,0,0.0,0.0
228.810,22881,1,0.0,575475,0,0,0.0,0.0
228.820,22882,1,0.0,569436,0,0,0.0,0.0
228.830,22883,1,0.0,571746,0,0,0.0,0.0
228.840,22884,1,0.0,596533,0,0,0.0,0.0
228.850,22885,1,0.0,588636,0,0,0.0,0.0
228.860,22886,1,0.0,613668,0,0,0.0,0.0
228.870,22887,1,0.0,561710,0,0,0.0,0.0
228.880,22888,1,0.0,606389,0,0,0.0,0.0
228.890,22889,1,0.0,613039,0,0,0.0,0.0
228.900,22890,1,0.0,573439,0,0,0.0,0.0
228.910,22891,1,0.0,556050,0,0,0.0,0.0
228.920,22892,1,0.0,607736,0,0,0.0,0.0
228.930,22893,1,0.0,586727,0,0,0.0,0.0
228.940,22894,1,0.0,626920,0,0,0.0,0.0
228.950,22895,1,0.0,577312,0,0,0.0,0.0
228.960,22896,1,0.0,626279,0,0,0.0,0.0
228.970,22897,1,0.0,572134,0,0,0.0,0.0
228.980,22898,1,0.0,591822,0,0,0.0,0.0
228.990,22899,1,0.0,576106,0,0,0.0,0.0
229.000,22900,1,0.0,600608,0,0,0.0,0.0
229.010,22901,1,0.0,584813,0,0,0.0,0.0
229.020,22902,1,0.0,565479,0,0,0.0,0.0
229.030,22903,1,0.0,582195,0,0,0.0,0.0
229.040,22904,1,0.0,582307,0,0,0.0,0.0
229.050,22905,1,0.0,543609,0,0,0.0,0.0
229.060,22906,1,0.0,576470,0,0,0.0,0.0
229.070,22907,1,0.0,602786,0,0,0.0,0.0
229.080,22908,1,0.0,592421,0,0,0.0,0.0
229.090,22909,1,0.0,594563,0,0,0.0,0.0
229.100,22910,1,0.0,558842,0,0,0.0,0.0
229.110,22911,1,0.0,583214,0,0,0.0,0.0
229.120,22912,1,0.0,590493,0,0,0.0,0.0
229.130,22913,1,0.0,585632,0,0,0.0,0.0
229.140,22914,1,0.0,586610,0,0,0.0,0.0
229.150,22915,1,0.0,577196,0,0,0.0,0.0
229.160,22916,1,0.0,582745,0,0,0.0,0.0
229.170,22917,1,0.0,596121,0,0,0.0,0.0
229.180,22918,1,0.0,597284,0,0,0.0,0.0
229.190,22919,1,0.0,532258,0,0,0.0,0.0
229.200,22920,1,0.0,590726,0,0,0.0,0.0
229.210,22921,1,0.0,601172,0,0,0.0,0.0
229.220,22922,1,0.0,589443,0,0,0.0,0.0
229.230,22923,1,0.0,574536,0,0,0.0,0.0
229.240,22924,1,0.0,607781,0,0,0.0,0.0
229.250,22925,1,0.0,597581,0,0,0.0,0.0
229.260,22926,1,0.0,569120,0,0,0.0,0.0
229.270,22927,1,0.0,599499,0,0,0.0,0.0
229.280,22928,1,0.0,584867,0,0,0.0,0.0
229.290,22929,1,0.0,556163,0,0,0.0,0.0
229.300,22930,1,0.0,607187,0,0,0.0,0.0
229.310,22931,1,0.0,544212,0,0,0.0,0.0
229.320,22932,1,0.0,600237,0,0,0.0,0.0
229.330,22933,1,0.0,574753,0,0,0.0,0.0
229.340,22934,1,0.0,551932,0,0,0.0,0.0
229.350,22935,1,0.0,547320,0,0,0.0,0.0
229.360,22936,1,0.0,576072,0,0,0.0,0.0
229.370,22937,1,0.0,602195,0,0,0.0,0.0
229.380,22938,1,0.0,580087,0,0,0.0,0.0
229.390,22939,1,0.0,585368,0,0,0.0,0.0
229.400,22940,1,0.0,568480,0,0,0.0,0.0
229.410,22941,1,0.0,596426,0,0,0.0,0.0
229.420,22942,1,0.0,565696,0,0,0.0,0.0
229.430,22943,1,0.0,576863,0,0,0.0,0.0
229.440,22944,1,0.0,553903,0,0,0.0,0.0
229.450,22945,1,0.0,554089,0,0,0.0,0.0
229.460,22946,1,0.0,582137,0,0,0.0,0.0
229.470,22947,1,0.0,570231,0,0,0.0,0.0
229.480,22948,1,0.0,561212,0,0,0.0,0.0
229.490,22949,1,0.0,579957,0,0,0.0,0.0
229.500,22950,1,0.0,594175,0,0,0.0,0.0
229.510,22951,1,0.0,585780,0,0,0.0,0.0
229.520,22952,1,0.0,570491,0,0,0.0,0.0
229.530,22953,1,0.0,573378,0,0,0.0,0.0
229.540,22954,1,0.0,555994,0,0,0.0,0.0
229.550,22955,1,0.0,543175,0,0,0.0,0.0
229.560,22956,1,0.0,590889,0,0,0.0,0.0
229.570,22957,1,0.0,586324,0,0,0.0,0.0
229.580,22958,1,0.0,567862,0,0,0.0,0.0
229.590,22959,1,0.0,587329,0,0,0.0,0.0
229.600,22960,1,0.0,587820,0,0,0.0,0.0
229.610,22961,1,0.0,569247,0,0,0.0,0.0
229.620,22962,1,0.0,600044,0,0,0.0,0.0
229.630,22963,1,0.0,570659,0,0,0.0,0.0
229.640,22964,1,0.0,605020,0,0,0.0,0.0
229.650,22965,1,0.0,593614,0,0,0.0,0.0
229.660,22966,1,0.0,612583,0,0,0.0,0.0
229.670,22967,1,0.0,613865,0,0,0.0,0.0
229.680,22968,1,0.0,594680,0,0,0.0,0.0
229.690,22969,1,0.0,574173,0,0,0.0,0.0
229.700,22970,1,0.0,586679,0,0,0.0,0.0
229.710,22971,1,0.0,569336,0,0,0.0,0.0
229.720,22972,1,0.0,548772,0,0,0.0,0.0
229.730,22973,1,0.0,577545,0,0,0.0,0.0
229.740,22974,1,0.0,594404,0,0,0.0,0.0
229.750,22975,1,0.0,557711,0,0,0.0,0.0
229.760,22976,1,0.0,615091,0,0,0.0,0.0
229.770,22977,1,0.0,580744,0,0,0.0,0.0
229.780,22978,1,0.0,573696,0,0,0.0,0.0
229.790,22979,1,0.0,561270,0,0,0.0,0.0
229.800,22980,1,0.0,573282,0,0,0.0,0.0
229.810,22981,1,0.0,569715,0,0,0.0,0.0
229.820,22982,1,0.0,561530,0,0,0.0,0.0
229.830,22983,1,0.0,583732,0,0,0.0,0.0
229.840,22984,1,0.0,577104,0,0,0.0,0.0
229.850,22985,1,0.0,595240,0,0,0.0,0.0
229.860,22986,1,0.0,552239,0,0,0.0,0.0
229.870,22987,1,0.0,567457,0,0,0.0,0.0
229.880,22988,1,0.0,593809,0,0,0.0,0.0
229.890,22989,1,0.0,576532,0,0,0.0,0.0
229.900,22990,1,0.0,561108,0,0,0.0,0.0
229.910,22991,1,0.0,562737,0,0,0.0,0.0
229.920,22992,1,0.0,546761,0,0,0.0,0.0
229.930,22993,1,0.0,560757,0,0,0.0,0.0
229.940,22994,1,0.0,588921,0,0,0.0,0.0
229.950,22995,1,0.0,557255,0,0,0.0,0.0
229.960,22996,1,0.0,585959,0,0,0.0,0.0
229.970,22997,1,0.0,584621,0,0,0.0,0.0
229.980,22998,1,0.0,562599,0,0,0.0,0.0
229.990,22999,1,0.0,559506,0,0,0.0,0.0
230.000,23000,1,0.0,567063,0,0,0.0,0.0
230.010,23001,1,0.0,575683,0,0,0.0,0.0
230.020,23002,1,0.0,591860,0,0,0.0,0.0
230.030,23003,1,0.0,587589,0,0,0.0,0.0
230.040,23004,1,0.0,574596,0,0,0.0,0.0
230.050,23005,1,0.0,550843,0,0,0.0,0.0
230.060,23006,1,0.0,589760,0,0,0.0,0.0
230.070,23007,1,0.0,590769,0,0,0.0,0.0
230.080,23008,1,0.0,568090,0,0,0.0,0.0
230.090,23009,1,0.0,555314,0,0,0.0,0.0
230.100,23010,1,0.0,587846,0,0,0.0,0.0
230.110,23011,1,0.0,575734,0,0,0.0,0.0
230.120,23012,1,0.0,607655,0,0,0.0,0.0
230.130,23013,1,0.0,574632,0,0,0.0,0.0
230.140,23014,1,0.0,592092,0,0,0.0,0.0
230.150,23015,1,0.0,574276,0,0,0.0,0.0
230.160,23016,1,0.0,537354,0,0,0.0,0.0
230.170,23017,1,0.0,548693,0,0,0.0,0.0
230.180,23018,1,0.0,580541,0,0,0.0,0.0
230.190,23019,1,0.0,543942,0,0,0.0,0.0
230.200,23020,1,0.0,562490,0,0,0.0,0.0
230.210,23021,1,0.0,577423,0,0,0.0,0.0
230.220,23022,1,0.0,556458,0,0,0.0,0.0
230.230,23023,1,0.0,570436,0,0,0.0,0.0
230.240,23024,1,0.0,560920,0,0,0.0,0.0
230.250,23025,1,0.0,565492,0,0,0.0,0.0
230.260,23026,1,0.0,550877,0,0,0.0,0.0
230.270,23027,1,0.0,553502,0,0,0.0,0.0
230.280,23028,1,0.0,565261,0,0,0.0,0.0
230.290,23029,1,0.0,580712,0,0,0.0,0.0
230.300,23030,1,0.0,525750,0,0,0.0,0.0
230.310,23031,1,0.0,585086,0,0,0.0,0.0
230.320,23032,1,0.0,558826,0,0,0.0,0.0
230.330,23033,1,0.0,555031,0,0,0.0,0.0
230.340,23034,1,0.0,567840,0,0,0.0,0.0
230.350,23035,1,0.0,575168,0,0,0.0,0.0
230.360,23036,1,0.0,591422,0,0,0.0,0.0
230.370,23037,1,0.0,580822,0,0,0.0,0.0
230.380,23038,1,0.0,572759,0,0,0.0,0.0
230.390,23039,1,0.0,549401,0,0,0.0,0.0
230.400,23040,1,0.0,588152,0,0,0.0,0.0
230.410,23041,1,0.0,592265,0,0,0.0,0.0
230.420,23042,1,0.0,584434,0,0,0.0,0.0
230.430,23043,1,0.0,601508,0,0,0.0,0.0
230.440,23044,1,0.0,603561,0,0,0.0,0.0
230.450,23045,1,0.0,566228,0,0,0.0,0.0
230.460,23046,1,0.0,580958,0,0,0.0,0.0
230.470,23047,1,0.0,612439,0,0,0.0,0.0
230.480,23048,1,0.0,582593,0,0,0.0,0.0
230.490,23049,1,0.0,576929,0,0,0.0,0.0
230.500,23050,1,0.0,587058,0,0,0.0,0.0
230.510,23051,1,0.0,560116,0,0,0.0,0.0
230.520,23052,1,0.0,564426,0,0,0.0,0.0
230.530,23053,1,0.0,586255,0,0,0.0,0.0
230.540,23054,1,0.0,551746,0,0,0.0,0.0
230.550,23055,1,0.0,587492,0,0,0.0,0.0
230.560,23056,1,0.0,582721,0,0,0.0,0.0
230.570,23057,1,0.0,551726,0,0,0.0,0.0
230.580,23058,1,0.0,574968,0,0,0.0,0.0
230.590,23059,1,0.0,585138,0,0,0.0,0.0
230.600,23060,1,0.0,543711,0,0,0.0,0.0
230.610,23061,1,0.0,560094,0,0,0.0,0.0
230.620,23062,1,0.0,561490,0,0,0.0,0.0
230.630,23063,1,0.0,572139,0,0,0.0,0.0
230.640,23064,1,0.0,588839,0,0,0.0,0.0
230.650,23065,1,0.0,578312,0,0,0.0,0.0
230.660,23066,1,0.0,555463,0,0,0.0,0.0
230.670,23067,1,0.0,586414,0,0,0.0,0.0
230.680,23068,1,0.0,586308,0,0,0.0,0.0
230.690,23069,1,0.0,610068,0,0,0.0,0.0
230.700,23070,1,0.0,586111,0,0,0.0,0.0
230.710,23071,1,0.0,589687,0,0,0.0,0.0
230.720,23072,1,0.0,579075,0,0,0.0,0.0
230.730,23073,1,0.0,541512,0,0,0.0,0.0
230.740,23074,1,0.0,573600,0,0,0.0,0.0
230.750,23075,1,0.0,561078,0,0,0.0,0.0
230.760,23076,1,0.0,563934,0,0,0.0,0.0
230.770,23077,1,0.0,588585,0,0,0.0,0.0
230.780,23078,1,0.0,575630,0,0,0.0,0.0
230.790,23079,1,0.0,600592,0,0,0.0,0.0
230.800,23080,1,0.0,594761,0,0,0.0,0.0
230.810,23081,1,0.0,599081,0,0,0.0,0.0
230.820,23082,1,0.0,552395,0,0,0.0,0.0
230.830,23083,1,0.0,563261,0,0,0.0,0.0
230.840,23084,1,0.0,566620,0,0,0.0,0.0
230.850,23085,1,0.0,564440,0,0,0.0,0.0
230.860,23086,1,0.0,567634,0,0,0.0,0.0
230.870,23087,1,0.0,572446,0,0,0.0,0.0
230.880,23088,1,0.0,578454,0,0,0.0,0.0
230.890,23089,1,0.0,566938,0,0,0.0,0.0
230.900,23090,1,0.0,545209,0,0,0.0,0.0
230.910,23091,1,0.0,568499,0,0,0.0,0.0
230.920,23092,1,0.0,572524,0,0,0.0,0.0
230.930,23093,1,0.0,526294,0,0,0.0,0.0
230.940,23094,1,0.0,545940,0,0,0.0,0.0
230.950,23095,1,0.0,572389,0,0,0.0,0.0
230.960,23096,1,0.0,574864,0,0,0.0,0.0
230.970,23097,1,0.0,592515,0,0,0.0,0.0
230.980,23098,1,0.0,602183,0,0,0.0,0.0
230.990,23099,1,0.0,571659,0,0,0.0,0.0
231.000,23100,1,0.0,595313,0,0,0.0,0.0
231.010,23101,1,0.0,594743,0,0,0.0,0.0
231.020,23102,1,0.0,560607,0,0,0.0,0.0
231.030,23103,1,0.0,581990,0,0,0.0,0.0
231.040,23104,1,0.0,573460,0,0,0.0,0.0
231.050,23105,1,0.0,575664,0,0,0.0,0.0
231.060,23106,1,0.0,594997,0,0,0.0,0.0
231.070,23107,1,0.0,561887,0,0,0.0,0.0
231.080,23108,1,0.0,556708,0,0,0.0,0.0
231.090,23109,1,0.0,575350,0,0,0.0,0.0
231.100,23110,1,0.0,566644,0,0,0.0,0.0
231.110,23111,1,0.0,538060,0,0,0.0,0.0
231.120,23112,1,0.0,564824,0,0,0.0,0.0
231.130,23113,1,0.0,578596,0,0,0.0,0.0
231.140,23114,1,0.0,539184,0,0,0.0,0.0
231.150,23115,1,0.0,587206,0,0,0.0,0.0
231.160,23116,1,0.0,591331,0,0,0.0,0.0
231.170,23117,1,0.0,597130,0,0,0.0,0.0
231.180,23118,1,0.0,585944,0,0,0.0,0.0
231.190,23119,1,0.0,569701,0,0,0.0,0.0
231.200,23120,1,0.0,566250,0,0,0.0,0.0
231.210,23121,1,0.0,587869,0,0,0.0,0.0
231.220,23122,1,0.0,584687,0,0,0.0,0.0
231.230,23123,1,0.0,571101,0,0,0.0,0.0
231.240,23124,1,0.0,551548,0,0,0.0,0.0
231.250,23125,1,0.0,570480,0,0,0.0,0.0
231.260,23126,1,0.0,550304,0,0,0.0,0.0
231.270,23127,1,0.0,581758,0,0,0.0,0.0
231.280,23128,1,0.0,581818,0,0,0.0,0.0
231.290,23129,1,0.0,586009,0,0,0.0,0.0
231.300,23130,1,0.0,586836,0,0,0.0,0.0
231.310,23131,1,0.0,565956,0,0,0.0,0.0
231.320,23132,1,0.0,584589,0,0,0.0,0.0
231.330,23133,1,0.0,606457,0,0,0.0,0.0
231.340,23134,1,0.0,570391,0,0,0.0,0.0
231.350,23135,1,0.0,569605,0,0,0.0,0.0
231.360,23136,1,0.0,577903,0,0,0.0,0.0
231.370,23137,1,0.0,588197,0,0,0.0,0.0
231.380,23138,1,0.0,591703,0,0,0.0,0.0
231.390,23139,1,0.0,571723,0,0,0.0,0.0
231.400,23140,1,0.0,584172,0,0,0.0,0.0
231.410,23141,1,0.0,629956,0,0,0.0,0.0
231.420,23142,1,0.0,585322,0,0,0.0,0.0
231.430,23143,1,0.0,576714,0,0,0.0,0.0
231.440,23144,1,0.0,582611,0,0,0.0,0.0
231.450,23145,1,0.0,575443,0,0,0.0,0.0
231.460,23146,1,0.0,590066,0,0,0.0,0.0
231.470,23147,1,0.0,581186,0,0,0.0,0.0
231.480,23148,1,0.0,627797,0,0,0.0,0.0
231.490,23149,1,0.0,630304,0,0,0.0,0.0
231.500,23150,1,0.0,601796,0,0,0.0,0.0
231.510,23151,1,0.0,611790,0,0,0.0,0.0
231.520,23152,1,0.0,589998,0,0,0.0,0.0
231.530,23153,1,0.0,578366,0,0,0.0,0.0
231.540,23154,1,0.0,611367,0,0,0.0,0.0
231.550,23155,1,0.0,597271,0,0,0.0,0.0
231.560,23156,1,0.0,563600,0,0,0.0,0.0
231.570,23157,1,0.0,582591,0,0,0.0,0.0
231.580,23158,1,0.0,556501,0,0,0.0,0.0
231.590,23159,1,0.0,613196,0,0,0.0,0.0
231.600,23160,1,0.0,625321,0,0,0.0,0.0
231.610,23161,1,0.0,592476,0,0,0.0,0.0
231.620,23162,1,0.0,585513,0,0,0.0,0.0
231.630,23163,1,0.0,573991,0,0,0.0,0.0
231.640,23164,1,0.0,555992,0,0,0.0,0.0
231.650,23165,1,0.0,586468,0,0,0.0,0.0
231.660,23166,1,0.0,598395,0,0,0.0,0.0
231.670,23167,1,0.0,583464,0,0,0.0,0.0
231.680,23168,1,0.0,618717,0,0,0.0,0.0
231.690,23169,1,0.0,607783,0,0,0.0,0.0
231.700,23170,1,0.0,618673,0,0,0.0,0.0
231.710,23171,1,0.0,609107,0,0,0.0,0.0
231.720,23172,1,0.0,590988,0,0,0.0,0.0
231.730,23173,1,0.0,594584,0,0,0.0,0.0
231.740,23174,1,0.0,607092,0,0,0.0,0.0
231.750,23175,1,0.0,594645,0,0,0.0,0.0
231.760,23176,1,0.0,605106,0,0,0.0,0.0
231.770,23177,1,0.0,614969,0,0,0.0,0.0
231.780,23178,1,0.0,627101,0,0,0.0,0.0
231.790,23179,1,0.0,614111,0,0,0.0,0.0
231.800,23180,1,0.0,562160,0,0,0.0,0.0
231.810,23181,1,0.0,566170,0,0,0.0,0.0
231.820,23182,1,0.0,592795,0,0,0.0,0.0
231.830,23183,1,0.0,562889,0,0,0.0,0.0
231.840,23184,1,0.0,580445,0,0,0.0,0.0
231.850,23185,1,0.0,594128,0,0,0.0,0.0
231.860,23186,1,0.0,597211,0,0,0.0,0.0
231.870,23187,1,0.0,601516,0,0,0.0,0.0
231.880,23188,1,0.0,570080,0,0,0.0,0.0
231.890,23189,1,0.0,611181,0,0,0.0,0.0
231.900,23190,1,0.0,572382,0,0,0.0,0.0
231.910,23191,1,0.0,574359,0,0,0.0,0.0
231.920,23192,1,0.0,581223,0,0,0.0,0.0
231.930,23193,1,0.0,607885,0,0,0.0,0.0
231.940,23194,1,0.0,601472,0,0,0.0,0.0
231.950,23195,1,0.0,595807,0,0,0.0,0.0
231.960,23196,1,0.0,580736,0,0,0.0,0.0
231.970,23197,1,0.0,537605,0,0,0.0,0.0
231.980,23198,1,0.0,570461,0,0,0.0,0.0
231.990,23199,1,0.0,573657,0,0,0.0,0.0
232.000,23200,1,0.0,577657,0,0,0.0,0.0
232.010,23201,1,0.0,583795,0,0,0.0,0.0
232.020,23202,1,0.0,605024,0,0,0.0,0.0
232.030,23203,1,0.0,581400,0,0,0.0,0.0
232.040,23204,1,0.0,592142,0,0,0.0,0.0
232.050,23205,1,0.0,588801,0,0,0.0,0.0
232.060,23206,1,0.0,547752,0,0,0.0,0.0
232.070,23207,1,0.0,569503,0,0,0.0,0.0
232.080,23208,1,0.0,586515,0,0,0.0,0.0
232.090,23209,1,0.0,601511,0,0,0.0,0.0
232.100,23210,1,0.0,594767,0,0,0.0,0.0
232.110,23211,1,0.0,602599,0,0,0.0,0.0
232.120,23212,1,0.0,594295,0,0,0.0,0.0
232.130,23213,1,0.0,620655,0,0,0.0,0.0
232.140,23214,1,0.0,586502,0,0,0.0,0.0
232.150,23215,1,0.0,590623,0,0,0.0,0.0
232.160,23216,1,0.0,562483,0,0,0.0,0.0
232.170,23217,1,0.0,573179,0,0,0.0,0.0
232.180,23218,1,0.0,597902,0,0,0.0,0.0
232.190,23219,1,0.0,615476,0,0,0.0,0.0
232.200,23220,1,0.0,574664,0,0,0.0,0.0
232.210,23221,1,0.0,600225,0,0,0.0,0.0
232.220,23222,1,0.0,587305,0,0,0.0,0.0
232.230,23223,1,0.0,603069,0,0,0.0,0.0
232.240,23224,1,0.0,573116,0,0,0.0,0.0
232.250,23225,1,0.0,624851,0,0,0.0,0.0
232.260,23226,1,0.0,596673,0,0,0.0,0.0
232.270,23227,1,0.0,573767,0,0,0.0,0.0
232.280,23228,1,0.0,569081,0,0,0.0,0.0
232.290,23229,1,0.0,545199,0,0,0.0,0.0
232.300,23230,1,0.0,571329,0,0,0.0,0.0
232.310,23231,1,0.0,553793,0,0,0.0,0.0
232.320,23232,1,0.0,591769,0,0,0.0,0.0
232.330,23233,1,0.0,555608,0,0,0.0,0.0
232.340,23234,1,0.0,567748,0,0,0.0,0.0
232.350,23235,1,0.0,602274,0,0,0.0,0.0
232.360,23236,1,0.0,571717,0,0,0.0,0.0
232.370,23237,1,0.0,571249,0,0,0.0,0.0
232.380,23238,1,0.0,626539,0,0,0.0,0.0
232.390,23239,1,0.0,603837,0,0,0.0,0.0
232.400,23240,1,0.0,608632,0,0,0.0,0.0
232.410,23241,1,0.0,571373,0,0,0.0,0.0
232.420,23242,1,0.0,572150,0,0,0.0,0.0
232.430,23243,1,0.0,590105,0,0,0.0,0.0
232.440,23244,1,0.0,606425,0,0,0.0,0.0
232.450,23245,1,0.0,586650,0,0,0.0,0.0
232.460,23246,1,0.0,559817,0,0,0.0,0.0
232.470,23247,1,0.0,560727,0,0,0.0,0.0
232.480,23248,1,0.0,604634,0,0,0.0,0.0
232.490,23249,1,0.0,590545,0,0,0.0,0.0
232.500,23250,1,0.0,602425,0,0,0.0,0.0
232.510,23251,1,0.0,588245,0,0,0.0,0.0
232.520,23252,1,0.0,580139,0,0,0.0,0.0
232.530,23253,1,0.0,590717,0,0,0.0,0.0
232.540,23254,1,0.0,593647,0,0,0.0,0.0
232.550,23255,1,0.0,568368,0,0,0.0,0.0
232.560,23256,1,0.0,555083,0,0,0.0,0.0
232.570,23257,1,0.0,580627,0,0,0.0,0.0
232.580,23258,1,0.0,565004,0,0,0.0,0.0
232.590,23259,1,0.0,577339,0,0,0.0,0.0
232.600,23260,1,0.0,588978,0,0,0.0,0.0
232.610,23261,1,0.0,587230,0,0,0.0,0.0
232.620,23262,1,0.0,591809,0,0,0.0,0.0
232.630,23263,1,0.0,575616,0,0,0.0,0.0
232.640,23264,1,0.0,555445,0,0,0.0,0.0
232.650,23265,1,0.0,593985,0,0,0.0,0.0
232.660,23266,1,0.0,583320,0,0,0.0,0.0
232.670,23267,1,0.0,565616,0,0,0.0,0.0
232.680,23268,1,0.0,568277,0,0,0.0,0.0
232.690,23269,1,0.0,578443,0,0,0.0,0.0
232.700,23270,1,0.0,585645,0,0,0.0,0.0
232.710,23271,1,0.0,557542,0,0,0.0,0.0
232.720,23272,1,0.0,577279,0,0,0.0,0.0
232.730,23273,1,0.0,592041,0,0,0.0,0.0
232.740,23274,1,0.0,579953,0,0,0.0,0.0
232.750,23275,1,0.0,582141,0,0,0.0,0.0
232.760,23276,1,0.0,626445,0,0,0.0,0.0
232.770,23277,1,0.0,592566,0,0,0.0,0.0
232.780,23278,1,0.0,541237,0,0,0.0,0.0
232.790,23279,1,0.0,589431,0,0,0.0,0.0
232.800,23280,1,0.0,580883,0,0,0.0,0.0
232.810,23281,1,0.0,611355,0,0,0.0,0.0
232.820,23282,1,0.0,570005,0,0,0.0,0.0
232.830,23283,1,0.0,584943,0,0,0.0,0.0
232.840,23284,1,0.0,588549,0,0,0.0,0.0
232.850,23285,1,0.0,572551,0,0,0.0,0.0
232.860,23286,1,0.0,584672,0,0,0.0,0.0
232.870,23287,1,0.0,579357,0,0,0.0,0.0
232.880,23288,1,0.0,581431,0,0,0.0,0.0
232.890,23289,1,0.0,562612,0,0,0.0,0.0
232.900,23290,1,0.0,580176,0,0,0.0,0.0
232.910,23291,1,0.0,587996,0,0,0.0,0.0
232.920,23292,1,0.0,586647,0,0,0.0,0.0
232.930,23293,1,0.0,572521,0,0,0.0,0.0
232.940,23294,1,0.0,556058,0,0,0.0,0.0
232.950,23295,1,0.0,576704,0,0,0.0,0.0
232.960,23296,1,0.0,566741,0,0,0.0,0.0
232.970,23297,1,0.0,597883,0,0,0.0,0.0
232.980,23298,1,0.0,557751,0,0,0.0,0.0
232.990,23299,1,0.0,610909,0,0,0.0,0.0
233.000,23300,1,0.0,581055,0,0,0.0,0.0
233.010,23301,1,0.0,578219,0,0,0.0,0.0
233.020,23302,1,0.0,584973,0,0,0.0,0.0
233.030,23303,1,0.0,587492,0,0,0.0,0.0
233.040,23304,1,0.0,595526,0,0,0.0,0.0
233.050,23305,1,0.0,572928,0,0,0.0,0.0
233.060,23306,1,0.0,594857,0,0,0.0,0.0
233.070,23307,1,0.0,579206,0,0,0.0,0.0
233.080,23308,1,0.0,586390,0,0,0.0,0.0
233.090,23309,1,0.0,564735,0,0,0.0,0.0
233.100,23310,1,0.0,606259,0,0,0.0,0.0
233.110,23311,1,0.0,572856,0,0,0.0,0.0
233.120,23312,1,0.0,571001,0,0,0.0,0.0
233.130,23313,1,0.0,581270,0,0,0.0,0.0
233.140,23314,1,0.0,561349,0,0,0.0,0.0
233.150,23315,1,0.0,592926,0,0,0.0,0.0
233.160,23316,1,0.0,600424,0,0,0.0,0.0
233.170,23317,1,0.0,578410,0,0,0.0,0.0
233.180,23318,1,0.0,581312,0,0,0.0,0.0
233.190,23319,1,0.0,560188,0,0,0.0,0.0
233.200,23320,1,0.0,577703,0,0,0.0,0.0
233.210,23321,1,0.0,541813,0,0,0.0,0.0
233.220,23322,1,0.0,586077,0,0,0.0,0.0
233.230,23323,1,0.0,568861,0,0,0.0,0.0
233.240,23324,1,0.0,591580,0,0,0.0,0.0
233.250,23325,1,0.0,596807,0,0,0.0,0.0
233.260,23326,1,0.0,600294,0,0,0.0,0.0
233.270,23327,1,0.0,606531,0,0,0.0,0.0
233.280,23328,1,0.0,592135,0,0,0.0,0.0
233.290,23329,1,0.0,597357,0,0,0.0,0.0
233.300,23330,1,0.0,568743,0,0,0.0,0.0
233.310,23331,1,0.0,623685,0,0,0.0,0.0
233.320,23332,1,0.0,583437,0,0,0.0,0.0
233.330,23333,1,0.0,570096,0,0,0.0,0.0
233.340,23334,1,0.0,568779,0,0,0.0,0.0
233.350,23335,1,0.0,559353,0,0,0.0,0.0
233.360,23336,1,0.0,571424,0,0,0.0,0.0
233.370,23337,1,0.0,597753,0,0,0.0,0.0
233.380,23338,1,0.0,574321,0,0,0.0,0.0
233.390,23339,1,0.0,591840,0,0,0.0,0.0
233.400,23340,1,0.0,571221,0,0,0.0,0.0
233.410,23341,1,0.0,581735,0,0,0.0,0.0
233.420,23342,1,0.0,582437,0,0,0.0,0.0
233.430,23343,1,0.0,599023,0,0,0.0,0.0
233.440,23344,1,0.0,585025,0,0,0.0,0.0
233.450,23345,1,0.0,552831,0,0,0.0,0.0
233.460,23346,1,0.0,606718,0,0,0.0,0.0
233.470,23347,1,0.0,592110,0,0,0.0,0.0
233.480,23348,1,0.0,577206,0,0,0.0,0.0
233.490,23349,1,0.0,548006,0,0,0.0,0.0
233.500,23350,1,0.0,575127,0,0,0.0,0.0
233.510,23351,1,0.0,582881,0,0,0.0,0.0
233.520,23352,1,0.0,577063,0,0,0.0,0.0
233.530,23353,1,0.0,589279,0,0,0.0,0.0
233.540,23354,1,0.0,592223,0,0,0.0,0.0
233.550,23355,1,0.0,587027,0,0,0.0,0.0
233.560,23356,1,0.0,582973,0,0,0.0,0.0
233.570,23357,1,0.0,582042,0,0,0.0,0.0
233.580,23358,1,0.0,587221,0,0,0.0,0.0
233.590,23359,1,0.0,603726,0,0,0.0,0.0
233.600,23360,1,0.0,588763,0,0,0.0,0.0
233.610,23361,1,0.0,601613,0,0,0.0,0.0
233.620,23362,1,0.0,560486,0,0,0.0,0.0
233.630,23363,1,0.0,594647,0,0,0.0,0.0
233.640,23364,1,0.0,579288,0,0,0.0,0.0
233.650,23365,1,0.0,559580,0,0,0.0,0.0
233.660,23366,1,0.0,596932,0,0,0.0,0.0
233.670,23367,1,0.0,600642,0,0,0.0,0.0
233.680,23368,1,0.0,581268,0,0,0.0,0.0
233.690,23369,1,0.0,642226,0,0,0.0,0.0
233.700,23370,1,0.0,554658,0,0,0.0,0.0
233.710,23371,1,0.0,595204,0,0,0.0,0.0
233.720,23372,1,0.0,563199,0,0,0.0,0.0
233.730,23373,1,0.0,584880,0,0,0.0,0.0
233.740,23374,1,0.0,557920,0,0,0.0,0.0
233.750,23375,1,0.0,573126,0,0,0.0,0.0
233.760,23376,1,0.0,562258,0,0,0.0,0.0
233.770,23377,1,0.0,586074,0,0,0.0,0.0
233.780,23378,1,0.0,570092,0,0,0.0,0.0
233.790,23379,1,0.0,537446,0,0,0.0,0.0
233.800,23380,1,0.0,589528,0,0,0.0,0.0
233.810,23381,1,0.0,567198,0,0,0.0,0.0
233.820,23382,1,0.0,611095,0,0,0.0,0.0
233.830,23383,1,0.0,580587,0,0,0.0,0.0
233.840,23384,1,0.0,618796,0,0,0.0,0.0
233.850,23385,1,0.0,578295,0,0,0.0,0.0
233.860,23386,1,0.0,580452,0,0,0.0,0.0
233.870,23387,1,0.0,541646,0,0,0.0,0.0
233.880,23388,1,0.0,596193,0,0,0.0,0.0
233.890,23389,1,0.0,561091,0,0,0.0,0.0
233.900,23390,1,0.0,602902,0,0,0.0,0.0
233.910,23391,1,0.0,550205,0,0,0.0,0.0
233.920,23392,1,0.0,587343,0,0,0.0,0.0
233.930,23393,1,0.0,563927,0,0,0.0,0.0
233.940,23394,1,0.0,567515,0,0,0.0,0.0
233.950,23395,1,0.0,609048,0,0,0.0,0.0
233.960,23396,1,0.0,591764,0,0,0.0,0.0
233.970,23397,1,0.0,589689,0,0,0.0,0.0
233.980,23398,1,0.0,545483,0,0,0.0,0.0
233.990,23399,1,0.0,592183,0,0,0.0,0.0
234.000,23400,1,0.0,576511,0,0,0.0,0.0
234.010,23401,1,0.0,586803,0,0,0.0,0.0
234.020,23402,1,0.0,591660,0,0,0.0,0.0
234.030,23403,1,0.0,548063,0,0,0.0,0.0
234.040,23404,1,0.0,593018,0,0,0.0,0.0
234.050,23405,1,0.0,559040,0,0,0.0,0.0
234.060,23406,1,0.0,585999,0,0,0.0,0.0
234.070,23407,1,0.0,571997,0,0,0.0,0.0
234.080,23408,1,0.0,583897,0,0,0.0,0.0
234.090,23409,1,0.0,582902,0,0,0.0,0.0
234.100,23410,1,0.0,583516,0,0,0.0,0.0
234.110,23411,1,0.0,600999,0,0,0.0,0.0
234.120,23412,1,0.0,623957,0,0,0.0,0.0
234.130,23413,1,0.0,581641,0,0,0.0,0.0
234.140,23414,1,0.0,604042,0,0,0.0,0.0
234.150,23415,1,0.0,599528,0,0,0.0,0.0
234.160,23416,1,0.0,565182,0,0,0.0,0.0
234.170,23417,1,0.0,576362,0,0,0.0,0.0
234.180,23418,1,0.0,591122,0,0,0.0,0.0
234.190,23419,1,0.0,589603,0,0,0.0,0.0
234.200,23420,1,0.0,576148,0,0,0.0,0.0
234.210,23421,1,0.0,582391,0,0,0.0,0.0
234.220,23422,1,0.0,585352,0,0,0.0,0.0
234.230,23423,1,0.0,549831,0,0,0.0,0.0
234.240,23424,1,0.0,640141,0,0,0.0,0.0
234.250,23425,1,0.0,578027,0,0,0.0,0.0
234.260,23426,1,0.0,593370,0,0,0.0,0.0
234.270,23427,1,0.0,603266,0,0,0.0,0.0
234.280,23428,1,0.0,577710,0,0,0.0,0.0
234.290,23429,1,0.0,605322,0,0,0.0,0.0
234.300,23430,1,0.0,578478,0,0,0.0,0.0
234.310,23431,1,0.0,588139,0,0,0.0,0.0
234.320,23432,1,0.0,601805,0,0,0.0,0.0
234.330,23433,1,0.0,607895,0,0,0.0,0.0
234.340,23434,1,0.0,567583,0,0,0.0,0.0
234.350,23435,1,0.0,547077,0,0,0.0,0.0
234.360,23436,1,0.0,582920,0,0,0.0,0.0
234.370,23437,1,0.0,585412,0,0,0.0,0.0
234.380,23438,1,0.0,596418,0,0,0.0,0.0
234.390,23439,1,0.0,595288,0,0,0.0,0.0
234.400,23440,1,0.0,576506,0,0,0.0,0.0
234.410,23441,1,0.0,584210,0,0,0.0,0.0
234.420,23442,1,0.0,575757,0,0,0.0,0.0
234.430,23443,1,0.0,604296,0,0,0.0,0.0
234.440,23444,1,0.0,560189,0,0,0.0,0.0
234.450,23445,1,0.0,574696,0,0,0.0,0.0
234.460,23446,1,0.0,567516,0,0,0.0,0.0
234.470,23447,1,0.0,596652,0,0,0.0,0.0
234.480,23448,1,0.0,587005,0,0,0.0,0.0
234.490,23449,1,0.0,602264,0,0,0.0,0.0
234.500,23450,1,0.0,589752,0,0,0.0,0.0
234.510,23451,1,0.0,608203,0,0,0.0,0.0
234.520,23452,1,0.0,571768,0,0,0.0,0.0
234.530,23453,1,0.0,579692,0,0,0.0,0.0
234.540,23454,1,0.0,571753,0,0,0.0,0.0
234.550,23455,1,0.0,592699,0,0,0.0,0.0
234.560,23456,1,0.0,568363,0,0,0.0,0.0
234.570,23457,1,0.0,595922,0,0,0.0,0.0
234.580,23458,1,0.0,603926,0,0,0.0,0.0
234.590,23459,1,0.0,602800,0,0,0.0,0.0
234.600,23460,1,0.0,599553,0,0,0.0,0.0
234.610,23461,1,0.0,601049,0,0,0.0,0.0
234.620,23462,1,0.0,620558,0,0,0.0,0.0
234.630,23463,1,0.0,584638,0,0,0.0,0.0
234.640,23464,1,0.0,621278,0,0,0.0,0.0
234.650,23465,1,0.0,595046,0,0,0.0,0.0
234.660,23466,1,0.0,612728,0,0,0.0,0.0
234.670,23467,1,0.0,545886,0,0,0.0,0.0
234.680,23468,1,0.0,583020,0,0,0.0,0.0
234.690,23469,1,0.0,586572,0,0,0.0,0.0
234.700,23470,1,0.0,599245,0,0,0.0,0.0
234.710,23471,1,0.0,588054,0,0,0.0,0.0
234.720,23472,1,0.0,568617,0,0,0.0,0.0
234.730,23473,1,0.0,585401,0,0,0.0,0.0
234.740,23474,1,0.0,584521,0,0,0.0,0.0
234.750,23475,1,0.0,599864,0,0,0.0,0.0
234.760,23476,1,0.0,594261,0,0,0.0,0.0
234.770,23477,1,0.0,613200,0,0,0.0,0.0
234.780,23478,1,0.0,620887,0,0,0.0,0.0
234.790,23479,1,0.0,617011,0,0,0.0,0.0
234.800,23480,1,0.0,557362,0,0,0.0,0.0
234.810,23481,1,0.0,606893,0,0,0.0,0.0
234.820,23482,1,0.0,588335,0,0,0.0,0.0
234.830,23483,1,0.0,598108,0,0,0.0,0.0
234.840,23484,1,0.0,600957,0,0,0.0,0.0
234.850,23485,1,0.0,596532,0,0,0.0,0.0
234.860,23486,1,0.0,591674,0,0,0.0,0.0
234.870,23487,1,0.0,596398,0,0,0.0,0.0
234.880,23488,1,0.0,599806,0,0,0.0,0.0
234.890,23489,1,0.0,591849,0,0,0.0,0.0
234.900,23490,1,0.0,583178,0,0,0.0,0.0
234.910,23491,1,0.0,594899,0,0,0.0,0.0
234.920,23492,1,0.0,604895,0,0,0.0,0.0
234.930,23493,1,0.0,623653,0,0,0.0,0.0
234.940,23494,1,0.0,594375,0,0,0.0,0.0
234.950,23495,1,0.0,612341,0,0,0.0,0.0
234.960,23496,1,0.0,590351,0,0,0.0,0.0
234.970,23497,1,0.0,599000,0,0,0.0,0.0
234.980,23498,1,0.0,570304,0,0,0.0,0.0
234.990,23499,1,0.0,572262,0,0,0.0,0.0
235.000,23500,1,0.0,595301,0,0,0.0,0.0
235.010,23501,1,0.0,558066,0,0,0.0,0.0
235.020,23502,1,0.0,590008,0,0,0.0,0.0
235.030,23503,1,0.0,605254,0,0,0.0,0.0
235.040,23504,1,0.0,572732,0,0,0.0,0.0
235.050,23505,1,0.0,562631,0,0,0.0,0.0
235.060,23506,1,0.0,600925,0,0,0.0,0.0
235.070,23507,1,0.0,557196,0,0,0.0,0.0
235.080,23508,1,0.0,573029,0,0,0.0,0.0
235.090,23509,1,0.0,593492,0,0,0.0,0.0
235.100,23510,1,0.0,562341,0,0,0.0,0.0
235.110,23511,1,0.0,586611,0,0,0.0,0.0
235.120,23512,1,0.0,613541,0,0,0.0,0.0
235.130,23513,1,0.0,610949,0,0,0.0,0.0
235.140,23514,1,0.0,554680,0,0,0.0,0.0
235.150,23515,1,0.0,539545,0,0,0.0,0.0
235.160,23516,1,0.0,611020,0,0,0.0,0.0
235.170,23517,1,0.0,584856,0,0,0.0,0.0
235.180,23518,1,0.0,570451,0,0,0.0,0.0
235.190,23519,1,0.0,575024,0,0,0.0,0.0
235.200,23520,1,0.0,599593,0,0,0.0,0.0
235.210,23521,1,0.0,587699,0,0,0.0,0.0
235.220,23522,1,0.0,602922,0,0,0.0,0.0
235.230,23523,1,0.0,574613,0,0,0.0,0.0
235.240,23524,1,0.0,583188,0,0,0.0,0.0
235.250,23525,1,0.0,607966,0,0,0.0,0.0
235.260,23526,1,0.0,602792,0,0,0.0,0.0
235.270,23527,1,0.0,558196,0,0,0.0,0.0
235.280,23528,1,0.0,581885,0,0,0.0,0.0
235.290,23529,1,0.0,594296,0,0,0.0,0.0
235.300,23530,1,0.0,558607,0,0,0.0,0.0
235.310,23531,1,0.0,588594,0,0,0.0,0.0
235.320,23532,1,0.0,603282,0,0,0.0,0.0
235.330,23533,1,0.0,575578,0,0,0.0,0.0
235.340,23534,1,0.0,553363,0,0,0.0,0.0
235.350,23535,1,0.0,579879,0,0,0.0,0.0
235.360,23536,1,0.0,557853,0,0,0.0,0.0
235.370,23537,1,0.0,587559,0,0,0.0,0.0
235.380,23538,1,0.0,568333,0,0,0.0,0.0
235.390,23539,1,0.0,570021,0,0,0.0,0.0
235.400,23540,1,0.0,584707,0,0,0.0,0.0
235.410,23541,1,0.0,589270,0,0,0.0,0.0
235.420,23542,1,0.0,556585,0,0,0.0,0.0
235.430,23543,1,0.0,592848,0,0,0.0,0.0
235.440,23544,1,0.0,597333,0,0,0.0,0.0
235.450,23545,1,0.0,619403,0,0,0.0,0.0
235.460,23546,1,0.0,596780,0,0,0.0,0.0
235.470,23547,1,0.0,567319,0,0,0.0,0.0
235.480,23548,1,0.0,594129,0,0,0.0,0.0
235.490,23549,1,0.0,608816,0,0,0.0,0.0
235.500,23550,1,0.0,572850,0,0,0.0,0.0
235.510,23551,1,0.0,569546,0,0,0.0,0.0
235.520,23552,1,0.0,555537,0,0,0.0,0.0
235.530,23553,1,0.0,571573,0,0,0.0,0.0
235.540,23554,1,0.0,595487,0,0,0.0,0.0
235.550,23555,1,0.0,597798,0,0,0.0,0.0
235.560,23556,1,0.0,560143,0,0,0.0,0.0
235.570,23557,1,0.0,564289,0,0,0.0,0.0
235.580,23558,1,0.0,560408,0,0,0.0,0.0
235.590,23559,1,0.0,555387,0,0,0.0,0.0
235.600,23560,1,0.0,566126,0,0,0.0,0.0
235.610,23561,1,0.0,617861,0,0,0.0,0.0
235.620,23562,1,0.0,554160,0,0,0.0,0.0
235.630,23563,1,0.0,601132,0,0,0.0,0.0
235.640,23564,1,0.0,548983,0,0,0.0,0.0
235.650,23565,1,0.0,568477,0,0,0.0,0.0
235.660,23566,1,0.0,572103,0,0,0.0,0.0
235.670,23567,1,0.0,594707,0,0,0.0,0.0
235.680,23568,1,0.0,554463,0,0,0.0,0.0
235.690,23569,1,0.0,560001,0,0,0.0,0.0
235.700,23570,1,0.0,556987,0,0,0.0,0.0
235.710,23571,1,0.0,580188,0,0,0.0,0.0
235.720,23572,1,0.0,588404,0,0,0.0,0.0
235.730,23573,1,0.0,563163,0,0,0.0,0.0
235.740,23574,1,0.0,578899,0,0,0.0,0.0
235.750,23575,1,0.0,565435,0,0,0.0,0.0
235.760,23576,1,0.0,599085,0,0,0.0,0.0
235.770,23577,1,0.0,557576,0,0,0.0,0.0
235.780,23578,1,0.0,567628,0,0,0.0,0.0
235.790,23579,1,0.0,574540,0,0,0.0,0.0
235.800,23580,1,0.0,554451,0,0,0.0,0.0
235.810,23581,1,0.0,580908,0,0,0.0,0.0
235.820,23582,1,0.0,591936,0,0,0.0,0.0
235.830,23583,1,0.0,564016,0,0,0.0,0.0
235.840,23584,1,0.0,585712,0,0,0.0,0.0
235.850,23585,1,0.0,603751,0,0,0.0,0.0
235.860,23586,1,0.0,599061,0,0,0.0,0.0
235.870,23587,1,0.0,569186,0,0,0.0,0.0
235.880,23588,1,0.0,578201,0,0,0.0,0.0
235.890,23589,1,0.0,611356,0,0,0.0,0.0
235.900,23590,1,0.0,590939,0,0,0.0,0.0
235.910,23591,1,0.0,591643,0,0,0.0,0.0
235.920,23592,1,0.0,610275,0,0,0.0,0.0
235.930,23593,1,0.0,593786,0,0,0.0,0.0
235.940,23594,1,0.0,567184,0,0,0.0,0.0
235.950,23595,1,0.0,561091,0,0,0.0,0.0
235.960,23596,1,0.0,566243,0,0,0.0,0.0
235.970,23597,1,0.0,614115,0,0,0.0,0.0
235.980,23598,1,0.0,558267,0,0,0.0,0.0
235.990,23599,1,0.0,585098,0,0,0.0,0.0
236.000,23600,1,0.0,577046,0,0,0.0,0.0
236.010,23601,1,0.0,604918,0,0,0.0,0.0
236.020,23602,1,0.0,585970,0,0,0.0,0.0
236.030,23603,1,0.0,570167,0,0,0.0,0.0
236.040,23604,1,0.0,568522,0,0,0.0,0.0
236.050,23605,1,0.0,628204,0,0,0.0,0.0
236.060,23606,1,0.0,586504,0,0,0.0,0.0
236.070,23607,1,0.0,580692,0,0,0.0,0.0
236.080,23608,1,0.0,607379,0,0,0.0,0.0
236.090,23609,1,0.0,595041,0,0,0.0,0.0
236.100,23610,1,0.0,606746,0,0,0.0,0.0
236.110,23611,1,0.0,574904,0,0,0.0,0.0
236.120,23612,1,0.0,576581,0,0,0.0,0.0
236.130,23613,1,0.0,582571,0,0,0.0,0.0
236.140,23614,1,0.0,598137,0,0,0.0,0.0
236.150,23615,1,0.0,564976,0,0,0.0,0.0
236.160,23616,1,0.0,569878,0,0,0.0,0.0
236.170,23617,1,0.0,615917,0,0,0.0,0.0
236.180,23618,1,0.0,564487,0,0,0.0,0.0
236.190,23619,1,0.0,609873,0,0,0.0,0.0
236.200,23620,1,0.0,599776,0,0,0.0,0.0
236.210,23621,1,0.0,591263,0,0,0.0,0.0
236.220,23622,1,0.0,593762,0,0,0.0,0.0
236.230,23623,1,0.0,586621,0,0,0.0,0.0
236.240,23624,1,0.0,615093,0,0,0.0,0.0
236.250,23625,1,0.0,589510,0,0,0.0,0.0
236.260,23626,1,0.0,590267,0,0,0.0,0.0
236.270,23627,1,0.0,626486,0,0,0.0,0.0
236.280,23628,1,0.0,555091,0,0,0.0,0.0
236.290,23629,1,0.0,614088,0,0,0.0,0.0
236.300,23630,1,0.0,583305,0,0,0.0,0.0
236.310,23631,1,0.0,581324,0,0,0.0,0.0
236.320,23632,1,0.0,588506,0,0,0.0,0.0
236.330,23633,1,0.0,571135,0,0,0.0,0.0
236.340,23634,1,0.0,587822,0,0,0.0,0.0
236.350,23635,1,0.0,549935,0,0,0.0,0.0
236.360,23636,1,0.0,595693,0,0,0.0,0.0
236.370,23637,1,0.0,582459,0,0,0.0,0.0
236.380,23638,1,0.0,567461,0,0,0.0,0.0
236.390,23639,1,0.0,586214,0,0,0.0,0.0
236.400,23640,1,0.0,578415,0,0,0.0,0.0
236.410,23641,1,0.0,589063,0,0,0.0,0.0
236.420,23642,1,0.0,575855,0,0,0.0,0.0
236.430,23643,1,0.0,577712,0,0,0.0,0.0
236.440,23644,1,0.0,572988,0,0,0.0,0.0
236.450,23645,1,0.0,580215,0,0,0.0,0.0
236.460,23646,1,0.0,590156,0,0,0.0,0.0
236.470,23647,1,0.0,584936,0,0,0.0,0.0
236.480,23648,1,0.0,581725,0,0,0.0,0.0
236.490,23649,1,0.0,594284,0,0,0.0,0.0
236.500,23650,1,0.0,605393,0,0,0.0,0.0
236.510,23651,1,0.0,570138,0,0,0.0,0.0
236.520,23652,1,0.0,607257,0,0,0.0,0.0
236.530,23653,1,0.0,581440,0,0,0.0,0.0
236.540,23654,1,0.0,572639,0,0,0.0,0.0
236.550,23655,1,0.0,575552,0,0,0.0,0.0
236.560,23656,1,0.0,594802,0,0,0.0,0.0
236.570,23657,1,0.0,588577,0,0,0.0,0.0
236.580,23658,1,0.0,610038,0,0,0.0,0.0
236.590,23659,1,0.0,556496,0,0,0.0,0.0
236.600,23660,1,0.0,568663,0,0,0.0,0.0
236.610,23661,1,0.0,611266,0,0,0.0,0.0
236.620,23662,1,0.0,575865,0,0,0.0,0.0
236.630,23663,1,0.0,605486,0,0,0.0,0.0
236.640,23664,1,0.0,573143,0,0,0.0,0.0
236.650,23665,1,0.0,591459,0,0,0.0,0.0
236.660,23666,1,0.0,558620,0,0,0.0,0.0
236.670,23667,1,0.0,582194,0,0,0.0,0.0
236.680,23668,1,0.0,599137,0,0,0.0,0.0
236.690,23669,1,0.0,564838,0,0,0.0,0.0
236.700,23670,1,0.0,592243,0,0,0.0,0.0
236.710,23671,1,0.0,598949,0,0,0.0,0.0
236.720,23672,1,0.0,608306,0,0,0.0,0.0
236.730,23673,1,0.0,545731,0,0,0.0,0.0
236.740,23674,1,0.0,593171,0,0,0.0,0.0
236.750,23675,1,0.0,559462,0,0,0.0,0.0
236.760,23676,1,0.0,578231,0,0,0.0,0.0
236.770,23677,1,0.0,605301,0,0,0.0,0.0
236.780,23678,1,0.0,559897,0,0,0.0,0.0
236.790,23679,1,0.0,575125,0,0,0.0,0.0
236.800,23680,1,0.0,536312,0,0,0.0,0.0
236.810,23681,1,0.0,571319,0,0,0.0,0.0
236.820,23682,1,0.0,551511,0,0,0.0,0.0
236.830,23683,1,0.0,570313,0,0,0.0,0.0
236.840,23684,1,0.0,572861,0,0,0.0,0.0
236.850,23685,1,0.0,560759,0,0,0.0,0.0
236.860,23686,1,0.0,556234,0,0,0.0,0.0
236.870,23687,1,0.0,581309,0,0,0.0,0.0
236.880,23688,1,0.0,582069,0,0,0.0,0.0
236.890,23689,1,0.0,582425,0,0,0.0,0.0
236.900,23690,1,0.0,582434,0,0,0.0,0.0
236.910,23691,1,0.0,550997,0,0,0.0,0.0
236.920,23692,1,0.0,574938,0,0,0.0,0.0
236.930,23693,1,0.0,632523,0,0,0.0,0.0
236.940,23694,1,0.0,563701,0,0,0.0,0.0
236.950,23695,1,0.0,569598,0,0,0.0,0.0
236.960,23696,1,0.0,572894,0,0,0.0,0.0
236.970,23697,1,0.0,610952,0,0,0.0,0.0
236.980,23698,1,0.0,573600,0,0,0.0,0.0
236.990,23699,1,0.0,581509,0,0,0.0,0.0
237.000,23700,1,0.0,571111,0,0,0.0,0.0
237.010,23701,1,0.0,600585,0,0,0.0,0.0
237.020,23702,1,0.0,587817,0,0,0.0,0.0
237.030,23703,1,0.0,600066,0,0,0.0,0.0
237.040,23704,1,0.0,574353,0,0,0.0,0.0
237.050,23705,1,0.0,572105,0,0,0.0,0.0
237.060,23706,1,0.0,592723,0,0,0.0,0.0
237.070,23707,1,0.0,558700,0,0,0.0,0.0
237.080,23708,1,0.0,566037,0,0,0.0,0.0
237.090,23709,1,0.0,571991,0,0,0.0,0.0
237.100,23710,1,0.0,556397,0,0,0.0,0.0
237.110,23711,1,0.0,605737,0,0,0.0,0.0
237.120,23712,1,0.0,571437,0,0,0.0,0.0
237.130,23713,1,0.0,595212,0,0,0.0,0.0
237.140,23714,1,0.0,610123,0,0,0.0,0.0
237.150,23715,1,0.0,547908,0,0,0.0,0.0
237.160,23716,1,0.0,610671,0,0,0.0,0.0
237.170,23717,1,0.0,558855,0,0,0.0,0.0
237.180,23718,1,0.0,593951,0,0,0.0,0.0
237.190,23719,1,0.0,569300,0,0,0.0,0.0
237.200,23720,1,0.0,583557,0,0,0.0,0.0
237.210,23721,1,0.0,590834,0,0,0.0,0.0
237.220,23722,1,0.0,586236,0,0,0.0,0.0
237.230,23723,1,0.0,619338,0,0,0.0,0.0
237.240,23724,1,0.0,589826,0,0,0.0,0.0
237.250,23725,1,0.0,596687,0,0,0.0,0.0
237.260,23726,1,0.0,552659,0,0,0.0,0.0
237.270,23727,1,0.0,586547,0,0,0.0,0.0
237.280,23728,1,0.0,566142,0,0,0.0,0.0
237.290,23729,1,0.0,583109,0,0,0.0,0.0
237.300,23730,1,0.0,569783,0,0,0.0,0.0
237.310,23731,1,0.0,533821,0,0,0.0,0.0
237.320,23732,1,0.0,588037,0,0,0.0,0.0
237.330,23733,1,0.0,540956,0,0,0.0,0.0
237.340,23734,1,0.0,578771,0,0,0.0,0.0
237.350,23735,1,0.0,589809,0,0,0.0,0.0
237.360,23736,1,0.0,560179,0,0,0.0,0.0
237.370,23737,1,0.0,592247,0,0,0.0,0.0
237.380,23738,1,0.0,621182,0,0,0.0,0.0
237.390,23739,1,0.0,591449,0,0,0.0,0.0
237.400,23740,1,0.0,593982,0,0,0.0,0.0
237.410,23741,1,0.0,569005,0,0,0.0,0.0
237.420,23742,1,0.0,597869,0,0,0.0,0.0
237.430,23743,1,0.0,571354,0,0,0.0,0.0
237.440,23744,1,0.0,615389,0,0,0.0,0.0
237.450,23745,1,0.0,587619,0,0,0.0,0.0
237.460,23746,1,0.0,557603,0,0,0.0,0.0
237.470,23747,1,0.0,560219,0,0,0.0,0.0
237.480,23748,1,0.0,582043,0,0,0.0,0.0
237.490,23749,1,0.0,557064,0,0,0.0,0.0
237.500,23750,1,0.0,555366,0,0,0.0,0.0
237.510,23751,1,0.0,561910,0,0,0.0,0.0
237.520,23752,1,0.0,569279,0,0,0.0,0.0
237.530,23753,1,0.0,597878,0,0,0.0,0.0
237.540,23754,1,0.0,549824,0,0,0.0,0.0
237.550,23755,1,0.0,591880,0,0,0.0,0.0
237.560,23756,1,0.0,564998,0,0,0.0,0.0
237.570,23757,1,0.0,576839,0,0,0.0,0.0
237.580,23758,1,0.0,577965,0,0,0.0,0.0
237.590,23759,1,0.0,564120,0,0,0.0,0.0
237.600,23760,1,0.0,595930,0,0,0.0,0.0
237.610,23761,1,0.0,559143,0,0,0.0,0.0
237.620,23762,1,0.0,568747,0,0,0.0,0.0
237.630,23763,1,0.0,549628,0,0,0.0,0.0
237.640,23764,1,0.0,575451,0,0,0.0,0.0
237.650,23765,1,0.0,539684,0,0,0.0,0.0
237.660,23766,1,0.0,607582,0,0,0.0,0.0
237.670,23767,1,0.0,596415,0,0,0.0,0.0
237.680,23768,1,0.0,598759,0,0,0.0,0.0
237.690,23769,1,0.0,581434,0,0,0.0,0.0
237.700,23770,1,0.0,586594,0,0,0.0,0.0
237.710,23771,1,0.0,590332,0,0,0.0,0.0
237.720,23772,1,0.0,572498,0,0,0.0,0.0
237.730,23773,1,0.0,576011,0,0,0.0,0.0
237.740,23774,1,0.0,592858,0,0,0.0,0.0
237.750,23775,1,0.0,561760,0,0,0.0,0.0
237.760,23776,1,0.0,627864,0,0,0.0,0.0
237.770,23777,1,0.0,562665,0,0,0.0,0.0
237.780,23778,1,0.0,569247,0,0,0.0,0.0
237.790,23779,1,0.0,579161,0,0,0.0,0.0
237.800,23780,1,0.0,618639,0,0,0.0,0.0
237.810,23781,1,0.0,548704,0,0,0.0,0.0
237.820,23782,1,0.0,577458,0,0,0.0,0.0
237.830,23783,1,0.0,591128,0,0,0.0,0.0
237.840,23784,1,0.0,525938,0,0,0.0,0.0
237.850,23785,1,0.0,584498,0,0,0.0,0.0
237.860,23786,1,0.0,592583,0,0,0.0,0.0
237.870,23787,1,0.0,554222,0,0,0.0,0.0
237.880,23788,1,0.0,569278,0,0,0.0,0.0
237.890,23789,1,0.0,585161,0,0,0.0,0.0
237.900,23790,1,0.0,564841,0,0,0.0,0.0
237.910,23791,1,0.0,578978,0,0,0.0,0.0
237.920,23792,1,0.0,579765,0,0,0.0,0.0
237.930,23793,1,0.0,607997,0,0,0.0,0.0
237.940,23794,1,0.0,619337,0,0,0.0,0.0
237.950,23795,1,0.0,586180,0,0,0.0,0.0
237.960,23796,1,0.0,565267,0,0,0.0,0.0
237.970,23797,1,0.0,598830,0,0,0.0,0.0
237.980,23798,1,0.0,593769,0,0,0.0,0.0
237.990,23799,1,0.0,549693,0,0,0.0,0.0
238.000,23800,1,0.0,596959,0,0,0.0,0.0
238.010,23801,1,0.0,610346,0,0,0.0,0.0
238.020,23802,1,0.0,601860,0,0,0.0,0.0
238.030,23803,1,0.0,572353,0,0,0.0,0.0
238.040,23804,1,0.0,570067,0,0,0.0,0.0
238.050,23805,1,0.0,586709,0,0,0.0,0.0
238.060,23806,1,0.0,568130,0,0,0.0,0.0
238.070,23807,1,0.0,565991,0,0,0.0,0.0
238.080,23808,1,0.0,599315,0,0,0.0,0.0
238.090,23809,1,0.0,603670,0,0,0.0,0.0
238.100,23810,1,0.0,582047,0,0,0.0,0.0
238.110,23811,1,0.0,572675,0,0,0.0,0.0
238.120,23812,1,0.0,567228,0,0,0.0,0.0
238.130,23813,1,0.0,583671,0,0,0.0,0.0
238.140,23814,1,0.0,566431,0,0,0.0,0.0
238.150,23815,1,0.0,619027,0,0,0.0,0.0
238.160,23816,1,0.0,563544,0,0,0.0,0.0
238.170,23817,1,0.0,566589,0,0,0.0,0.0
238.180,23818,1,0.0,576785,0,0,0.0,0.0
238.190,23819,1,0.0,615016,0,0,0.0,0.0
238.200,23820,1,0.0,608867,0,0,0.0,0.0
238.210,23821,1,0.0,587148,0,0,0.0,0.0
238.220,23822,1,0.0,585845,0,0,0.0,0.0
238.230,23823,1,0.0,596446,0,0,0.0,0.0
238.240,23824,1,0.0,599797,0,0,0.0,0.0
238.250,23825,1,0.0,558772,0,0,0.0,0.0
238.260,23826,1,0.0,596286,0,0,0.0,0.0
238.270,23827,1,0.0,547661,0,0,0.0,0.0
238.280,23828,1,0.0,562754,0,0,0.0,0.0
238.290,23829,1,0.0,564412,0,0,0.0,0.0
238.300,23830,1,0.0,607873,0,0,0.0,0.0
238.310,23831,1,0.0,564828,0,0,0.0,0.0
238.320,23832,1,0.0,577098,0,0,0.0,0.0
238.330,23833,1,0.0,580710,0,0,0.0,0.0
238.340,23834,1,0.0,590051,0,0,0.0,0.0
238.350,23835,1,0.0,579164,0,0,0.0,0.0
238.360,23836,1,0.0,601264,0,0,0.0,0.0
238.370,23837,1,0.0,604391,0,0,0.0,0.0
238.380,23838,1,0.0,595511,0,0,0.0,0.0
238.390,23839,1,0.0,610685,0,0,0.0,0.0
238.400,23840,1,0.0,568951,0,0,0.0,0.0
238.410,23841,1,0.0,582028,0,0,0.0,0.0
238.420,23842,1,0.0,565132,0,0,0.0,0.0
238.430,23843,1,0.0,577942,0,0,0.0,0.0
238.440,23844,1,0.0,526119,0,0,0.0,0.0
238.450,23845,1,0.0,561067,0,0,0.0,0.0
238.460,23846,1,0.0,574130,0,0,0.0,0.0
238.470,23847,1,0.0,592054,0,0,0.0,0.0
238.480,23848,1,0.0,596718,0,0,0.0,0.0
238.490,23849,1,0.0,610837,0,0,0.0,0.0
238.500,23850,1,0.0,584640,0,0,0.0,0.0
238.510,23851,1,0.0,593024,0,0,0.0,0.0
238.520,23852,1,0.0,576473,0,0,0.0,0.0
238.530,23853,1,0.0,568752,0,0,0.0,0.0
238.540,23854,1,0.0,568560,0,0,0.0,0.0
238.550,23855,1,0.0,587774,0,0,0.0,0.0
238.560,23856,1,0.0,558886,0,0,0.0,0.0
238.570,23857,1,0.0,567964,0,0,0.0,0.0
238.580,23858,1,0.0,610628,0,0,0.0,0.0
238.590,23859,1,0.0,591524,0,0,0.0,0.0
238.600,23860,1,0.0,577855,0,0,0.0,0.0
238.610,23861,1,0.0,592546,0,0,0.0,0.0
238.620,23862,1,0.0,551767,0,0,0.0,0.0
238.630,23863,1,0.0,577158,0,0,0.0,0.0
238.640,23864,1,0.0,586930,0,0,0.0,0.0
238.650,23865,1,0.0,609663,0,0,0.0,0.0
238.660,23866,1,0.0,566374,0,0,0.0,0.0
238.670,23867,1,0.0,569760,0,0,0.0,0.0
238.680,23868,1,0.0,585527,0,0,0.0,0.0
238.690,23869,1,0.0,583013,0,0,0.0,0.0
238.700,23870,1,0.0,566134,0,0,0.0,0.0
238.710,23871,1,0.0,580884,0,0,0.0,0.0
238.720,23872,1,0.0,595119,0,0,0.0,0.0
238.730,23873,1,0.0,551220,0,0,0.0,0.0
238.740,23874,1,0.0,586546,0,0,0.0,0.0
238.750,23875,1,0.0,557767,0,0,0.0,0.0
238.760,23876,1,0.0,588489,0,0,0.0,0.0
238.770,23877,1,0.0,601085,0,0,0.0,0.0
238.780,23878,1,0.0,600827,0,0,0.0,0.0
238.790,23879,1,0.0,606074,0,0,0.0,0.0
238.800,23880,1,0.0,590601,0,0,0.0,0.0
238.810,23881,1,0.0,590264,0,0,0.0,0.0
238.820,23882,1,0.0,606599,0,0,0.0,0.0
238.830,23883,1,0.0,593541,0,0,0.0,0.0
238.840,23884,1,0.0,567580,0,0,0.0,0.0
238.850,23885,1,0.0,583409,0,0,0.0,0.0
238.860,23886,1,0.0,552912,0,0,0.0,0.0
238.870,23887,1,0.0,595046,0,0,0.0,0.0
238.880,23888,1,0.0,565785,0,0,0.0,0.0
238.890,23889,1,0.0,584477,0,0,0.0,0.0
238.900,23890,1,0.0,589921,0,0,0.0,0.0
238.910,23891,1,0.0,593111,0,0,0.0,0.0
238.920,23892,1,0.0,557350,0,0,0.0,0.0
238.930,23893,1,0.0,588529,0,0,0.0,0.0
238.940,23894,1,0.0,552850,0,0,0.0,0.0
238.950,23895,1,0.0,575412,0,0,0.0,0.0
238.960,23896,1,0.0,557329,0,0,0.0,0.0
238.970,23897,1,0.0,597786,0,0,0.0,0.0
238.980,23898,1,0.0,585785,0,0,0.0,0.0
238.990,23899,1,0.0,559650,0,0,0.0,0.0
239.000,23900,1,0.0,571507,0,0,0.0,0.0
239.010,23901,1,0.0,573465,0,0,0.0,0.0
239.020,23902,1,0.0,579258,0,0,0.0,0.0
239.030,23903,1,0.0,584125,0,0,0.0,0.0
239.040,23904,1,0.0,610511,0,0,0.0,0.0
239.050,23905,1,0.0,580123,0,0,0.0,0.0
239.060,23906,1,0.0,560496,0,0,0.0,0.0
239.070,23907,1,0.0,557378,0,0,0.0,0.0
239.080,23908,1,0.0,577121,0,0,0.0,0.0
239.090,23909,1,0.0,570944,0,0,0.0,0.0
239.100,23910,1,0.0,591342,0,0,0.0,0.0
239.110,23911,1,0.0,555677,0,0,0.0,0.0
239.120,23912,1,0.0,564229,0,0,0.0,0.0
239.130,23913,1,0.0,594656,0,0,0.0,0.0
239.140,23914,1,0.0,595431,0,0,0.0,0.0
239.150,23915,1,0.0,572480,0,0,0.0,0.0
239.160,23916,1,0.0,577423,0,0,0.0,0.0
239.170,23917,1,0.0,562049,0,0,0.0,0.0
239.180,23918,1,0.0,586389,0,0,0.0,0.0
239.190,23919,1,0.0,559397,0,0,0.0,0.0
239.200,23920,1,0.0,579188,0,0,0.0,0.0
239.210,23921,1,0.0,545699,0,0,0.0,0.0
239.220,23922,1,0.0,565897,0,0,0.0,0.0
239.230,23923,1,0.0,549758,0,0,0.0,0.0
239.240,23924,1,0.0,577826,0,0,0.0,0.0
239.250,23925,1,0.0,571727,0,0,0.0,0.0
239.260,23926,1,0.0,567112,0,0,0.0,0.0
239.270,23927,1,0.0,581946,0,0,0.0,0.0
239.280,23928,1,0.0,553656,0,0,0.0,0.0
239.290,23929,1,0.0,598696,0,0,0.0,0.0
239.300,23930,1,0.0,569994,0,0,0.0,0.0
239.310,23931,1,0.0,567830,0,0,0.0,0.0
239.320,23932,1,0.0,601329,0,0,0.0,0.0
239.330,23933,1,0.0,561075,0,0,0.0,0.0
239.340,23934,1,0.0,570172,0,0,0.0,0.0
239.350,23935,1,0.0,553013,0,0,0.0,0.0
239.360,23936,1,0.0,588284,0,0,0.0,0.0
239.370,23937,1,0.0,594013,0,0,0.0,0.0
239.380,23938,1,0.0,562959,0,0,0.0,0.0
239.390,23939,1,0.0,566897,0,0,0.0,0.0
239.400,23940,1,0.0,579102,0,0,0.0,0.0
239.410,23941,1,0.0,547377,0,0,0.0,0.0
239.420,23942,1,0.0,560725,0,0,0.0,0.0
239.430,23943,1,0.0,586587,0,0,0.0,0.0
239.440,23944,1,0.0,578523,0,0,0.0,0.0
239.450,23945,1,0.0,564811,0,0,0.0,0.0
239.460,23946,1,0.0,570717,0,0,0.0,0.0
239.470,23947,1,0.0,551525,0,0,0.0,0.0
239.480,23948,1,0.0,567887,0,0,0.0,0.0
239.490,23949,1,0.0,593415,0,0,0.0,0.0
239.500,23950,1,0.0,532502,0,0,0.0,0.0
239.510,23951,1,0.0,588987,0,0,0.0,0.0
239.520,23952,1,0.0,589977,0,0,0.0,0.0
239.530,23953,1,0.0,567231,0,0,0.0,0.0
239.540,23954,1,0.0,556704,0,0,0.0,0.0
239.550,23955,1,0.0,585576,0,0,0.0,0.0
239.560,23956,1,0.0,593360,0,0,0.0,0.0
239.570,23957,1,0.0,567286,0,0,0.0,0.0
239.580,23958,1,0.0,587138,0,0,0.0,0.0
239.590,23959,1,0.0,600141,0,0,0.0,0.0
239.600,23960,1,0.0,573988,0,0,0.0,0.0
239.610,23961,1,0.0,579487,0,0,0.0,0.0
239.620,23962,1,0.0,559982,0,0,0.0,0.0
239.630,23963,1,0.0,580519,0,0,0.0,0.0
239.640,23964,1,0.0,560393,0,0,0.0,0.0
239.650,23965,1,0.0,598544,0,0,0.0,0.0
239.660,23966,1,0.0,565608,0,0,0.0,0.0
239.670,23967,1,0.0,604742,0,0,0.0,0.0
239.680,23968,1,0.0,595214,0,0,0.0,0.0
239.690,23969,1,0.0,587250,0,0,0.0,0.0
239.700,23970,1,0.0,586088,0,0,0.0,0.0
239.710,23971,1,0.0,602692,0,0,0.0,0.0
239.720,23972,1,0.0,572442,0,0,0.0,0.0
239.730,23973,1,0.0,525042,0,0,0.0,0.0
239.740,23974,1,0.0,605628,0,0,0.0,0.0
239.750,23975,1,0.0,552526,0,0,0.0,0.0
239.760,23976,1,0.0,593760,0,0,0.0,0.0
239.770,23977,1,0.0,578512,0,0,0.0,0.0
239.780,23978,1,0.0,573842,0,0,0.0,0.0
239.790,23979,1,0.0,548121,0,0,0.0,0.0
239.800,23980,1,0.0,580177,0,0,0.0,0.0
239.810,23981,1,0.0,566140,0,0,0.0,0.0
239.820,23982,1,0.0,570033,0,0,0.0,0.0
239.830,23983,1,0.0,579238,0,0,0.0,0.0
239.840,23984,1,0.0,553097,0,0,0.0,0.0
239.850,23985,1,0.0,598452,0,0,0.0,0.0
239.860,23986,1,0.0,596504,0,0,0.0,0.0
239.870,23987,1,0.0,563685,0,0,0.0,0.0
239.880,23988,1,0.0,595431,0,0,0.0,0.0
239.890,23989,1,0.0,581648,0,0,0.0,0.0
239.900,23990,1,0.0,593474,0,0,0.0,0.0
239.910,23991,1,0.0,572263,0,0,0.0,0.0
239.920,23992,1,0.0,579445,0,0,0.0,0.0
239.930,23993,1,0.0,589100,0,0,0.0,0.0
239.940,23994,1,0.0,606359,0,0,0.0,0.0
239.950,23995,1,0.0,586481,0,0,0.0,0.0
239.960,23996,1,0.0,575816,0,0,0.0,0.0
239.970,23997,1,0.0,579752,0,0,0.0,0.0
239.980,23998,1,0.0,559028,0,0,0.0,0.0
239.990,23999,1,0.0,606752,0,0,0.0,0.0
240.000,24000,1,0.0,585477,0,0,0.0,0.0
240.010,24001,1,0.0,599238,0,0,0.0,0.0
240.020,24002,1,0.0,568010,0,0,0.0,0.0
240.030,24003,1,0.0,594409,0,0,0.0,0.0
240.040,24004,1,0.0,553162,0,0,0.0,0.0
240.050,24005,1,0.0,585571,0,0,0.0,0.0
240.060,24006,1,0.0,557639,0,0,0.0,0.0
240.070,24007,1,0.0,574061,0,0,0.0,0.0
240.080,24008,1,0.0,550625,0,0,0.0,0.0
240.090,24009,1,0.0,593017,0,0,0.0,0.0
240.100,24010,1,0.0,568463,0,0,0.0,0.0
240.110,24011,1,0.0,553712,0,0,0.0,0.0
240.120,24012,1,0.0,590733,0,0,0.0,0.0
240.130,24013,1,0.0,580911,0,0,0.0,0.0
240.140,24014,1,0.0,547268,0,0,0.0,0.0
240.150,24015,1,0.0,571823,0,0,0.0,0.0
240.160,24016,1,0.0,594104,0,0,0.0,0.0
240.170,24017,1,0.0,603181,0,0,0.0,0.0
240.180,24018,1,0.0,558067,0,0,0.0,0.0
240.190,24019,1,0.0,570120,0,0,0.0,0.0
240.200,24020,1,0.0,579437,0,0,0.0,0.0
240.210,24021,1,0.0,549578,0,0,0.0,0.0
240.220,24022,1,0.0,586710,0,0,0.0,0.0
240.230,24023,1,0.0,566638,0,0,0.0,0.0
240.240,24024,1,0.0,584373,0,0,0.0,0.0
240.250,24025,1,0.0,536268,0,0,0.0,0.0
240.260,24026,1,0.0,596012,0,0,0.0,0.0
240.270,24027,1,0.0,557905,0,0,0.0,0.0
240.280,24028,1,0.0,584862,0,0,0.0,0.0
240.290,24029,1,0.0,562729,0,0,0.0,0.0
240.300,24030,1,0.0,573600,0,0,0.0,0.0
240.310,24031,1,0.0,560489,0,0,0.0,0.0
240.320,24032,1,0.0,575973,0,0,0.0,0.0
240.330,24033,1,0.0,576818,0,0,0.0,0.0
240.340,24034,1,0.0,601631,0,0,0.0,0.0
240.350,24035,1,0.0,587753,0,0,0.0,0.0
240.360,24036,1,0.0,579599,0,0,0.0,0.0
240.370,24037,1,0.0,571729,0,0,0.0,0.0
240.380,24038,1,0.0,542139,0,0,0.0,0.0
240.390,24039,1,0.0,554235,0,0,0.0,0.0
240.400,24040,1,0.0,536592,0,0,0.0,0.0
240.410,24041,1,0.0,540360,0,0,0.0,0.0
240.420,24042,1,0.0,583144,0,0,0.0,0.0
240.430,24043,1,0.0,570440,0,0,0.0,0.0
240.440,24044,1,0.0,588484,0,0,0.0,0.0
240.450,24045,1,0.0,560509,0,0,0.0,0.0
240.460,24046,1,0.0,576314,0,0,0.0,0.0
240.470,24047,1,0.0,579837,0,0,0.0,0.0
240.480,24048,1,0.0,557349,0,0,0.0,0.0
240.490,24049,1,0.0,549231,0,0,0.0,0.0
240.500,24050,1,0.0,564297,0,0,0.0,0.0
240.510,24051,1,0.0,571355,0,0,0.0,0.0
240.520,24052,1,0.0,560892,0,0,0.0,0.0
240.530,24053,1,0.0,580983,0,0,0.0,0.0
240.540,24054,1,0.0,542133,0,0,0.0,0.0
240.550,24055,1,0.0,540508,0,0,0.0,0.0
240.560,24056,1,0.0,567525,0,0,0.0,0.0
240.570,24057,1,0.0,607039,0,0,0.0,0.0
240.580,24058,1,0.0,562838,0,0,0.0,0.0
240.590,24059,1,0.0,583746,0,0,0.0,0.0
240.600,24060,1,0.0,543525,0,0,0.0,0.0
240.610,24061,1,0.0,555458,0,0,0.0,0.0
240.620,24062,1,0.0,565273,0,0,0.0,0.0
240.630,24063,1,0.0,608482,0,0,0.0,0.0
240.640,24064,1,0.0,571619,0,0,0.0,0.0
240.650,24065,1,0.0,566739,0,0,0.0,0.0
240.660,24066,1,0.0,564292,0,0,0.0,0.0
240.670,24067,1,0.0,596280,0,0,0.0,0.0
240.680,24068,1,0.0,600705,0,0,0.0,0.0
240.690,24069,1,0.0,570180,0,0,0.0,0.0
240.700,24070,1,0.0,579505,0,0,0.0,0.0
240.710,24071,1,0.0,575394,0,0,0.0,0.0
240.720,24072,1,0.0,599714,0,0,0.0,0.0
240.730,24073,1,0.0,552235,0,0,0.0,0.0
240.740,24074,1,0.0,594016,0,0,0.0,0.0
240.750,24075,1,0.0,562416,0,0,0.0,0.0
240.760,24076,1,0.0,577699,0,0,0.0,0.0
240.770,24077,1,0.0,578078,0,0,0.0,0.0
240.780,24078,1,0.0,578078,0,0,0.0,0.0
240.790,24079,1,0.0,594828,0,0,0.0,0.0
240.800,24080,1,0.0,546345,0,0,0.0,0.0
240.810,24081,1,0.0,571092,0,0,0.0,0.0
240.820,24082,1,0.0,591429,0,0,0.0,0.0
240.830,24083,1,0.0,538781,0,0,0.0,0.0
240.840,24084,1,0.0,575552,0,0,0.0,0.0
240.850,24085,1,0.0,560324,0,0,0.0,0.0
240.860,24086,1,0.0,576854,0,0,0.0,0.0
240.870,24087,1,0.0,555574,0,0,0.0,0.0
240.880,24088,1,0.0,541715,0,0,0.0,0.0
240.890,24089,1,0.0,599652,0,0,0.0,0.0
240.900,24090,1,0.0,581207,0,0,0.0,0.0
240.910,24091,1,0.0,554567,0,0,0.0,0.0
240.920,24092,1,0.0,611963,0,0,0.0,0.0
240.930,24093,1,0.0,565846,0,0,0.0,0.0
240.940,24094,1,0.0,599768,0,0,0.0,0.0
240.950,24095,1,0.0,584890,0,0,0.0,0.0
240.960,24096,1,0.0,600582,0,0,0.0,0.0
240.970,24097,1,0.0,592684,0,0,0.0,0.0
240.980,24098,1,0.0,552929,0,0,0.0,0.0
240.990,24099,1,0.0,567662,0,0,0.0,0.0
241.000,24100,1,0.0,577415,0,0,0.0,0.0
241.010,24101,1,0.0,603771,0,0,0.0,0.0
241.020,24102,1,0.0,572957,0,0,0.0,0.0
241.030,24103,1,0.0,587966,0,0,0.0,0.0
241.040,24104,1,0.0,557568,0,0,0.0,0.0
241.050,24105,1,0.0,549940,0,0,0.0,0.0
241.060,24106,1,0.0,609110,0,0,0.0,0.0
241.070,24107,1,0.0,544368,0,0,0.0,0.0
241.080,24108,1,0.0,581782,0,0,0.0,0.0
241.090,24109,1,0.0,553942,0,0,0.0,0.0
241.100,24110,1,0.0,550882,0,0,0.0,0.0
241.110,24111,1,0.0,554050,0,0,0.0,0.0
241.120,24112,1,0.0,592013,0,0,0.0,0.0
241.130,24113,1,0.0,560294,0,0,0.0,0.0
241.140,24114,1,0.0,615706,0,0,0.0,0.0
241.150,24115,1,0.0,579934,0,0,0.0,0.0
241.160,24116,1,0.0,545096,0,0,0.0,0.0
241.170,24117,1,0.0,584135,0,0,0.0,0.0
241.180,24118,1,0.0,553879,0,0,0.0,0.0
241.190,24119,1,0.0,571951,0,0,0.0,0.0
241.200,24120,1,0.0,549434,0,0,0.0,0.0
241.210,24121,1,0.0,583848,0,0,0.0,0.0
241.220,24122,1,0.0,601854,0,0,0.0,0.0
241.230,24123,1,0.0,570046,0,0,0.0,0.0
241.240,24124,1,0.0,580030,0,0,0.0,0.0
241.250,24125,1,0.0,587795,0,0,0.0,0.0
241.260,24126,1,0.0,574884,0,0,0.0,0.0
241.270,24127,1,0.0,583874,0,0,0.0,0.0
241.280,24128,1,0.0,546337,0,0,0.0,0.0
241.290,24129,1,0.0,535018,0,0,0.0,0.0
241.300,24130,1,0.0,557573,0,0,0.0,0.0
241.310,24131,1,0.0,576545,0,0,0.0,0.0
241.320,24132,1,0.0,562122,0,0,0.0,0.0
241.330,24133,1,0.0,582519,0,0,0.0,0.0
241.340,24134,1,0.0,557558,0,0,0.0,0.0
241.350,24135,1,0.0,562118,0,0,0.0,0.0
241.360,24136,1,0.0,571535,0,0,0.0,0.0
241.370,24137,1,0.0,592163,0,0,0.0,0.0
241.380,24138,1,0.0,578879,0,0,0.0,0.0
241.390,24139,1,0.0,562073,0,0,0.0,0.0
241.400,24140,1,0.0,581026,0,0,0.0,0.0
241.410,24141,1,0.0,565086,0,0,0.0,0.0
241.420,24142,1,0.0,548287,0,0,0.0,0.0
241.430,24143,1,0.0,550092,0,0,0.0,0.0
241.440,24144,1,0.0,582699,0,0,0.0,0.0
241.450,24145,1,0.0,554912,0,0,0.0,0.0
241.460,24146,1,0.0,570065,0,0,0.0,0.0
241.470,24147,1,0.0,561241,0,0,0.0,0.0
241.480,24148,1,0.0,592347,0,0,0.0,0.0
241.490,24149,1,0.0,570365,0,0,0.0,0.0
241.500,24150,1,0.0,566605,0,0,0.0,0.0
241.510,24151,1,0.0,561514,0,0,0.0,0.0
241.520,24152,1,0.0,571020,0,0,0.0,0.0
241.530,24153,1,0.0,557746,0,0,0.0,0.0
241.540,24154,1,0.0,546870,0,0,0.0,0.0
241.550,24155,1,0.0,561893,0,0,0.0,0.0
241.560,24156,1,0.0,573191,0,0,0.0,0.0
241.570,24157,1,0.0,587485,0,0,0.0,0.0
241.580,24158,1,0.0,571250,0,0,0.0,0.0
241.590,24159,1,0.0,586738,0,0,0.0,0.0
241.600,24160,1,0.0,556528,0,0,0.0,0.0
241.610,24161,1,0.0,579871,0,0,0.0,0.0
241.620,24162,1,0.0,614152,0,0,0.0,0.0
241.630,24163,1,0.0,546998,0,0,0.0,0.0
241.640,24164,1,0.0,610774,0,0,0.0,0.0
241.650,24165,1,0.0,554647,0,0,0.0,0.0
241.660,24166,1,0.0,566248,0,0,0.0,0.0
241.670,24167,1,0.0,570921,0,0,0.0,0.0
241.680,24168,1,0.0,556847,0,0,0.0,0.0
241.690,24169,1,0.0,592439,0,0,0.0,0.0
241.700,24170,1,0.0,585524,0,0,0.0,0.0
241.710,24171,1,0.0,596401,0,0,0.0,0.0
241.720,24172,1,0.0,580189,0,0,0.0,0.0
241.730,24173,1,0.0,565593,0,0,0.0,0.0
241.740,24174,1,0.0,566028,0,0,0.0,0.0
241.750,24175,1,0.0,553698,0,0,0.0,0.0
241.760,24176,1,0.0,595479,0,0,0.0,0.0
241.770,24177,1,0.0,553682,0,0,0.0,0.0
241.780,24178,1,0.0,574048,0,0,0.0,0.0
241.790,24179,1,0.0,581483,0,0,0.0,0.0
241.800,24180,1,0.0,572972,0,0,0.0,0.0
241.810,24181,1,0.0,556750,0,0,0.0,0.0
241.820,24182,1,0.0,548746,0,0,0.0,0.0
241.830,24183,1,0.0,549409,0,0,0.0,0.0
241.840,24184,1,0.0,581944,0,0,0.0,0.0
241.850,24185,1,0.0,569153,0,0,0.0,0.0
241.860,24186,1,0.0,574144,0,0,0.0,0.0
241.870,24187,1,0.0,565214,0,0,0.0,0.0
241.880,24188,1,0.0,552081,0,0,0.0,0.0
241.890,24189,1,0.0,571940,0,0,0.0,0.0
241.900,24190,1,0.0,561562,0,0,0.0,0.0
241.910,24191,1,0.0,580146,0,0,0.0,0.0
241.920,24192,1,0.0,565523,0,0,0.0,0.0
241.930,24193,1,0.0,533558,0,0,0.0,0.0
241.940,24194,1,0.0,537376,0,0,0.0,0.0
241.950,24195,1,0.0,552528,0,0,0.0,0.0
241.960,24196,1,0.0,596727,0,0,0.0,0.0
241.970,24197,1,0.0,579688,0,0,0.0,0.0
241.980,24198,1,0.0,592202,0,0,0.0,0.0
241.990,24199,1,0.0,570164,0,0,0.0,0.0
242.000,24200,1,0.0,550007,0,0,0.0,0.0
242.010,24201,1,0.0,536220,0,0,0.0,0.0
242.020,24202,1,0.0,558257,0,0,0.0,0.0
242.030,24203,1,0.0,579146,0,0,0.0,0.0
242.040,24204,1,0.0,567333,0,0,0.0,0.0
242.050,24205,1,0.0,567864,0,0,0.0,0.0
242.060,24206,1,0.0,519905,0,0,0.0,0.0
242.070,24207,1,0.0,594270,0,0,0.0,0.0
242.080,24208,1,0.0,570232,0,0,0.0,0.0
242.090,24209,1,0.0,569551,0,0,0.0,0.0
242.100,24210,1,0.0,551336,0,0,0.0,0.0
242.110,24211,1,0.0,586165,0,0,0.0,0.0
242.120,24212,1,0.0,568742,0,0,0.0,0.0
242.130,24213,1,0.0,573490,0,0,0.0,0.0
242.140,24214,1,0.0,577554,0,0,0.0,0.0
242.150,24215,1,0.0,581283,0,0,0.0,0.0
242.160,24216,1,0.0,565155,0,0,0.0,0.0
242.170,24217,1,0.0,562478,0,0,0.0,0.0
242.180,24218,1,0.0,592625,0,0,0.0,0.0
242.190,24219,1,0.0,567763,0,0,0.0,0.0
242.200,24220,1,0.0,543962,0,0,0.0,0.0
242.210,24221,1,0.0,560722,0,0,0.0,0.0
242.220,24222,1,0.0,584677,0,0,0.0,0.0
242.230,24223,1,0.0,535625,0,0,0.0,0.0
242.240,24224,1,0.0,544401,0,0,0.0,0.0
242.250,24225,1,0.0,570905,0,0,0.0,0.0
242.260,24226,1,0.0,566478,0,0,0.0,0.0
242.270,24227,1,0.0,581504,0,0,0.0,0.0
242.280,24228,1,0.0,531753,0,0,0.0,0.0
242.290,24229,1,0.0,567010,0,0,0.0,0.0
242.300,24230,1,0.0,565031,0,0,0.0,0.0
242.310,24231,1,0.0,568612,0,0,0.0,0.0
242.320,24232,1,0.0,552797,0,0,0.0,0.0
242.330,24233,1,0.0,564698,0,0,0.0,0.0
242.340,24234,1,0.0,557102,0,0,0.0,0.0
242.350,24235,1,0.0,573606,0,0,0.0,0.0
242.360,24236,1,0.0,547301,0,0,0.0,0.0
242.370,24237,1,0.0,567457,0,0,0.0,0.0
242.380,24238,1,0.0,534853,0,0,0.0,0.0
242.390,24239,1,0.0,575874,0,0,0.0,0.0
242.400,24240,1,0.0,582495,0,0,0.0,0.0
242.410,24241,1,0.0,554316,0,0,0.0,0.0
242.420,24242,1,0.0,582992,0,0,0.0,0.0
242.430,24243,1,0.0,570810,0,0,0.0,0.0
242.440,24244,1,0.0,562732,0,0,0.0,0.0
242.450,24245,1,0.0,572782,0,0,0.0,0.0
242.460,24246,1,0.0,549196,0,0,0.0,0.0
242.470,24247,1,0.0,577947,0,0,0.0,0.0
242.480,24248,1,0.0,522425,0,0,0.0,0.0
242.490,24249,1,0.0,572962,0,0,0.0,0.0
242.500,24250,1,0.0,591145,0,0,0.0,0.0
242.510,24251,1,0.0,580625,0,0,0.0,0.0
242.520,24252,1,0.0,569009,0,0,0.0,0.0
242.530,24253,1,0.0,554154,0,0,0.0,0.0
242.540,24254,1,0.0,564125,0,0,0.0,0.0
242.550,24255,1,0.0,557329,0,0,0.0,0.0
242.560,24256,1,0.0,586179,0,0,0.0,0.0
242.570,24257,1,0.0,598924,0,0,0.0,0.0
242.580,24258,1,0.0,594829,0,0,0.0,0.0
242.590,24259,1,0.0,578625,0,0,0.0,0.0
242.600,24260,1,0.0,553229,0,0,0.0,0.0
242.610,24261,1,0.0,574158,0,0,0.0,0.0
242.620,24262,1,0.0,587042,0,0,0.0,0.0
242.630,24263,1,0.0,576076,0,0,0.0,0.0
242.640,24264,1,0.0,576918,0,0,0.0,0.0
242.650,24265,1,0.0,586019,0,0,0.0,0.0
242.660,24266,1,0.0,542262,0,0,0.0,0.0
242.670,24267,1,0.0,561739,0,0,0.0,0.0
242.680,24268,1,0.0,559598,0,0,0.0,0.0
242.690,24269,1,0.0,583433,0,0,0.0,0.0
242.700,24270,1,0.0,560887,0,0,0.0,0.0
242.710,24271,1,0.0,541685,0,0,0.0,0.0
242.720,24272,1,0.0,570247,0,0,0.0,0.0
242.730,24273,1,0.0,592923,0,0,0.0,0.0
242.740,24274,1,0.0,586232,0,0,0.0,0.0
242.750,24275,1,0.0,579100,0,0,0.0,0.0
242.760,24276,1,0.0,568946,0,0,0.0,0.0
242.770,24277,1,0.0,570099,0,0,0.0,0.0
242.780,24278,1,0.0,575657,0,0,0.0,0.0
242.790,24279,1,0.0,592193,0,0,0.0,0.0
242.800,24280,1,0.0,546988,0,0,0.0,0.0
242.810,24281,1,0.0,572611,0,0,0.0,0.0
242.820,24282,1,0.0,564631,0,0,0.0,0.0
242.830,24283,1,0.0,606963,0,0,0.0,0.0
242.840,24284,1,0.0,570994,0,0,0.0,0.0
242.850,24285,1,0.0,552431,0,0,0.0,0.0
242.860,24286,1,0.0,570414,0,0,0.0,0.0
242.870,24287,1,0.0,566832,0,0,0.0,0.0
242.880,24288,1,0.0,524013,0,0,0.0,0.0
242.890,24289,1,0.0,581484,0,0,0.0,0.0
242.900,24290,1,0.0,540678,0,0,0.0,0.0
242.910,24291,1,0.0,531397,0,0,0.0,0.0
242.920,24292,1,0.0,570963,0,0,0.0,0.0
242.930,24293,1,0.0,567393,0,0,0.0,0.0
242.940,24294,1,0.0,564962,0,0,0.0,0.0
242.950,24295,1,0.0,563381,0,0,0.0,0.0
242.960,24296,1,0.0,575486,0,0,0.0,0.0
242.970,24297,1,0.0,558779,0,0,0.0,0.0
242.980,24298,1,0.0,590365,0,0,0.0,0.0
242.990,24299,1,0.0,574864,0,0,0.0,0.0
243.000,24300,1,0.0,530563,0,0,0.0,0.0
243.010,24301,1,0.0,566678,0,0,0.0,0.0
243.020,24302,1,0.0,589249,0,0,0.0,0.0
243.030,24303,1,0.0,592123,0,0,0.0,0.0
243.040,24304,1,0.0,555936,0,0,0.0,0.0
243.050,24305,1,0.0,564685,0,0,0.0,0.0
243.060,24306,1,0.0,601213,0,0,0.0,0.0
243.070,24307,1,0.0,560355,0,0,0.0,0.0
243.080,24308,1,0.0,548007,0,0,0.0,0.0
243.090,24309,1,0.0,563547,0,0,0.0,0.0
243.100,24310,1,0.0,567001,0,0,0.0,0.0
243.110,24311,1,0.0,562896,0,0,0.0,0.0
243.120,24312,1,0.0,606079,0,0,0.0,0.0
243.130,24313,1,0.0,571209,0,0,0.0,0.0
243.140,24314,1,0.0,613324,0,0,0.0,0.0
243.150,24315,1,0.0,526307,0,0,0.0,0.0
243.160,24316,1,0.0,566471,0,0,0.0,0.0
243.170,24317,1,0.0,562092,0,0,0.0,0.0
243.180,24318,1,0.0,588554,0,0,0.0,0.0
243.190,24319,1,0.0,604830,0,0,0.0,0.0
243.200,24320,1,0.0,590802,0,0,0.0,0.0
243.210,24321,1,0.0,570636,0,0,0.0,0.0
243.220,24322,1,0.0,601060,0,0,0.0,0.0
243.230,24323,1,0.0,585618,0,0,0.0,0.0
243.240,24324,1,0.0,603634,0,0,0.0,0.0
243.250,24325,1,0.0,615163,0,0,0.0,0.0
243.260,24326,1,0.0,594301,0,0,0.0,0.0
243.270,24327,1,0.0,579372,0,0,0.0,0.0
243.280,24328,1,0.0,560370,0,0,0.0,0.0
243.290,24329,1,0.0,560158,0,0,0.0,0.0
243.300,24330,1,0.0,577532,0,0,0.0,0.0
243.310,24331,1,0.0,575414,0,0,0.0,0.0
243.320,24332,1,0.0,549129,0,0,0.0,0.0
243.330,24333,1,0.0,570397,0,0,0.0,0.0
243.340,24334,1,0.0,612096,0,0,0.0,0.0
243.350,24335,1,0.0,604285,0,0,0.0,0.0
243.360,24336,1,0.0,533555,0,0,0.0,0.0
243.370,24337,1,0.0,565226,0,0,0.0,0.0
243.380,24338,1,0.0,558196,0,0,0.0,0.0
243.390,24339,1,0.0,576726,0,0,0.0,0.0
243.400,24340,1,0.0,570288,0,0,0.0,0.0
243.410,24341,1,0.0,555185,0,0,0.0,0.0
243.420,24342,1,0.0,566537,0,0,0.0,0.0
243.430,24343,1,0.0,553431,0,0,0.0,0.0
243.440,24344,1,0.0,577871,0,0,0.0,0.0
243.450,24345,1,0.0,572922,0,0,0.0,0.0
243.460,24346,1,0.0,567402,0,0,0.0,0.0
243.470,24347,1,0.0,576707,0,0,0.0,0.0
243.480,24348,1,0.0,562853,0,0,0.0,0.0
243.490,24349,1,0.0,542413,0,0,0.0,0.0
243.500,24350,1,0.0,593592,0,0,0.0,0.0
243.510,24351,1,0.0,609680,0,0,0.0,0.0
243.520,24352,1,0.0,593406,0,0,0.0,0.0
243.530,24353,1,0.0,590940,0,0,0.0,0.0
243.540,24354,1,0.0,595225,0,0,0.0,0.0
243.550,24355,1,0.0,556915,0,0,0.0,0.0
243.560,24356,1,0.0,545863,0,0,0.0,0.0
243.570,24357,1,0.0,567101,0,0,0.0,0.0
243.580,24358,1,0.0,587942,0,0,0.0,0.0
243.590,24359,1,0.0,564827,0,0,0.0,0.0
243.600,24360,1,0.0,560876,0,0,0.0,0.0
243.610,24361,1,0.0,571692,0,0,0.0,0.0
243.620,24362,1,0.0,535185,0,0,0.0,0.0
243.630,24363,1,0.0,555540,0,0,0.0,0.0
243.640,24364,1,0.0,575765,0,0,0.0,0.0
243.650,24365,1,0.0,561474,0,0,0.0,0.0
243.660,24366,1,0.0,547537,0,0,0.0,0.0
243.670,24367,1,0.0,546407,0,0,0.0,0.0
243.680,24368,1,0.0,586932,0,0,0.0,0.0
243.690,24369,1,0.0,584903,0,0,0.0,0.0
243.700,24370,1,0.0,582859,0,0,0.0,0.0
243.710,24371,1,0.0,548375,0,0,0.0,0.0
243.720,24372,1,0.0,577201,0,0,0.0,0.0
243.730,24373,1,0.0,604097,0,0,0.0,0.0
243.740,24374,1,0.0,579776,0,0,0.0,0.0
243.750,24375,1,0.0,600063,0,0,0.0,0.0
243.760,24376,1,0.0,548348,0,0,0.0,0.0
243.770,24377,1,0.0,609679,0,0,0.0,0.0
243.780,24378,1,0.0,571487,0,0,0.0,0.0
243.790,24379,1,0.0,562396,0,0,0.0,0.0
243.800,24380,1,0.0,566632,0,0,0.0,0.0
243.810,24381,1,0.0,585684,0,0,0.0,0.0
243.820,24382,1,0.0,591144,0,0,0.0,0.0
243.830,24383,1,0.0,548759,0,0,0.0,0.0
243.840,24384,1,0.0,597373,0,0,0.0,0.0
243.850,24385,1,0.0,574136,0,0,0.0,0.0
243.860,24386,1,0.0,572421,0,0,0.0,0.0
243.870,24387,1,0.0,557954,0,0,0.0,0.0
243.880,24388,1,0.0,544496,0,0,0.0,0.0
243.890,24389,1,0.0,571572,0,0,0.0,0.0
243.900,24390,1,0.0,569273,0,0,0.0,0.0
243.910,24391,1,0.0,579487,0,0,0.0,0.0
243.920,24392,1,0.0,565339,0,0,0.0,0.0
243.930,24393,1,0.0,530922,0,0,0.0,0.0
243.940,24394,1,0.0,545513,0,0,0.0,0.0
243.950,24395,1,0.0,551149,0,0,0.0,0.0
243.960,24396,1,0.0,592563,0,0,0.0,0.0
243.970,24397,1,0.0,574124,0,0,0.0,0.0
243.980,24398,1,0.0,590061,0,0,0.0,0.0
243.990,24399,1,0.0,575748,0,0,0.0,0.0
244.000,24400,1,0.0,546416,0,0,0.0,0.0
244.010,24401,1,0.0,572303,0,0,0.0,0.0
244.020,24402,1,0.0,580837,0,0,0.0,0.0
244.030,24403,1,0.0,560715,0,0,0.0,0.0
244.040,24404,1,0.0,551332,0,0,0.0,0.0
244.050,24405,1,0.0,565432,0,0,0.0,0.0
244.060,24406,1,0.0,586853,0,0,0.0,0.0
244.070,24407,1,0.0,568483,0,0,0.0,0.0
244.080,24408,1,0.0,564600,0,0,0.0,0.0
244.090,24409,1,0.0,565568,0,0,0.0,0.0
244.100,24410,1,0.0,552885,0,0,0.0,0.0
244.110,24411,1,0.0,551057,0,0,0.0,0.0
244.120,24412,1,0.0,581057,0,0,0.0,0.0
244.130,24413,1,0.0,552838,0,0,0.0,0.0
244.140,24414,1,0.0,560929,0,0,0.0,0.0
244.150,24415,1,0.0,531952,0,0,0.0,0.0
244.160,24416,1,0.0,525130,0,0,0.0,0.0
244.170,24417,1,0.0,558641,0,0,0.0,0.0
244.180,24418,1,0.0,575316,0,0,0.0,0.0
244.190,24419,1,0.0,591268,0,0,0.0,0.0
244.200,24420,1,0.0,601626,0,0,0.0,0.0
244.210,24421,1,0.0,558481,0,0,0.0,0.0
244.220,24422,1,0.0,564367,0,0,0.0,0.0
244.230,24423,1,0.0,569093,0,0,0.0,0.0
244.240,24424,1,0.0,593749,0,0,0.0,0.0
244.250,24425,1,0.0,567881,0,0,0.0,0.0
244.260,24426,1,0.0,552838,0,0,0.0,0.0
244.270,24427,1,0.0,539166,0,0,0.0,0.0
244.280,24428,1,0.0,543880,0,0,0.0,0.0
244.290,24429,1,0.0,563602,0,0,0.0,0.0
244.300,24430,1,0.0,557602,0,0,0.0,0.0
244.310,24431,1,0.0,573166,0,0,0.0,0.0
244.320,24432,1,0.0,574755,0,0,0.0,0.0
244.330,24433,1,0.0,549406,0,0,0.0,0.0
244.340,24434,1,0.0,569606,0,0,0.0,0.0
244.350,24435,1,0.0,589796,0,0,0.0,0.0
244.360,24436,1,0.0,585590,0,0,0.0,0.0
244.370,24437,1,0.0,538154,0,0,0.0,0.0
244.380,24438,1,0.0,561255,0,0,0.0,0.0
244.390,24439,1,0.0,575189,0,0,0.0,0.0
244.400,24440,1,0.0,606730,0,0,0.0,0.0
244.410,24441,1,0.0,611949,0,0,0.0,0.0
244.420,24442,1,0.0,569507,0,0,0.0,0.0
244.430,24443,1,0.0,545685,0,0,0.0,0.0
244.440,24444,1,0.0,582064,0,0,0.0,0.0
244.450,24445,1,0.0,581167,0,0,0.0,0.0
244.460,24446,1,0.0,554946,0,0,0.0,0.0
244.470,24447,1,0.0,558204,0,0,0.0,0.0
244.480,24448,1,0.0,587231,0,0,0.0,0.0
244.490,24449,1,0.0,579342,0,0,0.0,0.0
244.500,24450,1,0.0,617372,0,0,0.0,0.0
244.510,24451,1,0.0,582413,0,0,0.0,0.0
244.520,24452,1,0.0,570086,0,0,0.0,0.0
244.530,24453,1,0.0,599178,0,0,0.0,0.0
244.540,24454,1,0.0,586165,0,0,0.0,0.0
244.550,24455,1,0.0,599025,0,0,0.0,0.0
244.560,24456,1,0.0,610983,0,0,0.0,0.0
244.570,24457,1,0.0,561216,0,0,0.0,0.0
244.580,24458,1,0.0,574566,0,0,0.0,0.0
244.590,24459,1,0.0,575136,0,0,0.0,0.0
244.600,24460,1,0.0,533396,0,0,0.0,0.0
244.610,24461,1,0.0,539302,0,0,0.0,0.0
244.620,24462,1,0.0,536432,0,0,0.0,0.0
244.630,24463,1,0.0,574920,0,0,0.0,0.0
244.640,24464,1,0.0,607766,0,0,0.0,0.0
244.650,24465,1,0.0,572506,0,0,0.0,0.0
244.660,24466,1,0.0,537255,0,0,0.0,0.0
244.670,24467,1,0.0,536195,0,0,0.0,0.0
244.680,24468,1,0.0,545447,0,0,0.0,0.0
244.690,24469,1,0.0,568382,0,0,0.0,0.0
244.700,24470,1,0.0,539366,0,0,0.0,0.0
244.710,24471,1,0.0,561729,0,0,0.0,0.0
244.720,24472,1,0.0,541650,0,0,0.0,0.0
244.730,24473,1,0.0,550421,0,0,0.0,0.0
244.740,24474,1,0.0,545903,0,0,0.0,0.0
244.750,24475,1,0.0,562651,0,0,0.0,0.0
244.760,24476,1,0.0,568436,0,0,0.0,0.0
244.770,24477,1,0.0,552210,0,0,0.0,0.0
244.780,24478,1,0.0,585076,0,0,0.0,0.0
244.790,24479,1,0.0,569964,0,0,0.0,0.0
244.800,24480,1,0.0,546949,0,0,0.0,0.0
244.810,24481,1,0.0,539509,0,0,0.0,0.0
244.820,24482,1,0.0,530735,0,0,0.0,0.0
244.830,24483,1,0.0,542565,0,0,0.0,0.0
244.840,24484,1,0.0,606524,0,0,0.0,0.0
244.850,24485,1,0.0,568100,0,0,0.0,0.0
244.860,24486,1,0.0,562889,0,0,0.0,0.0
244.870,24487,1,0.0,536301,0,0,0.0,0.0
244.880,24488,1,0.0,562363,0,0,0.0,0.0
244.890,24489,1,0.0,537642,0,0,0.0,0.0
244.900,24490,1,0.0,559964,0,0,0.0,0.0
244.910,24491,1,0.0,542210,0,0,0.0,0.0
244.920,24492,1,0.0,546288,0,0,0.0,0.0
244.930,24493,1,0.0,565953,0,0,0.0,0.0
244.940,24494,1,0.0,567115,0,0,0.0,0.0
244.950,24495,1,0.0,536620,0,0,0.0,0.0
244.960,24496,1,0.0,549541,0,0,0.0,0.0
244.970,24497,1,0.0,570055,0,0,0.0,0.0
244.980,24498,1,0.0,589522,0,0,0.0,0.0
244.990,24499,1,0.0,574838,0,0,0.0,0.0
245.000,24500,1,0.0,565517,0,0,0.0,0.0
245.010,24501,1,0.0,587219,0,0,0.0,0.0
245.020,24502,1,0.0,600593,0,0,0.0,0.0
245.030,24503,1,0.0,577459,0,0,0.0,0.0
245.040,24504,1,0.0,557498,0,0,0.0,0.0
245.050,24505,1,0.0,563344,0,0,0.0,0.0
245.060,24506,1,0.0,554329,0,0,0.0,0.0
245.070,24507,1,0.0,579442,0,0,0.0,0.0
245.080,24508,1,0.0,545754,0,0,0.0,0.0
245.090,24509,1,0.0,560815,0,0,0.0,0.0
245.100,24510,1,0.0,597625,0,0,0.0,0.0
245.110,24511,1,0.0,537716,0,0,0.0,0.0
245.120,24512,1,0.0,579846,0,0,0.0,0.0
245.130,24513,1,0.0,544168,0,0,0.0,0.0
245.140,24514,1,0.0,562040,0,0,0.0,0.0
245.150,24515,1,0.0,593036,0,0,0.0,0.0
245.160,24516,1,0.0,586952,0,0,0.0,0.0
245.170,24517,1,0.0,573803,0,0,0.0,0.0
245.180,24518,1,0.0,589351,0,0,0.0,0.0
245.190,24519,1,0.0,593502,0,0,0.0,0.0
245.200,24520,1,0.0,573999,0,0,0.0,0.0
245.210,24521,1,0.0,599093,0,0,0.0,0.0
245.220,24522,1,0.0,570053,0,0,0.0,0.0
245.230,24523,1,0.0,561220,0,0,0.0,0.0
245.240,24524,1,0.0,546630,0,0,0.0,0.0
245.250,24525,1,0.0,578694,0,0,0.0,0.0
245.260,24526,1,0.0,568027,0,0,0.0,0.0
245.270,24527,1,0.0,536168,0,0,0.0,0.0
245.280,24528,1,0.0,562450,0,0,0.0,0.0
245.290,24529,1,0.0,580270,0,0,0.0,0.0
245.300,24530,1,0.0,580670,0,0,0.0,0.0
245.310,24531,1,0.0,593208,0,0,0.0,0.0
245.320,24532,1,0.0,546023,0,0,0.0,0.0
245.330,24533,1,0.0,570714,0,0,0.0,0.0
245.340,24534,1,0.0,574094,0,0,0.0,0.0
245.350,24535,1,0.0,587692,0,0,0.0,0.0
245.360,24536,1,0.0,558791,0,0,0.0,0.0
245.370,24537,1,0.0,569428,0,0,0.0,0.0
245.380,24538,1,0.0,559939,0,0,0.0,0.0
245.390,24539,1,0.0,589064,0,0,0.0,0.0
245.400,24540,1,0.0,566556,0,0,0.0,0.0
245.410,24541,1,0.0,576761,0,0,0.0,0.0
245.420,24542,1,0.0,564272,0,0,0.0,0.0
245.430,24543,1,0.0,568325,0,0,0.0,0.0
245.440,24544,1,0.0,582477,0,0,0.0,0.0
245.450,24545,1,0.0,560173,0,0,0.0,0.0
245.460,24546,1,0.0,572275,0,0,0.0,0.0
245.470,24547,1,0.0,565256,0,0,0.0,0.0
245.480,24548,1,0.0,551328,0,0,0.0,0.0
245.490,24549,1,0.0,586892,0,0,0.0,0.0
245.500,24550,1,0.0,585224,0,0,0.0,0.0
245.510,24551,1,0.0,597791,0,0,0.0,0.0
245.520,24552,1,0.0,624515,0,0,0.0,0.0
245.530,24553,1,0.0,602071,0,0,0.0,0.0
245.540,24554,1,0.0,596216,0,0,0.0,0.0
245.550,24555,1,0.0,602058,0,0,0.0,0.0
245.560,24556,1,0.0,562603,0,0,0.0,0.0
245.570,24557,1,0.0,557494,0,0,0.0,0.0
245.580,24558,1,0.0,553442,0,0,0.0,0.0
245.590,24559,1,0.0,592337,0,0,0.0,0.0
245.600,24560,1,0.0,567433,0,0,0.0,0.0
245.610,24561,1,0.0,591784,0,0,0.0,0.0
245.620,24562,1,0.0,557845,0,0,0.0,0.0
245.630,24563,1,0.0,550721,0,0,0.0,0.0
245.640,24564,1,0.0,586408,0,0,0.0,0.0
245.650,24565,1,0.0,548025,0,0,0.0,0.0
245.660,24566,1,0.0,553948,0,0,0.0,0.0
245.670,24567,1,0.0,520001,0,0,0.0,0.0
245.680,24568,1,0.0,559830,0,0,0.0,0.0
245.690,24569,1,0.0,557705,0,0,0.0,0.0
245.700,24570,1,0.0,561620,0,0,0.0,0.0
245.710,24571,1,0.0,555860,0,0,0.0,0.0
245.720,24572,1,0.0,559322,0,0,0.0,0.0
245.730,24573,1,0.0,573859,0,0,0.0,0.0
245.740,24574,1,0.0,597472,0,0,0.0,0.0
245.750,24575,1,0.0,569533,0,0,0.0,0.0
245.760,24576,1,0.0,583225,0,0,0.0,0.0
245.770,24577,1,0.0,580954,0,0,0.0,0.0
245.780,24578,1,0.0,577989,0,0,0.0,0.0
245.790,24579,1,0.0,549419,0,0,0.0,0.0
245.800,24580,1,0.0,568461,0,0,0.0,0.0
245.810,24581,1,0.0,551126,0,0,0.0,0.0
245.820,24582,1,0.0,567501,0,0,0.0,0.0
245.830,24583,1,0.0,569227,0,0,0.0,0.0
245.840,24584,1,0.0,593439,0,0,0.0,0.0
245.850,24585,1,0.0,591549,0,0,0.0,0.0
245.860,24586,1,0.0,554576,0,0,0.0,0.0
245.870,24587,1,0.0,554539,0,0,0.0,0.0
245.880,24588,1,0.0,581469,0,0,0.0,0.0
245.890,24589,1,0.0,529370,0,0,0.0,0.0
245.900,24590,1,0.0,559459,0,0,0.0,0.0
245.910,24591,1,0.0,576798,0,0,0.0,0.0
245.920,24592,1,0.0,563572,0,0,0.0,0.0
245.930,24593,1,0.0,586656,0,0,0.0,0.0
245.940,24594,1,0.0,574073,0,0,0.0,0.0
245.950,24595,1,0.0,552122,0,0,0.0,0.0
245.960,24596,1,0.0,576387,0,0,0.0,0.0
245.970,24597,1,0.0,551901,0,0,0.0,0.0
245.980,24598,1,0.0,550324,0,0,0.0,0.0
245.990,24599,1,0.0,563095,0,0,0.0,0.0
246.000,24600,1,0.0,569281,0,0,0.0,0.0
246.010,24601,1,0.0,564677,0,0,0.0,0.0
246.020,24602,1,0.0,544888,0,0,0.0,0.0
246.030,24603,1,0.0,576788,0,0,0.0,0.0
246.040,24604,1,0.0,562199,0,0,0.0,0.0
246.050,24605,1,0.0,589819,0,0,0.0,0.0
246.060,24606,1,0.0,545727,0,0,0.0,0.0
246.070,24607,1,0.0,555533,0,0,0.0,0.0
246.080,24608,1,0.0,574720,0,0,0.0,0.0
246.090,24609,1,0.0,574152,0,0,0.0,0.0
246.100,24610,1,0.0,557929,0,0,0.0,0.0
246.110,24611,1,0.0,565576,0,0,0.0,0.0
246.120,24612,1,0.0,518171,0,0,0.0,0.0
246.130,24613,1,0.0,551803,0,0,0.0,0.0
246.140,24614,1,0.0,556959,0,0,0.0,0.0
246.150,24615,1,0.0,566329,0,0,0.0,0.0
246.160,24616,1,0.0,533309,0,0,0.0,0.0
246.170,24617,1,0.0,552404,0,0,0.0,0.0
246.180,24618,1,0.0,537594,0,0,0.0,0.0
246.190,24619,1,0.0,572327,0,0,0.0,0.0
246.200,24620,1,0.0,540682,0,0,0.0,0.0
246.210,24621,1,0.0,537772,0,0,0.0,0.0
246.220,24622,1,0.0,567234,0,0,0.0,0.0
246.230,24623,1,0.0,552324,0,0,0.0,0.0
246.240,24624,1,0.0,540655,0,0,0.0,0.0
246.250,24625,1,0.0,546069,0,0,0.0,0.0
246.260,24626,1,0.0,566984,0,0,0.0,0.0
246.270,24627,1,0.0,551908,0,0,0.0,0.0
246.280,24628,1,0.0,558924,0,0,0.0,0.0
246.290,24629,1,0.0,577865,0,0,0.0,0.0
246.300,24630,1,0.0,567721,0,0,0.0,0.0
246.310,24631,1,0.0,573115,0,0,0.0,0.0
246.320,24632,1,0.0,615002,0,0,0.0,0.0
246.330,24633,1,0.0,540255,0,0,0.0,0.0
246.340,24634,1,0.0,582495,0,0,0.0,0.0
246.350,24635,1,0.0,575217,0,0,0.0,0.0
246.360,24636,1,0.0,603535,0,0,0.0,0.0
246.370,24637,1,0.0,585664,0,0,0.0,0.0
246.380,24638,1,0.0,578783,0,0,0.0,0.0
246.390,24639,1,0.0,563591,0,0,0.0,0.0
246.400,24640,1,0.0,569873,0,0,0.0,0.0
246.410,24641,1,0.0,579288,0,0,0.0,0.0
246.420,24642,1,0.0,585355,0,0,0.0,0.0
246.430,24643,1,0.0,585513,0,0,0.0,0.0
246.440,24644,1,0.0,584781,0,0,0.0,0.0
246.450,24645,1,0.0,558970,0,0,0.0,0.0
246.460,24646,1,0.0,564199,0,0,0.0,0.0
246.470,24647,1,0.0,553290,0,0,0.0,0.0
246.480,24648,1,0.0,561977,0,0,0.0,0.0
246.490,24649,1,0.0,587654,0,0,0.0,0.0
246.500,24650,1,0.0,586188,0,0,0.0,0.0
246.510,24651,1,0.0,553178,0,0,0.0,0.0
246.520,24652,1,0.0,590500,0,0,0.0,0.0
246.530,24653,1,0.0,573178,0,0,0.0,0.0
246.540,24654,1,0.0,568613,0,0,0.0,0.0
246.550,24655,1,0.0,583029,0,0,0.0,0.0
246.560,24656,1,0.0,585478,0,0,0.0,0.0
246.570,24657,1,0.0,602463,0,0,0.0,0.0
246.580,24658,1,0.0,589907,0,0,0.0,0.0
246.590,24659,1,0.0,543059,0,0,0.0,0.0
246.600,24660,1,0.0,553163,0,0,0.0,0.0
246.610,24661,1,0.0,545203,0,0,0.0,0.0
246.620,24662,1,0.0,555043,0,0,0.0,0.0
246.630,24663,1,0.0,573767,0,0,0.0,0.0
246.640,24664,1,0.0,579987,0,0,0.0,0.0
246.650,24665,1,0.0,597924,0,0,0.0,0.0
246.660,24666,1,0.0,551360,0,0,0.0,0.0
246.670,24667,1,0.0,579753,0,0,0.0,0.0
246.680,24668,1,0.0,551126,0,0,0.0,0.0
246.690,24669,1,0.0,587329,0,0,0.0,0.0
246.700,24670,1,0.0,543400,0,0,0.0,0.0
246.710,24671,1,0.0,593105,0,0,0.0,0.0
246.720,24672,1,0.0,572285,0,0,0.0,0.0
246.730,24673,1,0.0,559943,0,0,0.0,0.0
246.740,24674,1,0.0,549527,0,0,0.0,0.0
246.750,24675,1,0.0,562115,0,0,0.0,0.0
246.760,24676,1,0.0,556550,0,0,0.0,0.0
246.770,24677,1,0.0,539588,0,0,0.0,0.0
246.780,24678,1,0.0,580345,0,0,0.0,0.0
246.790,24679,1,0.0,607404,0,0,0.0,0.0
246.800,24680,1,0.0,611482,0,0,0.0,0.0
246.810,24681,1,0.0,579703,0,0,0.0,0.0
246.820,24682,1,0.0,573657,0,0,0.0,0.0
246.830,24683,1,0.0,559494,0,0,0.0,0.0
246.840,24684,1,0.0,611074,0,0,0.0,0.0
246.850,24685,1,0.0,591643,0,0,0.0,0.0
246.860,24686,1,0.0,576290,0,0,0.0,0.0
246.870,24687,1,0.0,589336,0,0,0.0,0.0
246.880,24688,1,0.0,592429,0,0,0.0,0.0
246.890,24689,1,0.0,596662,0,0,0.0,0.0
246.900,24690,1,0.0,570709,0,0,0.0,0.0
246.910,24691,1,0.0,573158,0,0,0.0,0.0
246.920,24692,1,0.0,570990,0,0,0.0,0.0
246.930,24693,1,0.0,590502,0,0,0.0,0.0
246.940,24694,1,0.0,558313,0,0,0.0,0.0
246.950,24695,1,0.0,585751,0,0,0.0,0.0
246.960,24696,1,0.0,592276,0,0,0.0,0.0
246.970,24697,1,0.0,586065,0,0,0.0,0.0
246.980,24698,1,0.0,553814,0,0,0.0,0.0
246.990,24699,1,0.0,562655,0,0,0.0,0.0
247.000,24700,1,0.0,565452,0,0,0.0,0.0
247.010,24701,1,0.0,553118,0,0,0.0,0.0
247.020,24702,1,0.0,565445,0,0,0.0,0.0
247.030,24703,1,0.0,572162,0,0,0.0,0.0
247.040,24704,1,0.0,594448,0,0,0.0,0.0
247.050,24705,1,0.0,592629,0,0,0.0,0.0
247.060,24706,1,0.0,585055,0,0,0.0,0.0
247.070,24707,1,0.0,594418,0,0,0.0,0.0
247.080,24708,1,0.0,603921,0,0,0.0,0.0
247.090,24709,1,0.0,602604,0,0,0.0,0.0
247.100,24710,1,0.0,601948,0,0,0.0,0.0
247.110,24711,1,0.0,574637,0,0,0.0,0.0
247.120,24712,1,0.0,579210,0,0,0.0,0.0
247.130,24713,1,0.0,565318,0,0,0.0,0.0
247.140,24714,1,0.0,585510,0,0,0.0,0.0
247.150,24715,1,0.0,547411,0,0,0.0,0.0
247.160,24716,1,0.0,559712,0,0,0.0,0.0
247.170,24717,1,0.0,552095,0,0,0.0,0.0
247.180,24718,1,0.0,571606,0,0,0.0,0.0
247.190,24719,1,0.0,578609,0,0,0.0,0.0
247.200,24720,1,0.0,555014,0,0,0.0,0.0
247.210,24721,1,0.0,585401,0,0,0.0,0.0
247.220,24722,1,0.0,584256,0,0,0.0,0.0
247.230,24723,1,0.0,586035,0,0,0.0,0.0
247.240,24724,1,0.0,548670,0,0,0.0,0.0
247.250,24725,1,0.0,580744,0,0,0.0,0.0
247.260,24726,1,0.0,543927,0,0,0.0,0.0
247.270,24727,1,0.0,567660,0,0,0.0,0.0
247.280,24728,1,0.0,563805,0,0,0.0,0.0
247.290,24729,1,0.0,562161,0,0,0.0,0.0
247.300,24730,1,0.0,573817,0,0,0.0,0.0
247.310,24731,1,0.0,579023,0,0,0.0,0.0
247.320,24732,1,0.0,547914,0,0,0.0,0.0
247.330,24733,1,0.0,577774,0,0,0.0,0.0
247.340,24734,1,0.0,576425,0,0,0.0,0.0
247.350,24735,1,0.0,574623,0,0,0.0,0.0
247.360,24736,1,0.0,592938,0,0,0.0,0.0
247.370,24737,1,0.0,537384,0,0,0.0,0.0
247.380,24738,1,0.0,579244,0,0,0.0,0.0
247.390,24739,1,0.0,576684,0,0,0.0,0.0
247.400,24740,1,0.0,581711,0,0,0.0,0.0
247.410,24741,1,0.0,572789,0,0,0.0,0.0
247.420,24742,1,0.0,580594,0,0,0.0,0.0
247.430,24743,1,0.0,573449,0,0,0.0,0.0
247.440,24744,1,0.0,565383,0,0,0.0,0.0
247.450,24745,1,0.0,604084,0,0,0.0,0.0
247.460,24746,1,0.0,563142,0,0,0.0,0.0
247.470,24747,1,0.0,547505,0,0,0.0,0.0
247.480,24748,1,0.0,539879,0,0,0.0,0.0
247.490,24749,1,0.0,553782,0,0,0.0,0.0
247.500,24750,1,0.0,558087,0,0,0.0,0.0
247.510,24751,1,0.0,544648,0,0,0.0,0.0
247.520,24752,1,0.0,571478,0,0,0.0,0.0
247.530,24753,1,0.0,578222,0,0,0.0,0.0
247.540,24754,1,0.0,552882,0,0,0.0,0.0
247.550,24755,1,0.0,568174,0,0,0.0,0.0
247.560,24756,1,0.0,560621,0,0,0.0,0.0
247.570,24757,1,0.0,557945,0,0,0.0,0.0
247.580,24758,1,0.0,578292,0,0,0.0,0.0
247.590,24759,1,0.0,563561,0,0,0.0,0.0
247.600,24760,1,0.0,584050,0,0,0.0,0.0
247.610,24761,1,0.0,554337,0,0,0.0,0.0
247.620,24762,1,0.0,554811,0,0,0.0,0.0
247.630,24763,1,0.0,556641,0,0,0.0,0.0
247.640,24764,1,0.0,571991,0,0,0.0,0.0
247.650,24765,1,0.0,560543,0,0,0.0,0.0
247.660,24766,1,0.0,552237,0,0,0.0,0.0
247.670,24767,1,0.0,562978,0,0,0.0,0.0
247.680,24768,1,0.0,528292,0,0,0.0,0.0
247.690,24769,1,0.0,570119,0,0,0.0,0.0
247.700,24770,1,0.0,566545,0,0,0.0,0.0
247.710,24771,1,0.0,561229,0,0,0.0,0.0
247.720,24772,1,0.0,551924,0,0,0.0,0.0
247.730,24773,1,0.0,530543,0,0,0.0,0.0
247.740,24774,1,0.0,546491,0,0,0.0,0.0
247.750,24775,1,0.0,571443,0,0,0.0,0.0
247.760,24776,1,0.0,573068,0,0,0.0,0.0
247.770,24777,1,0.0,600238,0,0,0.0,0.0
247.780,24778,1,0.0,585740,0,0,0.0,0.0
247.790,24779,1,0.0,579273,0,0,0.0,0.0
247.800,24780,1,0.0,543265,0,0,0.0,0.0
247.810,24781,1,0.0,528424,0,0,0.0,0.0
247.820,24782,1,0.0,563738,0,0,0.0,0.0
247.830,24783,1,0.0,559886,0,0,0.0,0.0
247.840,24784,1,0.0,562468,0,0,0.0,0.0
247.850,24785,1,0.0,561196,0,0,0.0,0.0
247.860,24786,1,0.0,585347,0,0,0.0,0.0
247.870,24787,1,0.0,580009,0,0,0.0,0.0
247.880,24788,1,0.0,573465,0,0,0.0,0.0
247.890,24789,1,0.0,557035,0,0,0.0,0.0
247.900,24790,1,0.0,585652,0,0,0.0,0.0
247.910,24791,1,0.0,554153,0,0,0.0,0.0
247.920,24792,1,0.0,566164,0,0,0.0,0.0
247.930,24793,1,0.0,549975,0,0,0.0,0.0
247.940,24794,1,0.0,560950,0,0,0.0,0.0
247.950,24795,1,0.0,548743,0,0,0.0,0.0
247.960,24796,1,0.0,567823,0,0,0.0,0.0
247.970,24797,1,0.0,608766,0,0,0.0,0.0
247.980,24798,1,0.0,587754,0,0,0.0,0.0
247.990,24799,1,0.0,598114,0,0,0.0,0.0
248.000,24800,1,0.0,603646,0,0,0.0,0.0
248.010,24801,1,0.0,580023,0,0,0.0,0.0
248.020,24802,1,0.0,532649,0,0,0.0,0.0
248.030,24803,1,0.0,551463,0,0,0.0,0.0
248.040,24804,1,0.0,555825,0,0,0.0,0.0
248.050,24805,1,0.0,538231,0,0,0.0,0.0
248.060,24806,1,0.0,525094,0,0,0.0,0.0
248.070,24807,1,0.0,537271,0,0,0.0,0.0
248.080,24808,1,0.0,562565,0,0,0.0,0.0
248.090,24809,1,0.0,561685,0,0,0.0,0.0
248.100,24810,1,0.0,566920,0,0,0.0,0.0
248.110,24811,1,0.0,561573,0,0,0.0,0.0
248.120,24812,1,0.0,565890,0,0,0.0,0.0
248.130,24813,1,0.0,591901,0,0,0.0,0.0
248.140,24814,1,0.0,581260,0,0,0.0,0.0
248.150,24815,1,0.0,570733,0,0,0.0,0.0
248.160,24816,1,0.0,562965,0,0,0.0,0.0
248.170,24817,1,0.0,565110,0,0,0.0,0.0
248.180,24818,1,0.0,580945,0,0,0.0,0.0
248.190,24819,1,0.0,589939,0,0,0.0,0.0
248.200,24820,1,0.0,570766,0,0,0.0,0.0
248.210,24821,1,0.0,564266,0,0,0.0,0.0
248.220,24822,1,0.0,577841,0,0,0.0,0.0
248.230,24823,1,0.0,579216,0,0,0.0,0.0
248.240,24824,1,0.0,578805,0,0,0.0,0.0
248.250,24825,1,0.0,567086,0,0,0.0,0.0
248.260,24826,1,0.0,578457,0,0,0.0,0.0
248.270,24827,1,0.0,545325,0,0,0.0,0.0
248.280,24828,1,0.0,577415,0,0,0.0,0.0
248.290,24829,1,0.0,581270,0,0,0.0,0.0
248.300,24830,1,0.0,571067,0,0,0.0,0.0
248.310,24831,1,0.0,589047,0,0,0.0,0.0
248.320,24832,1,0.0,617031,0,0,0.0,0.0
248.330,24833,1,0.0,596238,0,0,0.0,0.0
248.340,24834,1,0.0,603361,0,0,0.0,0.0
248.350,24835,1,0.0,567930,0,0,0.0,0.0
248.360,24836,1,0.0,588289,0,0,0.0,0.0
248.370,24837,1,0.0,574176,0,0,0.0,0.0
248.380,24838,1,0.0,585535,0,0,0.0,0.0
248.390,24839,1,0.0,566227,0,0,0.0,0.0
248.400,24840,1,0.0,558582,0,0,0.0,0.0
248.410,24841,1,0.0,563201,0,0,0.0,0.0
248.420,24842,1,0.0,558702,0,0,0.0,0.0
248.430,24843,1,0.0,573270,0,0,0.0,0.0
248.440,24844,1,0.0,572042,0,0,0.0,0.0
248.450,24845,1,0.0,551017,0,0,0.0,0.0
248.460,24846,1,0.0,555669,0,0,0.0,0.0
248.470,24847,1,0.0,552223,0,0,0.0,0.0
248.480,24848,1,0.0,567211,0,0,0.0,0.0
248.490,24849,1,0.0,569320,0,0,0.0,0.0
248.500,24850,1,0.0,573633,0,0,0.0,0.0
248.510,24851,1,0.0,542382,0,0,0.0,0.0
248.520,24852,1,0.0,563414,0,0,0.0,0.0
248.530,24853,1,0.0,563017,0,0,0.0,0.0
248.540,24854,1,0.0,538524,0,0,0.0,0.0
248.550,24855,1,0.0,584990,0,0,0.0,0.0
248.560,24856,1,0.0,580974,0,0,0.0,0.0
248.570,24857,1,0.0,556522,0,0,0.0,0.0
248.580,24858,1,0.0,562824,0,0,0.0,0.0
248.590,24859,1,0.0,544199,0,0,0.0,0.0
248.600,24860,1,0.0,573899,0,0,0.0,0.0
248.610,24861,1,0.0,549923,0,0,0.0,0.0
248.620,24862,1,0.0,576582,0,0,0.0,0.0
248.630,24863,1,0.0,569229,0,0,0.0,0.0
248.640,24864,1,0.0,582363,0,0,0.0,0.0
248.650,24865,1,0.0,569527,0,0,0.0,0.0
248.660,24866,1,0.0,566418,0,0,0.0,0.0
248.670,24867,1,0.0,563467,0,0,0.0,0.0
248.680,24868,1,0.0,591100,0,0,0.0,0.0
248.690,24869,1,0.0,609562,0,0,0.0,0.0
248.700,24870,1,0.0,541270,0,0,0.0,0.0
248.710,24871,1,0.0,570147,0,0,0.0,0.0
248.720,24872,1,0.0,565006,0,0,0.0,0.0
248.730,24873,1,0.0,581053,0,0,0.0,0.0
248.740,24874,1,0.0,561848,0,0,0.0,0.0
248.750,24875,1,0.0,576252,0,0,0.0,0.0
248.760,24876,1,0.0,570297,0,0,0.0,0.0
248.770,24877,1,0.0,614920,0,0,0.0,0.0
248.780,24878,1,0.0,591719,0,0,0.0,0.0
248.790,24879,1,0.0,595752,0,0,0.0,0.0
248.800,24880,1,0.0,587804,0,0,0.0,0.0
248.810,24881,1,0.0,587267,0,0,0.0,0.0
248.820,24882,1,0.0,601124,0,0,0.0,0.0
248.830,24883,1,0.0,588261,0,0,0.0,0.0
248.840,24884,1,0.0,567665,0,0,0.0,0.0
248.850,24885,1,0.0,600825,0,0,0.0,0.0
248.860,24886,1,0.0,614189,0,0,0.0,0.0
248.870,24887,1,0.0,544592,0,0,0.0,0.0
248.880,24888,1,0.0,596732,0,0,0.0,0.0
248.890,24889,1,0.0,564212,0,0,0.0,0.0
248.900,24890,1,0.0,572983,0,0,0.0,0.0
248.910,24891,1,0.0,590545,0,0,0.0,0.0
248.920,24892,1,0.0,546647,0,0,0.0,0.0
248.930,24893,1,0.0,572008,0,0,0.0,0.0
248.940,24894,1,0.0,571434,0,0,0.0,0.0
248.950,24895,1,0.0,576237,0,0,0.0,0.0
248.960,24896,1,0.0,559753,0,0,0.0,0.0
248.970,24897,1,0.0,556206,0,0,0.0,0.0
248.980,24898,1,0.0,589521,0,0,0.0,0.0
248.990,24899,1,0.0,552223,0,0,0.0,0.0
249.000,24900,1,0.0,570173,0,0,0.0,0.0
249.010,24901,1,0.0,606242,0,0,0.0,0.0
249.020,24902,1,0.0,577880,0,0,0.0,0.0
249.030,24903,1,0.0,587337,0,0,0.0,0.0
249.040,24904,1,0.0,538650,0,0,0.0,0.0
249.050,24905,1,0.0,583549,0,0,0.0,0.0
249.060,24906,1,0.0,579107,0,0,0.0,0.0
249.070,24907,1,0.0,575167,0,0,0.0,0.0
249.080,24908,1,0.0,569446,0,0,0.0,0.0
249.090,24909,1,0.0,579094,0,0,0.0,0.0
249.100,24910,1,0.0,551558,0,0,0.0,0.0
249.110,24911,1,0.0,587231,0,0,0.0,0.0
249.120,24912,1,0.0,536602,0,0,0.0,0.0
249.130,24913,1,0.0,588990,0,0,0.0,0.0
249.140,24914,1,0.0,569525,0,0,0.0,0.0
249.150,24915,1,0.0,573306,0,0,0.0,0.0
249.160,24916,1,0.0,590530,0,0,0.0,0.0
249.170,24917,1,0.0,571618,0,0,0.0,0.0
249.180,24918,1,0.0,556978,0,0,0.0,0.0
249.190,24919,1,0.0,565929,0,0,0.0,0.0
249.200,24920,1,0.0,628633,0,0,0.0,0.0
249.210,24921,1,0.0,579154,0,0,0.0,0.0
249.220,24922,1,0.0,596980,0,0,0.0,0.0
249.230,24923,1,0.0,597822,0,0,0.0,0.0
249.240,24924,1,0.0,569477,0,0,0.0,0.0
249.250,24925,1,0.0,573174,0,0,0.0,0.0
249.260,24926,1,0.0,560291,0,0,0.0,0.0
249.270,24927,1,0.0,577466,0,0,0.0,0.0
249.280,24928,1,0.0,599733,0,0,0.0,0.0
249.290,24929,1,0.0,597768,0,0,0.0,0.0
249.300,24930,1,0.0,592835,0,0,0.0,0.0
249.310,24931,1,0.0,550972,0,0,0.0,0.0
249.320,24932,1,0.0,579862,0,0,0.0,0.0
249.330,24933,1,0.0,560983,0,0,0.0,0.0
249.340,24934,1,0.0,598645,0,0,0.0,0.0
249.350,24935,1,0.0,563505,0,0,0.0,0.0
249.360,24936,1,0.0,550312,0,0,0.0,0.0
249.370,24937,1,0.0,585145,0,0,0.0,0.0
249.380,24938,1,0.0,609251,0,0,0.0,0.0
249.390,24939,1,0.0,642194,0,0,0.0,0.0
249.400,24940,1,0.0,602488,0,0,0.0,0.0
249.410,24941,1,0.0,570131,0,0,0.0,0.0
249.420,24942,1,0.0,588383,0,0,0.0,0.0
249.430,24943,1,0.0,586097,0,0,0.0,0.0
249.440,24944,1,0.0,578930,0,0,0.0,0.0
249.450,24945,1,0.0,574718,0,0,0.0,0.0
249.460,24946,1,0.0,574750,0,0,0.0,0.0
249.470,24947,1,0.0,573103,0,0,0.0,0.0
249.480,24948,1,0.0,568132,0,0,0.0,0.0
249.490,24949,1,0.0,560016,0,0,0.0,0.0
249.500,24950,1,0.0,599560,0,0,0.0,0.0
249.510,24951,1,0.0,571852,0,0,0.0,0.0
249.520,24952,1,0.0,574672,0,0,0.0,0.0
249.530,24953,1,0.0,532858,0,0,0.0,0.0
249.540,24954,1,0.0,565831,0,0,0.0,0.0
249.550,24955,1,0.0,531812,0,0,0.0,0.0
249.560,24956,1,0.0,543039,0,0,0.0,0.0
249.570,24957,1,0.0,586515,0,0,0.0,0.0
249.580,24958,1,0.0,600063,0,0,0.0,0.0
249.590,24959,1,0.0,613640,0,0,0.0,0.0
249.600,24960,1,0.0,592895,0,0,0.0,0.0
249.610,24961,1,0.0,575835,0,0,0.0,0.0
249.620,24962,1,0.0,574365,0,0,0.0,0.0
249.630,24963,1,0.0,572303,0,0,0.0,0.0
249.640,24964,1,0.0,560723,0,0,0.0,0.0
249.650,24965,1,0.0,552703,0,0,0.0,0.0
249.660,24966,1,0.0,566861,0,0,0.0,0.0
249.670,24967,1,0.0,583844,0,0,0.0,0.0
249.680,24968,1,0.0,571624,0,0,0.0,0.0
249.690,24969,1,0.0,580589,0,0,0.0,0.0
249.700,24970,1,0.0,568647,0,0,0.0,0.0
249.710,24971,1,0.0,588162,0,0,0.0,0.0
249.720,24972,1,0.0,593674,0,0,0.0,0.0
249.730,24973,1,0.0,612412,0,0,0.0,0.0
249.740,24974,1,0.0,611750,0,0,0.0,0.0
249.750,24975,1,0.0,578634,0,0,0.0,0.0
249.760,24976,1,0.0,546691,0,0,0.0,0.0
249.770,24977,1,0.0,590125,0,0,0.0,0.0
249.780,24978,1,0.0,587788,0,0,0.0,0.0
249.790,24979,1,0.0,560884,0,0,0.0,0.0
249.800,24980,1,0.0,569628,0,0,0.0,0.0
249.810,24981,1,0.0,583491,0,0,0.0,0.0
249.820,24982,1,0.0,559490,0,0,0.0,0.0
249.830,24983,1,0.0,585556,0,0,0.0,0.0
249.840,24984,1,0.0,598674,0,0,0.0,0.0
249.850,24985,1,0.0,580284,0,0,0.0,0.0
249.860,24986,1,0.0,613148,0,0,0.0,0.0
249.870,24987,1,0.0,597007,0,0,0.0,0.0
249.880,24988,1,0.0,552080,0,0,0.0,0.0
249.890,24989,1,0.0,573173,0,0,0.0,0.0
249.900,24990,1,0.0,558568,0,0,0.0,0.0
249.910,24991,1,0.0,568425,0,0,0.0,0.0
249.920,24992,1,0.0,562803,0,0,0.0,0.0
249.930,24993,1,0.0,582000,0,0,0.0,0.0
249.940,24994,1,0.0,554280,0,0,0.0,0.0
249.950,24995,1,0.0,584059,0,0,0.0,0.0
249.960,24996,1,0.0,583753,0,0,0.0,0.0
249.970,24997,1,0.0,595877,0,0,0.0,0.0
249.980,24998,1,0.0,624148,0,0,0.0,0.0
249.990,24999,1,0.0,578737,0,0,0.0,0.0
250.000,25000,1,0.0,596659,0,0,0.0,0.0
250.010,25001,1,0.0,579941,0,0,0.0,0.0
250.020,25002,1,0.0,569612,0,0,0.0,0.0
250.030,25003,1,0.0,539612,0,0,0.0,0.0
250.040,25004,1,0.0,536218,0,0,0.0,0.0
250.050,25005,1,0.0,568782,0,0,0.0,0.0
250.060,25006,1,0.0,582803,0,0,0.0,0.0
250.070,25007,1,0.0,575894,0,0,0.0,0.0
250.080,25008,1,0.0,588571,0,0,0.0,0.0
250.090,25009,1,0.0,612557,0,0,0.0,0.0
250.100,25010,1,0.0,583845,0,0,0.0,0.0
250.110,25011,1,0.0,562246,0,0,0.0,0.0
250.120,25012,1,0.0,566736,0,0,0.0,0.0
250.130,25013,1,0.0,568795,0,0,0.0,0.0
250.140,25014,1,0.0,582258,0,0,0.0,0.0
250.150,25015,1,0.0,568580,0,0,0.0,0.0
250.160,25016,1,0.0,594698,0,0,0.0,0.0
250.170,25017,1,0.0,576339,0,0,0.0,0.0
250.180,25018,1,0.0,563654,0,0,0.0,0.0
250.190,25019,1,0.0,563495,0,0,0.0,0.0
250.200,25020,1,0.0,582781,0,0,0.0,0.0
250.210,25021,1,0.0,598796,0,0,0.0,0.0
250.220,25022,1,0.0,619965,0,0,0.0,0.0
250.230,25023,1,0.0,604174,0,0,0.0,0.0
250.240,25024,1,0.0,596121,0,0,0.0,0.0
250.250,25025,1,0.0,568112,0,0,0.0,0.0
250.260,25026,1,0.0,586695,0,0,0.0,0.0
250.270,25027,1,0.0,551460,0,0,0.0,0.0
250.280,25028,1,0.0,583002,0,0,0.0,0.0
250.290,25029,1,0.0,581171,0,0,0.0,0.0
250.300,25030,1,0.0,630376,0,0,0.0,0.0
250.310,25031,1,0.0,577106,0,0,0.0,0.0
250.320,25032,1,0.0,590126,0,0,0.0,0.0
250.330,25033,1,0.0,564480,0,0,0.0,0.0
250.340,25034,1,0.0,586562,0,0,0.0,0.0
250.350,25035,1,0.0,599234,0,0,0.0,0.0
250.360,25036,1,0.0,586536,0,0,0.0,0.0
250.370,25037,1,0.0,587334,0,0,0.0,0.0
250.380,25038,1,0.0,577398,0,0,0.0,0.0
250.390,25039,1,0.0,590855,0,0,0.0,0.0
250.400,25040,1,0.0,570878,0,0,0.0,0.0
250.410,25041,1,0.0,572409,0,0,0.0,0.0
250.420,25042,1,0.0,588079,0,0,0.0,0.0
250.430,25043,1,0.0,596402,0,0,0.0,0.0
250.440,25044,1,0.0,597627,0,0,0.0,0.0
250.450,25045,1,0.0,582574,0,0,0.0,0.0
250.460,25046,1,0.0,592967,0,0,0.0,0.0
250.470,25047,1,0.0,594683,0,0,0.0,0.0
250.480,25048,1,0.0,591606,0,0,0.0,0.0
250.490,25049,1,0.0,641787,0,0,0.0,0.0
250.500,25050,1,0.0,582708,0,0,0.0,0.0
250.510,25051,1,0.0,596682,0,0,0.0,0.0
250.520,25052,1,0.0,585539,0,0,0.0,0.0
250.530,25053,1,0.0,575899,0,0,0.0,0.0
250.540,25054,1,0.0,594825,0,0,0.0,0.0
250.550,25055,1,0.0,561513,0,0,0.0,0.0
250.560,25056,1,0.0,551852,0,0,0.0,0.0
250.570,25057,1,0.0,579966,0,0,0.0,0.0
250.580,25058,1,0.0,597355,0,0,0.0,0.0
250.590,25059,1,0.0,584237,0,0,0.0,0.0
250.600,25060,1,0.0,568183,0,0,0.0,0.0
250.610,25061,1,0.0,587454,0,0,0.0,0.0
250.620,25062,1,0.0,609176,0,0,0.0,0.0
250.630,25063,1,0.0,576105,0,0,0.0,0.0
250.640,25064,1,0.0,591427,0,0,0.0,0.0
250.650,25065,1,0.0,570086,0,0,0.0,0.0
250.660,25066,1,0.0,583780,0,0,0.0,0.0
250.670,25067,1,0.0,567299,0,0,0.0,0.0
250.680,25068,1,0.0,602810,0,0,0.0,0.0
250.690,25069,1,0.0,589915,0,0,0.0,0.0
250.700,25070,1,0.0,570954,0,0,0.0,0.0
250.710,25071,1,0.0,589511,0,0,0.0,0.0
250.720,25072,1,0.0,551128,0,0,0.0,0.0
250.730,25073,1,0.0,568669,0,0,0.0,0.0
250.740,25074,1,0.0,597629,0,0,0.0,0.0
250.750,25075,1,0.0,562962,0,0,0.0,0.0
250.760,25076,1,0.0,577250,0,0,0.0,0.0
250.770,25077,1,0.0,562209,0,0,0.0,0.0
250.780,25078,1,0.0,559199,0,0,0.0,0.0
250.790,25079,1,0.0,586138,0,0,0.0,0.0
250.800,25080,1,0.0,605615,0,0,0.0,0.0
250.810,25081,1,0.0,591074,0,0,0.0,0.0
250.820,25082,1,0.0,575824,0,0,0.0,0.0
250.830,25083,1,0.0,557705,0,0,0.0,0.0
250.840,25084,1,0.0,575504,0,0,0.0,0.0
250.850,25085,1,0.0,543156,0,0,0.0,0.0
250.860,25086,1,0.0,562761,0,0,0.0,0.0
250.870,25087,1,0.0,570055,0,0,0.0,0.0
250.880,25088,1,0.0,577058,0,0,0.0,0.0
250.890,25089,1,0.0,566318,0,0,0.0,0.0
250.900,25090,1,0.0,617779,0,0,0.0,0.0
250.910,25091,1,0.0,587360,0,0,0.0,0.0
250.920,25092,1,0.0,565936,0,0,0.0,0.0
250.930,25093,1,0.0,555955,0,0,0.0,0.0
250.940,25094,1,0.0,562242,0,0,0.0,0.0
250.950,25095,1,0.0,575855,0,0,0.0,0.0
250.960,25096,1,0.0,577487,0,0,0.0,0.0
250.970,25097,1,0.0,576539,0,0,0.0,0.0
250.980,25098,1,0.0,592795,0,0,0.0,0.0
250.990,25099,1,0.0,594797,0,0,0.0,0.0
251.000,25100,1,0.0,576315,0,0,0.0,0.0
251.010,25101,1,0.0,607860,0,0,0.0,0.0
251.020,25102,1,0.0,600734,0,0,0.0,0.0
251.030,25103,1,0.0,567173,0,0,0.0,0.0
